/* Image Width:320 Height:240 */
const static uint16_t image[] = {

		0x56a0,0x56a0,0x56a0,0x56a0,0x56a0,0x56a0,0x56a0,0x56a0,0x56a0,0x56a0,0x56a0,0x56a0,0x56a0,0x56a0,0x56a0,0x56a0,
		0x56a0,0x56a0,0x56a0,0x56a0,0x56a0,0x56a0,0x56a0,0x56a0,0x56a0,0x56a0,0x56a0,0x56a0,0x56a0,0x56a0,0x56a0,0x56a0,
		0x56a0,0x56a0,0x56a0,0x56a0,0x56a0,0x56a0,0x56a0,0x56a0,0x56a0,0x56a0,0x56a0,0x56a0,0x56a0,0x56a0,0x56a0,0x56a0,
		0x56a0,0x56a0,0x56a0,0x56a0,0x56a0,0x56a0,0x56a0,0x56a0,0x56a0,0x56a0,0x56a0,0x56a0,0x56a0,0x56a0,0x56a0,0x56a0,
		0x56a0,0x56a0,0x56a0,0x56a0,0x56a0,0x56a0,0x56a0,0x56a0,0x56a0,0x56a0,0x56a0,0x56a0,0x56a0,0x56a0,0x56a0,0x56a0,
		0x56a0,0x56a0,0x56a0,0x56a0,0x56a0,0x56a0,0x56a0,0x56a0,0x56a0,0x56a0,0x56a0,0x56a0,0x56a0,0x56a0,0x56a0,0x56a0,
		0x56a0,0x56a0,0x56a0,0x56a0,0x56a0,0x56a0,0x56a0,0x56a0,0x56a0,0x56a0,0x56a0,0x56a0,0x56a0,0x56a0,0x56a0,0x56a0,
		0x56a0,0x56a0,0x56a0,0x56a0,0x56a0,0x56a0,0x56a0,0x56a0,0x56a0,0x56a0,0x56a0,0x56a0,0x56a0,0x56a0,0x56a0,0x56a0,
		0x56a0,0x56a0,0x56a0,0x56a0,0x56a0,0x56a0,0x56a0,0x56a0,0x56a0,0x56a0,0x56a0,0x56a0,0x56a0,0x56a0,0x56a0,0x56a0,
		0x56a0,0x56a0,0x56a0,0x56a0,0x56a0,0x56a0,0x56a0,0x56a0,0x56a0,0x56a0,0x56a0,0x56a0,0x56a0,0x56a0,0x56a0,0x56a0,
		0x56a0,0x56a0,0x56a0,0x56a0,0x56a0,0x56a0,0x56a0,0x56a0,0x56a0,0x56a0,0x56a0,0x56a0,0x56a0,0x56a0,0x56a0,0x56a0,
		0x56a0,0x56a0,0x56a0,0x56a0,0x56a0,0x56a0,0x56a0,0x56a0,0x56a0,0x56a0,0x56a0,0x56a0,0x56a0,0x56a0,0x56a0,0x56a0,
		0x56a0,0x56a0,0x56a0,0x56a0,0x56a0,0x56a0,0x56a0,0x56a0,0x56a0,0x56a0,0x56a0,0x56a0,0x56a0,0x56a0,0x56a0,0x56a0,
		0x56a0,0x56a0,0x56a0,0x56a0,0x56a0,0x56a0,0x56a0,0x56a0,0x56a0,0x56a0,0x56a0,0x56a0,0x56a0,0x56a0,0x56a0,0x56a0,
		0x56a0,0x56a0,0x56a0,0x56a0,0x56a0,0x56a0,0x56a0,0x56a0,0x56a0,0x56a0,0x56a0,0x56a0,0x56a0,0x56a0,0x56a0,0x56a0,
		0x56a0,0x56a0,0x56a0,0x56a0,0x56a0,0x56a0,0x56a0,0x56a0,0x56a0,0x56a0,0x56a0,0x56a0,0x56a0,0x56a0,0x56a0,0x56a0,
		0x56a0,0x56a0,0x56a0,0x56a0,0x56a0,0x56a0,0x56a0,0x56a0,0x56a0,0x56a0,0x56a0,0x56a0,0x56a0,0x56a0,0x56a0,0x56a0,
		0x56a0,0x56a0,0x56a0,0x56a0,0x56a0,0x56a0,0x56a0,0x56a0,0x56a0,0x56a0,0x56a0,0x56a0,0x56a0,0x56a0,0x56a0,0x56a0,
		0x56a0,0x56a0,0x56a0,0x56a0,0x56a0,0x56a0,0x56a0,0x56a0,0x56a0,0x56a0,0x56a0,0x56a0,0x56a0,0x56a0,0x56a0,0x56a0,
		0x56a0,0x56a0,0x56a0,0x56a0,0x56a0,0x56a0,0x56a0,0x56a0,0x56a0,0x56a0,0x56a0,0x56a0,0x56a0,0x56a0,0x56a0,0x56a0,
		0x56a0,0x56a0,0x56a0,0x56a0,0x56a0,0x56a0,0x56a0,0x56a0,0x56a0,0x56a0,0x56a0,0x56a0,0x56a0,0x56a0,0x56a0,0x56a0,
		0x56a0,0x56a0,0x56a0,0x56a0,0x56a0,0x56a0,0x56a0,0x56a0,0x56a0,0x56a0,0x56a0,0x56a0,0x56a0,0x56a0,0x56a0,0x56a0,
		0x56a0,0x56a0,0x56a0,0x56a0,0x56a0,0x56a0,0x56a0,0x56a0,0x56a0,0x56a0,0x56a0,0x56a0,0x56a0,0x56a0,0x56a0,0x56a0,
		0x56a0,0x56a0,0x56a0,0x56a0,0x56a0,0x56a0,0x56a0,0x56a0,0x56a0,0x56a0,0x56a0,0x56a0,0x56a0,0x56a0,0x56a0,0x56a0,
		0x56a0,0x56a0,0x56a0,0x56a0,0x56a0,0x56a0,0x56a0,0x56a0,0x56a0,0x56a0,0x56a0,0x56a0,0x56a0,0x56a0,0x56a0,0x56a0,
		0x56a0,0x56a0,0x56a0,0x56a0,0x56a0,0x56a0,0x56a0,0x56a0,0x56a0,0x56a0,0x56a0,0x56a0,0x56a0,0x56a0,0x56a0,0x56a0,
		0x56a0,0x56a0,0x56a0,0x56a0,0x56a0,0x56a0,0x56a0,0x56a0,0x56a0,0x56a0,0x56a0,0x56a0,0x56a0,0x56a0,0x56a0,0x56a0,
		0x56a0,0x56a0,0x56a0,0x56a0,0x56a0,0x56a0,0x56a0,0x56a0,0x56a0,0x56a0,0x56a0,0x56a0,0x56a0,0x56a0,0x56a0,0x56a0,
		0x56a0,0x56a0,0x56a0,0x56a0,0x56a0,0x56a0,0x56a0,0x56a0,0x56a0,0x56a0,0x56a0,0x56a0,0x56a0,0x56a0,0x56a0,0x56a0,
		0x56a0,0x56a0,0x56a0,0x56a0,0x56a0,0x56a0,0x56a0,0x56a0,0x56a0,0x56a0,0x56a0,0x56a0,0x56a0,0x56a0,0x56a0,0x56a0,
		0x56a0,0x56a0,0x56a0,0x56a0,0x56a0,0x56a0,0x56a0,0x56a0,0x56a0,0x56a0,0x56a0,0x56a0,0x56a0,0x56a0,0x56a0,0x56a0,
		0x56a0,0x56a0,0x56a0,0x56a0,0x56a0,0x56a0,0x56a0,0x56a0,0x56a0,0x56a0,0x56a0,0x56a0,0x56a0,0x56a0,0x56a0,0x56a0,
		0x56a0,0x56a0,0x56a0,0x56a0,0x56a0,0x56a0,0x56a0,0x56a0,0x56a0,0x56a0,0x56a0,0x56a0,0x56a0,0x56a0,0x56a0,0x56a0,
		0x56a0,0x56a0,0x56a0,0x56a0,0x56a0,0x56a0,0x56a0,0x56a0,0x56a0,0x56a0,0x56a0,0x56a0,0x56a0,0x56a0,0x56a0,0x56a0,
		0x56a0,0x56a0,0x56a0,0x56a0,0x56a0,0x56a0,0x56a0,0x56a0,0x56a0,0x56a0,0x56a0,0x56a0,0x56a0,0x56a0,0x56a0,0x56a0,
		0x56a0,0x56a0,0x56a0,0x56a0,0x56a0,0x56a0,0x56a0,0x56a0,0x56a0,0x56a0,0x56a0,0x56a0,0x56a0,0x56a0,0x56a0,0x56a0,
		0x56a0,0x56a0,0x56a0,0x56a0,0x56a0,0x56a0,0x56a0,0x56a0,0x56a0,0x56a0,0x56a0,0x56a0,0x56a0,0x56a0,0x56a0,0x56a0,
		0x56a0,0x56a0,0x56a0,0x56a0,0x56a0,0x56a0,0x56a0,0x56a0,0x56a0,0x56a0,0x56a0,0x56a0,0x56a0,0x56a0,0x56a0,0x56a0,
		0x56a0,0x56a0,0x56a0,0x56a0,0x56a0,0x56a0,0x56a0,0x56a0,0x56a0,0x56a0,0x56a0,0x56a0,0x56a0,0x56a0,0x56a0,0x56a0,
		0x56a0,0x56a0,0x56a0,0x56a0,0x56a0,0x56a0,0x56a0,0x56a0,0x56a0,0x56a0,0x56a0,0x56a0,0x56a0,0x56a0,0x56a0,0x56a0,
		0x56a0,0x56a0,0x56a0,0x56a0,0x56a0,0x56a0,0x56a0,0x56a0,0x56a0,0x56a0,0x56a0,0x56a0,0x56a0,0x56a0,0x56a0,0x56a0,
		0x56a0,0x56a0,0x56a0,0x56a0,0x56a0,0x56a0,0x56a0,0x56a0,0x56a0,0x56a0,0x56a0,0x56a0,0x56a0,0x56a0,0x56a0,0x56a0,
		0x56a0,0x56a0,0x56a0,0x56a0,0x56a0,0x56a0,0x56a0,0x56a0,0x56a0,0x56a0,0x56a0,0x56a0,0x56a0,0x56a0,0x56a0,0x56a0,
		0x56a0,0x56a0,0x56a0,0x56a0,0x56a0,0x56a0,0x56a0,0x56a0,0x56a0,0x56a0,0x56a0,0x56a0,0x56a0,0x56a0,0x56a0,0x56a0,
		0x56a0,0x56a0,0x56a0,0x56a0,0x56a0,0x56a0,0x56a0,0x56a0,0x56a0,0x56a0,0x56a0,0x56a0,0x56a0,0x56a0,0x56a0,0x56a0,
		0x56a0,0x56a0,0x56a0,0x56a0,0x56a0,0x56a0,0x56a0,0x56a0,0x56a0,0x56a0,0x56a0,0x56a0,0x56a0,0x56a0,0x56a0,0x56a0,
		0x56a0,0x56a0,0x56a0,0x56a0,0x56a0,0x56a0,0x56a0,0x56a0,0x56a0,0x56a0,0x56a0,0x56a0,0x56a0,0x56a0,0x56a0,0x56a0,
		0x56a0,0x56a0,0x56a0,0x56a0,0x56a0,0x56a0,0x56a0,0x56a0,0x56a0,0x56a0,0x56a0,0x56a0,0x56a0,0x56a0,0x56a0,0x56a0,
		0x56a0,0x56a0,0x56a0,0x56a0,0x56a0,0x56a0,0x56a0,0x56a0,0x56a0,0x56a0,0x56a0,0x56a0,0x56a0,0x56a0,0x56a0,0x56a0,
		0x56a0,0x56a0,0x56a0,0x56a0,0x56a0,0x56a0,0x56a0,0x56a0,0x56a0,0x56a0,0x56a0,0x56a0,0x56a0,0x56a0,0x56a0,0x56a0,
		0x56a0,0x56a0,0x56a0,0x56a0,0x56a0,0x56a0,0x56a0,0x56a0,0x56a0,0x56a0,0x56a0,0x56a0,0x56a0,0x56a0,0x56a0,0x56a0,
		0x56a0,0x56a0,0x56a0,0x56a0,0x56a0,0x56a0,0x56a0,0x56a0,0x56a0,0x56a0,0x56a0,0x56a0,0x56a0,0x56a0,0x56a0,0x56a0,
		0x56a0,0x56a0,0x56a0,0x56a0,0x56a0,0x56a0,0x56a0,0x56a0,0x56a0,0x56a0,0x56a0,0x56a0,0x56a0,0x56a0,0x56a0,0x56a0,
		0x56a0,0x56a0,0x56a0,0x56a0,0x56a0,0x56a0,0x56a0,0x56a0,0x56a0,0x56a0,0x56a0,0x56a0,0x56a0,0x56a0,0x56a0,0x56a0,
		0x56a0,0x56a0,0x56a0,0x56a0,0x56a0,0x56a0,0x56a0,0x56a0,0x56a0,0x56a0,0x56a0,0x56a0,0x56a0,0x56a0,0x56a0,0x56a0,
		0x56a0,0x56a0,0x56a0,0x56a0,0x56a0,0x56a0,0x56a0,0x56a0,0x56a0,0x56a0,0x56a0,0x56a0,0x56a0,0x56a0,0x56a0,0x56a0,
		0x56a0,0x56a0,0x56a0,0x56a0,0x56a0,0x56a0,0x56a0,0x56a0,0x56a0,0x56a0,0x56a0,0x56a0,0x56a0,0x56a0,0x56a0,0x56a0,
		0x56a0,0x56a0,0x56a0,0x56a0,0x56a0,0x56a0,0x56a0,0x56a0,0x56a0,0x56a0,0x56a0,0x56a0,0x56a0,0x56a0,0x56a0,0x56a0,
		0x56a0,0x56a0,0x56a0,0x56a0,0x56a0,0x56a0,0x56a0,0x56a0,0x56a0,0x56a0,0x56a0,0x56a0,0x56a0,0x56a0,0x56a0,0x56a0,
		0x56a0,0x56a0,0x56a0,0x56a0,0x56a0,0x56a0,0x56a0,0x56a0,0x56a0,0x56a0,0x56a0,0x56a0,0x56a0,0x56a0,0x56a0,0x56a0,
		0x56a0,0x56a0,0x56a0,0x56a0,0x56a0,0x56a0,0x56a0,0x56a0,0x56a0,0x56a0,0x56a0,0x56a0,0x56a0,0x56a0,0x56a0,0x56a0,
		0x56a0,0x56a0,0x56a0,0x56a0,0x56a0,0x56a0,0x56a0,0x56a0,0x56a0,0x56a0,0x56a0,0x56a0,0x56a0,0x56a0,0x56a0,0x56a0,
		0x56a0,0x56a0,0x56a0,0x56a0,0x56a0,0x56a0,0x56a0,0x56a0,0x56a0,0x56a0,0x56a0,0x56a0,0x56a0,0x56a0,0x56a0,0x56a0,
		0x56a0,0x56a0,0x56a0,0x56a0,0x56a0,0x56a0,0x56a0,0x56a0,0x56a0,0x56a0,0x56a0,0x56a0,0x56a0,0x56a0,0x56a0,0x56a0,
		0x56a0,0x56a0,0x56a0,0x56a0,0x56a0,0x56a0,0x56a0,0x56a0,0x56a0,0x56a0,0x56a0,0x56a0,0x56a0,0x56a0,0x56a0,0x56a0,
		0x56a0,0x56a0,0x56a0,0x56a0,0x56a0,0x56a0,0x56a0,0x56a0,0x56a0,0x56a0,0x56a0,0x56a0,0x56a0,0x56a0,0x56a0,0x56a0,
		0x56a0,0x56a0,0x56a0,0x56a0,0x56a0,0x56a0,0x56a0,0x56a0,0x56a0,0x56a0,0x56a0,0x56a0,0x56a0,0x56a0,0x56a0,0x56a0,
		0x56a0,0x56a0,0x56a0,0x56a0,0x56a0,0x56a0,0x56a0,0x56a0,0x56a0,0x56a0,0x56a0,0x56a0,0x56a0,0x56a0,0x56a0,0x56a0,
		0x56a0,0x56a0,0x56a0,0x56a0,0x56a0,0x56a0,0x56a0,0x56a0,0x56a0,0x56a0,0x56a0,0x56a0,0x56a0,0x56a0,0x56a0,0x56a0,
		0x56a0,0x56a0,0x56a0,0x56a0,0x56a0,0x56a0,0x56a0,0x56a0,0x56a0,0x56a0,0x56a0,0x56a0,0x56a0,0x56a0,0x56a0,0x56a0,
		0x56a0,0x56a0,0x56a0,0x56a0,0x56a0,0x56a0,0x56a0,0x56a0,0x56a0,0x56a0,0x56a0,0x56a0,0x56a0,0x56a0,0x56a0,0x56a0,
		0x56a0,0x56a0,0x56a0,0x56a0,0x56a0,0x56a0,0x56a0,0x56a0,0x56a0,0x56a0,0x56a0,0x56a0,0x56a0,0x56a0,0x56a0,0x56a0,
		0x56a0,0x56a0,0x56a0,0x56a0,0x56a0,0x56a0,0x56a0,0x56a0,0x56a0,0x56a0,0x56a0,0x56a0,0x56a0,0x56a0,0x56a0,0x56a0,
		0x56a0,0x56a0,0x56a0,0x56a0,0x56a0,0x56a0,0x56a0,0x56a0,0x56a0,0x56a0,0x56a0,0x56a0,0x56a0,0x56a0,0x56a0,0x56a0,
		0x56a0,0x56a0,0x56a0,0x56a0,0x56a0,0x56a0,0x56a0,0x56a0,0x56a0,0x56a0,0x56a0,0x56a0,0x56a0,0x56a0,0x56a0,0x56a0,
		0x56a0,0x56a0,0x56a0,0x56a0,0x56a0,0x56a0,0x56a0,0x56a0,0x56a0,0x56a0,0x56a0,0x56a0,0x56a0,0x56a0,0x56a0,0x56a0,
		0x56a0,0x56a0,0x56a0,0x56a0,0x56a0,0x56a0,0x56a0,0x56a0,0x56a0,0x56a0,0x56a0,0x56a0,0x56a0,0x56a0,0x56a0,0x56a0,
		0x56a0,0x56a0,0x56a0,0x56a0,0x56a0,0x56a0,0x56a0,0x56a0,0x56a0,0x56a0,0x56a0,0x56a0,0x56a0,0x56a0,0x56a0,0x56a0,
		0x56a0,0x56a0,0x56a0,0x56a0,0x56a0,0x56a0,0x56a0,0x56a0,0x56a0,0x56a0,0x56a0,0x56a0,0x56a0,0x56a0,0x56a0,0x56a0,
		0x56a0,0x56a0,0x56a0,0x56a0,0x56a0,0x56a0,0x56a0,0x56a0,0x56a0,0x56a0,0x56a0,0x56a0,0x56a0,0x56a0,0x56a0,0x56a0,
		0x56a0,0x56a0,0x56a0,0x56a0,0x56a0,0x56a0,0x56a0,0x56a0,0x56a0,0x56a0,0x56a0,0x56a0,0x56a0,0x56a0,0x56a0,0x56a0,
		0x56a0,0x56a0,0x56a0,0x56a0,0x56a0,0x56a0,0x56a0,0x56a0,0x56a0,0x56a0,0x56a0,0x56a0,0x56a0,0x56a0,0x56a0,0x56a0,
		0x56a0,0x56a0,0x56a0,0x56a0,0x56a0,0x56a0,0x56a0,0x56a0,0x56a0,0x56a0,0x56a0,0x56a0,0x56a0,0x56a0,0x56a0,0x56a0,
		0x56a0,0x56a0,0x56a0,0x56a0,0x56a0,0x56a0,0x56a0,0x56a0,0x56a0,0x56a0,0x56a0,0x56a0,0x56a0,0x56a0,0x56a0,0x56a0,
		0x56a0,0x56a0,0x56a0,0x56a0,0x56a0,0x56a0,0x56a0,0x56a0,0x56a0,0x56a0,0x56a0,0x56a0,0x56a0,0x56a0,0x56a0,0x56a0,
		0x56a0,0x56a0,0x56a0,0x56a0,0x56a0,0x56a0,0x56a0,0x56a0,0x56a0,0x56a0,0x56a0,0x56a0,0x56a0,0x56a0,0x56a0,0x56a0,
		0x56a0,0x56a0,0x56a0,0x56a0,0x56a0,0x56a0,0x56a0,0x56a0,0x56a0,0x56a0,0x56a0,0x56a0,0x56a0,0x56a0,0x56a0,0x56a0,
		0x56a0,0x56a0,0x56a0,0x56a0,0x56a0,0x56a0,0x56a0,0x56a0,0x56a0,0x56a0,0x56a0,0x56a0,0x56a0,0x56a0,0x56a0,0x56a0,
		0x56a0,0x56a0,0x56a0,0x56a0,0x56a0,0x56a0,0x56a0,0x56a0,0x56a0,0x56a0,0x56a0,0x56a0,0x56a0,0x56a0,0x56a0,0x56a0,
		0x56a0,0x56a0,0x56a0,0x56a0,0x56a0,0x56a0,0x56a0,0x56a0,0x56a0,0x56a0,0x56a0,0x56a0,0x56a0,0x56a0,0x56a0,0x56a0,
		0x56a0,0x56a0,0x56a0,0x56a0,0x56a0,0x56a0,0x56a0,0x56a0,0x56a0,0x56a0,0x56a0,0x56a0,0x56a0,0x56a0,0x56a0,0x56a0,
		0x56a0,0x56a0,0x56a0,0x56a0,0x56a0,0x56a0,0x56a0,0x56a0,0x56a0,0x56a0,0x56a0,0x56a0,0x56a0,0x56a0,0x56a0,0x56a0,
		0x56a0,0x56a0,0x56a0,0x56a0,0x56a0,0x56a0,0x56a0,0x56a0,0x56a0,0x56a0,0x56a0,0x56a0,0x56a0,0x56a0,0x56a0,0x56a0,
		0x56a0,0x56a0,0x56a0,0x56a0,0x56a0,0x56a0,0x56a0,0x56a0,0x56a0,0x56a0,0x56a0,0x56a0,0x56a0,0x56a0,0x56a0,0x56a0,
		0x56a0,0x56a0,0x56a0,0x56a0,0x56a0,0x56a0,0x56a0,0x56a0,0x56a0,0x56a0,0x56a0,0x56a0,0x56a0,0x56a0,0x56a0,0x56a0,
		0x56a0,0x56a0,0x56a0,0x56a0,0x56a0,0x56a0,0x56a0,0x56a0,0x56a0,0x56a0,0x56a0,0x56a0,0x56a0,0x56a0,0x56a0,0x56a0,
		0x56a0,0x56a0,0x56a0,0x56a0,0x56a0,0x56a0,0x56a0,0x56a0,0x56a0,0x56a0,0x56a0,0x56a0,0x56a0,0x56a0,0x56a0,0x56a0,
		0x56a0,0x56a0,0x56a0,0x56a0,0x56a0,0x56a0,0x56a0,0x56a0,0x56a0,0x56a0,0x56a0,0x56a0,0x56a0,0x56a0,0x56a0,0x56a0,
		0x56a0,0x56a0,0x56a0,0x56a0,0x56a0,0x56a0,0x56a0,0x56a0,0x56a0,0x56a0,0x56a0,0x56a0,0x56a0,0x56a0,0x56a0,0x56a0,
		0x56a0,0x56a0,0x56a0,0x56a0,0x56a0,0x56a0,0x56a0,0x56a0,0x56a0,0x56a0,0x56a0,0x56a0,0x56a0,0x56a0,0x56a0,0x56a0,
		0x56a0,0x56a0,0x56a0,0x56a0,0x56a0,0x56a0,0x56a0,0x56a0,0x56a0,0x56a0,0x56a0,0x56a0,0x56a0,0x56a0,0x56a0,0x56a0,
		0x56a0,0x56a0,0x56a0,0x56a0,0x56a0,0x56a0,0x56a0,0x56a0,0x56a0,0x56a0,0x56a0,0x56a0,0x56a0,0x56a0,0x56a0,0x56a0,
		0x56a0,0x56a0,0x56a0,0x56a0,0x56a0,0x56a0,0x56a0,0x56a0,0x56a0,0x56a0,0x56a0,0x56a0,0x56a0,0x56a0,0x56a0,0x56a0,
		0x56a0,0x56a0,0x56a0,0x56a0,0x56a0,0x56a0,0x56a0,0x56a0,0x56a0,0x56a0,0x56a0,0x56a0,0x56a0,0x56a0,0x56a0,0x56a0,
		0x56a0,0x56a0,0x56a0,0x56a0,0x56a0,0x56a0,0x56a0,0x56a0,0x56a0,0x56a0,0x56a0,0x56a0,0x56a0,0x56a0,0x56a0,0x56a0,
		0x56a0,0x56a0,0x56a0,0x56a0,0x56a0,0x56a0,0x56a0,0x56a0,0x56a0,0x56a0,0x56a0,0x56a0,0x56a0,0x56a0,0x56a0,0x56a0,
		0x56a0,0x56a0,0x56a0,0x56a0,0x56a0,0x56a0,0x56a0,0x56a0,0x56a0,0x56a0,0x56a0,0x56a0,0x56a0,0x56a0,0x56a0,0x56a0,
		0x56a0,0x56a0,0x56a0,0x56a0,0x56a0,0x56a0,0x56a0,0x56a0,0x56a0,0x56a0,0x56a0,0x56a0,0x56a0,0x56a0,0x56a0,0x56a0,
		0x56a0,0x56a0,0x56a0,0x56a0,0x56a0,0x56a0,0x56a0,0x56a0,0x56a0,0x56a0,0x56a0,0x56a0,0x56a0,0x56a0,0x56a0,0x56a0,
		0x56a0,0x56a0,0x56a0,0x56a0,0x56a0,0x56a0,0x56a0,0x56a0,0x56a0,0x56a0,0x56a0,0x56a0,0x56a0,0x56a0,0x56a0,0x56a0,
		0x56a0,0x56a0,0x56a0,0x56a0,0x56a0,0x56a0,0x56a0,0x56a0,0x56a0,0x56a0,0x56a0,0x56a0,0x56a0,0x56a0,0x56a0,0x56a0,
		0x56a0,0x56a0,0x56a0,0x56a0,0x56a0,0x56a0,0x56a0,0x56a0,0x56a0,0x56a0,0x56a0,0x56a0,0x56a0,0x56a0,0x56a0,0x56a0,
		0x56a0,0x56a0,0x56a0,0x56a0,0x56a0,0x56a0,0x56a0,0x56a0,0x56a0,0x56a0,0x56a0,0x56a0,0x56a0,0x56a0,0x56a0,0x56a0,
		0x56a0,0x56a0,0x56a0,0x56a0,0x56a0,0x56a0,0x56a0,0x56a0,0x56a0,0x56a0,0x56a0,0x56a0,0x56a0,0x56a0,0x56a0,0x56a0,
		0x56a0,0x56a0,0x56a0,0x56a0,0x56a0,0x56a0,0x56a0,0x56a0,0x56a0,0x56a0,0x56a0,0x56a0,0x56a0,0x56a0,0x56a0,0x56a0,
		0x56a0,0x56a0,0x56a0,0x56a0,0x56a0,0x56a0,0x56a0,0x56a0,0x56a0,0x56a0,0x56a0,0x56a0,0x56a0,0x56a0,0x56a0,0x56a0,
		0x56a0,0x56a0,0x56a0,0x56a0,0x56a0,0x56a0,0x56a0,0x56a0,0x56a0,0x56a0,0x56a0,0x56a0,0x56a0,0x56a0,0x56a0,0x56a0,
		0x56a0,0x56a0,0x56a0,0x56a0,0x56a0,0x56a0,0x56a0,0x56a0,0x56a0,0x56a0,0x56a0,0x56a0,0x56a0,0x56a0,0x56a0,0x56a0,
		0x56a0,0x56a0,0x56a0,0x56a0,0x56a0,0x56a0,0x56a0,0x56a0,0x56a0,0x56a0,0x56a0,0x56a0,0x56a0,0x56a0,0x56a0,0x56a0,
		0x56a0,0x56a0,0x56a0,0x56a0,0x56a0,0x56a0,0x56a0,0x56a0,0x56a0,0x56a0,0x56a0,0x56a0,0x56a0,0x56a0,0x56a0,0x56a0,
		0x56a0,0x56a0,0x56a0,0x56a0,0x56a0,0x56a0,0x56a0,0x56a0,0x56a0,0x56a0,0x56a0,0x56a0,0x56a0,0x56a0,0x56a0,0x56a0,
		0x56a0,0x56a0,0x56a0,0x56a0,0x56a0,0x56a0,0x56a0,0x56a0,0x56a0,0x56a0,0x56a0,0x56a0,0x56a0,0x56a0,0x56a0,0x56a0,
		0x56a0,0x56a0,0x56a0,0x56a0,0x56a0,0x56a0,0x56a0,0x56a0,0x56a0,0x56a0,0x56a0,0x56a0,0x56a0,0x56a0,0x56a0,0x56a0,
		0x56a0,0x56a0,0x56a0,0x56a0,0x56a0,0x56a0,0x56a0,0x56a0,0x56a0,0x56a0,0x56a0,0x56a0,0x56a0,0x56a0,0x56a0,0x56a0,
		0x56a0,0x56a0,0x56a0,0x56a0,0x56a0,0x56a0,0x56a0,0x56a0,0x56a0,0x56a0,0x56a0,0x56a0,0x56a0,0x56a0,0x56a0,0x56a0,
		0x56a0,0x56a0,0x56a0,0x56a0,0x56a0,0x56a0,0x56a0,0x56a0,0x56a0,0x56a0,0x56a0,0x56a0,0x56a0,0x56a0,0x56a0,0x56a0,
		0x56a0,0x56a0,0x56a0,0x56a0,0x56a0,0x56a0,0x56a0,0x56a0,0x56a0,0x56a0,0x56a0,0x56a0,0x56a0,0x56a0,0x56a0,0x56a0,
		0x56a0,0x56a0,0x56a0,0x56a0,0x56a0,0x56a0,0x56a0,0x56a0,0x56a0,0x56a0,0x56a0,0x56a0,0x56a0,0x56a0,0x56a0,0x56a0,
		0x56a0,0x56a0,0x56a0,0x56a0,0x56a0,0x56a0,0x56a0,0x56a0,0x56a0,0x56a0,0x56a0,0x56a0,0x56a0,0x56a0,0x56a0,0x56a0,
		0x56a0,0x56a0,0x56a0,0x56a0,0x56a0,0x56a0,0x56a0,0x56a0,0x56a0,0x56a0,0x56a0,0x56a0,0x56a0,0x56a0,0x56a0,0x56a0,
		0x56a0,0x56a0,0x56a0,0x56a0,0x56a0,0x56a0,0x56a0,0x56a0,0x56a0,0x56a0,0x56a0,0x56a0,0x56a0,0x56a0,0x56a0,0x56a0,
		0x56a0,0x56a0,0x56a0,0x56a0,0x56a0,0x56a0,0x56a0,0x56a0,0x56a0,0x56a0,0x56a0,0x56a0,0x56a0,0x56a0,0x56a0,0x56a0,
		0x56a0,0x56a0,0x56a0,0x56a0,0x56a0,0x56a0,0x56a0,0x56a0,0x56a0,0x56a0,0x56a0,0x56a0,0x56a0,0x56a0,0x56a0,0x56a0,
		0x56a0,0x56a0,0x56a0,0x56a0,0x56a0,0x56a0,0x56a0,0x56a0,0x56a0,0x56a0,0x56a0,0x56a0,0x56a0,0x56a0,0x56a0,0x56a0,
		0x56a0,0x56a0,0x56a0,0x56a0,0x56a0,0x56a0,0x56a0,0x56a0,0x56a0,0x56a0,0x56a0,0x56a0,0x56a0,0x56a0,0x56a0,0x56a0,
		0x56a0,0x56a0,0x56a0,0x56a0,0x56a0,0x56a0,0x56a0,0x56a0,0x56a0,0x56a0,0x56a0,0x56a0,0x56a0,0x56a0,0x56a0,0x56a0,
		0x56a0,0x56a0,0x56a0,0x56a0,0x56a0,0x56a0,0x56a0,0x56a0,0x56a0,0x56a0,0x56a0,0x56a0,0x56a0,0x56a0,0x56a0,0x56a0,
		0x56a0,0x56a0,0x56a0,0x56a0,0x56a0,0x56a0,0x56a0,0x56a0,0x56a0,0x56a0,0x56a0,0x56a0,0x56a0,0x56a0,0x56a0,0x56a0,
		0x56a0,0x56a0,0x56a0,0x56a0,0x56a0,0x56a0,0x56a0,0x56a0,0x56a0,0x56a0,0x56a0,0x56a0,0x56a0,0x56a0,0x56a0,0x56a0,
		0x56a0,0x56a0,0x56a0,0x56a0,0x56a0,0x56a0,0x56a0,0x56a0,0x56a0,0x56a0,0x56a0,0x56a0,0x56a0,0x56a0,0x56a0,0x56a0,
		0x56a0,0x56a0,0x56a0,0x56a0,0x56a0,0x56a0,0x56a0,0x56a0,0x56a0,0x56a0,0x56a0,0x56a0,0x56a0,0x56a0,0x56a0,0x56a0,
		0x56a0,0x56a0,0x56a0,0x56a0,0x56a0,0x56a0,0x56a0,0x56a0,0x56a0,0x56a0,0x56a0,0x56a0,0x56a0,0x56a0,0x56a0,0x56a0,
		0x56a0,0x56a0,0x56a0,0x56a0,0x56a0,0x56a0,0x56a0,0x56a0,0x56a0,0x56a0,0x56a0,0x56a0,0x56a0,0x56a0,0x56a0,0x56a0,
		0x56a0,0x56a0,0x56a0,0x56a0,0x56a0,0x56a0,0x56a0,0x56a0,0x56a0,0x56a0,0x56a0,0x56a0,0x56a0,0x56a0,0x56a0,0x56a0,
		0x56a0,0x56a0,0x56a0,0x56a0,0x56a0,0x56a0,0x56a0,0x56a0,0x56a0,0x56a0,0x56a0,0x56a0,0x56a0,0x56a0,0x56a0,0x56a0,
		0x56a0,0x56a0,0x56a0,0x56a0,0x56a0,0x56a0,0x56a0,0x56a0,0x56a0,0x56a0,0x56a0,0x56a0,0x56a0,0x56a0,0x56a0,0x56a0,
		0x56a0,0x56a0,0x56a0,0x56a0,0x56a0,0x56a0,0x56a0,0x56a0,0x56a0,0x56a0,0x56a0,0x56a0,0x56a0,0x56a0,0x56a0,0x56a0,
		0x56a0,0x56a0,0x56a0,0x56a0,0x56a0,0x56a0,0x56a0,0x56a0,0x56a0,0x56a0,0x56a0,0x56a0,0x56a0,0x56a0,0x56a0,0x56a0,
		0x56a0,0x56a0,0x56a0,0x56a0,0x56a0,0x56a0,0x56a0,0x56a0,0x56a0,0x56a0,0x56a0,0x56a0,0x56a0,0x56a0,0x56a0,0x56a0,
		0x56a0,0x56a0,0x56a0,0x56a0,0x56a0,0x56a0,0x56a0,0x56a0,0x56a0,0x56a0,0x56a0,0x56a0,0x56a0,0x56a0,0x56a0,0x56a0,
		0x56a0,0x56a0,0x56a0,0x56a0,0x56a0,0x56a0,0x56a0,0x56a0,0x56a0,0x56a0,0x56a0,0x56a0,0x56a0,0x56a0,0x56a0,0x56a0,
		0x56a0,0x56a0,0x56a0,0x56a0,0x56a0,0x56a0,0x56a0,0x56a0,0x56a0,0x56a0,0x56a0,0x56a0,0x56a0,0x56a0,0x56a0,0x56a0,
		0x56a0,0x56a0,0x56a0,0x56a0,0x56a0,0x56a0,0x56a0,0x56a0,0x56a0,0x56a0,0x56a0,0x56a0,0x56a0,0x56a0,0x56a0,0x56a0,
		0x56a0,0x56a0,0x56a0,0x56a0,0x56a0,0x56a0,0x56a0,0x56a0,0x56a0,0x56a0,0x56a0,0x56a0,0x56a0,0x56a0,0x56a0,0x56a0,
		0x56a0,0x56a0,0x56a0,0x56a0,0x56a0,0x56a0,0x56a0,0x56a0,0x56a0,0x56a0,0x56a0,0x56a0,0x56a0,0x56a0,0x56a0,0x56a0,
		0x56a0,0x56a0,0x56a0,0x56a0,0x56a0,0x56a0,0x56a0,0x56a0,0x56a0,0x56a0,0x56a0,0x56a0,0x56a0,0x56a0,0x56a0,0x56a0,
		0x56a0,0x56a0,0x56a0,0x56a0,0x56a0,0x56a0,0x56a0,0x56a0,0x56a0,0x56a0,0x56a0,0x56a0,0x56a0,0x56a0,0x56a0,0x56a0,
		0x56a0,0x56a0,0x56a0,0x56a0,0x56a0,0x56a0,0x56a0,0x56a0,0x56a0,0x56a0,0x56a0,0x56a0,0x56a0,0x56a0,0x56a0,0x56a0,
		0x56a0,0x56a0,0x56a0,0x56a0,0x56a0,0x56a0,0x56a0,0x56a0,0x56a0,0x56a0,0x56a0,0x56a0,0x56a0,0x56a0,0x56a0,0x56a0,
		0x56a0,0x56a0,0x56a0,0x56a0,0x56a0,0x56a0,0x56a0,0x56a0,0x56a0,0x56a0,0x56a0,0x56a0,0x56a0,0x56a0,0x56a0,0x56a0,
		0x56a0,0x56a0,0x56a0,0x56a0,0x56a0,0x56a0,0x56a0,0x56a0,0x56a0,0x56a0,0x56a0,0x56a0,0x56a0,0x56a0,0x56a0,0x56a0,
		0x56a0,0x56a0,0x56a0,0x56a0,0x56a0,0x56a0,0x56a0,0x56a0,0x56a0,0x56a0,0x56a0,0x56a0,0x56a0,0x56a0,0x56a0,0x56a0,
		0x56a0,0x56a0,0x56a0,0x56a0,0x56a0,0x56a0,0x56a0,0x56a0,0x56a0,0x56a0,0x56a0,0x56a0,0x56a0,0x56a0,0x56a0,0x56a0,
		0x56a0,0x56a0,0x56a0,0x56a0,0x56a0,0x56a0,0x56a0,0x56a0,0x56a0,0x56a0,0x56a0,0x56a0,0x56a0,0x56a0,0x56a0,0x56a0,
		0x56a0,0x56a0,0x56a0,0x56a0,0x56a0,0x56a0,0x56a0,0x56a0,0x56a0,0x56a0,0x56a0,0x56a0,0x56a0,0x56a0,0x56a0,0x56a0,
		0x56a0,0x56a0,0x56a0,0x56a0,0x56a0,0x56a0,0x56a0,0x56a0,0x56a0,0x56a0,0x56a0,0x56a0,0x56a0,0x56a0,0x56a0,0x56a0,
		0x56a0,0x56a0,0x56a0,0x56a0,0x56a0,0x56a0,0x56a0,0x56a0,0x56a0,0x56a0,0x56a0,0x56a0,0x56a0,0x56a0,0x56a0,0x56a0,
		0x56a0,0x56a0,0x56a0,0x56a0,0x56a0,0x56a0,0x56a0,0x56a0,0x56a0,0x56a0,0x56a0,0x56a0,0x56a0,0x56a0,0x56a0,0x56a0,
		0x56a0,0x56a0,0x56a0,0x56a0,0x56a0,0x56a0,0x56a0,0x56a0,0x56a0,0x56a0,0x56a0,0x56a0,0x56a0,0x56a0,0x56a0,0x56a0,
		0x56a0,0x56a0,0x56a0,0x56a0,0x56a0,0x56a0,0x56a0,0x56a0,0x56a0,0x56a0,0x56a0,0x56a0,0x56a0,0x56a0,0x56a0,0x56a0,
		0x56a0,0x56a0,0x56a0,0x56a0,0x56a0,0x56a0,0x56a0,0x56a0,0x56a0,0x56a0,0x56a0,0x56a0,0x56a0,0x56a0,0x56a0,0x56a0,
		0x56a0,0x56a0,0x56a0,0x56a0,0x56a0,0x56a0,0x56a0,0x56a0,0x56a0,0x56a0,0x56a0,0x56a0,0x56a0,0x56a0,0x56a0,0x56a0,
		0x56a0,0x56a0,0x56a0,0x56a0,0x56a0,0x56a0,0x56a0,0x56a0,0x56a0,0x56a0,0x56a0,0x56a0,0x56a0,0x56a0,0x56a0,0x56a0,
		0x56a0,0x56a0,0x56a0,0x56a0,0x56a0,0x56a0,0x56a0,0x56a0,0x56a0,0x56a0,0x56a0,0x56a0,0x56a0,0x56a0,0x56a0,0x56a0,
		0x56a0,0x56a0,0x56a0,0x56a0,0x56a0,0x56a0,0x56a0,0x56a0,0x56a0,0x56a0,0x56a0,0x56a0,0x56a0,0x56a0,0x56a0,0x56a0,
		0x56a0,0x56a0,0x56a0,0x56a0,0x56a0,0x56a0,0x56a0,0x56a0,0x56a0,0x56a0,0x56a0,0x56a0,0x56a0,0x56a0,0x56a0,0x56a0,
		0x56a0,0x56a0,0x56a0,0x56a0,0x56a0,0x56a0,0x56a0,0x56a0,0x56a0,0x56a0,0x56a0,0x56a0,0x56a0,0x56a0,0x56a0,0x56a0,
		0x56a0,0x56a0,0x56a0,0x56a0,0x56a0,0x56a0,0x56a0,0x56a0,0x56a0,0x56a0,0x56a0,0x56a0,0x56a0,0x56a0,0x56a0,0x56a0,
		0x56a0,0x56a0,0x56a0,0x56a0,0x56a0,0x56a0,0x56a0,0x56a0,0x56a0,0x56a0,0x56a0,0x56a0,0x56a0,0x56a0,0x56a0,0x56a0,
		0x56a0,0x56a0,0x56a0,0x56a0,0x56a0,0x56a0,0x56a0,0x56a0,0x56a0,0x56a0,0x56a0,0x56a0,0x56a0,0x56a0,0x56a0,0x56a0,
		0x56a0,0x56a0,0x56a0,0x56a0,0x56a0,0x56a0,0x56a0,0x56a0,0x56a0,0x56a0,0x56a0,0x56a0,0x56a0,0x56a0,0x56a0,0x56a0,
		0x56a0,0x56a0,0x56a0,0x56a0,0x56a0,0x56a0,0x56a0,0x56a0,0x56a0,0x56a0,0x56a0,0x56a0,0x56a0,0x56a0,0x56a0,0x56a0,
		0x56a0,0x56a0,0x56a0,0x56a0,0x56a0,0x56a0,0x56a0,0x56a0,0x56a0,0x56a0,0x56a0,0x56a0,0x56a0,0x56a0,0x56a0,0x56a0,
		0x56a0,0x56a0,0x56a0,0x56a0,0x56a0,0x56a0,0x56a0,0x56a0,0x56a0,0x56a0,0x56a0,0x56a0,0x56a0,0x56a0,0x56a0,0x56a0,
		0x56a0,0x56a0,0x56a0,0x56a0,0x56a0,0x56a0,0x56a0,0x56a0,0x56a0,0x56a0,0x56a0,0x56a0,0x56a0,0x56a0,0x56a0,0x56a0,
		0x56a0,0x56a0,0x56a0,0x56a0,0x56a0,0x56a0,0x56a0,0x56a0,0x56a0,0x56a0,0x56a0,0x56a0,0x56a0,0x56a0,0x56a0,0x56a0,
		0x56a0,0x56a0,0x56a0,0x56a0,0x56a0,0x56a0,0x56a0,0x56a0,0x56a0,0x56a0,0x56a0,0x56a0,0x56a0,0x56a0,0x56a0,0x56a0,
		0x56a0,0x56a0,0x56a0,0x56a0,0x56a0,0x56a0,0x56a0,0x56a0,0x56a0,0x56a0,0x56a0,0x56a0,0x56a0,0x56a0,0x56a0,0x56a0,
		0x56a0,0x56a0,0x56a0,0x56a0,0x56a0,0x56a0,0x56a0,0x56a0,0x56a0,0x56a0,0x56a0,0x56a0,0x56a0,0x56a0,0x56a0,0x56a0,
		0x56a0,0x56a0,0x56a0,0x56a0,0x56a0,0x56a0,0x56a0,0x56a0,0x56a0,0x56a0,0x56a0,0x56a0,0x56a0,0x56a0,0x56a0,0x56a0,
		0x56a0,0x56a0,0x56a0,0x56a0,0x56a0,0x56a0,0x56a0,0x56a0,0x56a0,0x56a0,0x56a0,0x56a0,0x56a0,0x56a0,0x56a0,0x56a0,
		0x56a0,0x56a0,0x56a0,0x56a0,0x56a0,0x56a0,0x56a0,0x56a0,0x56a0,0x56a0,0x56a0,0x56a0,0x56a0,0x56a0,0x56a0,0x56a0,
		0x56a0,0x56a0,0x56a0,0x56a0,0x56a0,0x56a0,0x56a0,0x56a0,0x56a0,0x56a0,0x56a0,0x56a0,0x56a0,0x56a0,0x56a0,0x56a0,
		0x56a0,0x56a0,0x56a0,0x56a0,0x56a0,0x56a0,0x56a0,0x56a0,0x56a0,0x56a0,0x56a0,0x56a0,0x56a0,0x56a0,0x56a0,0x56a0,
		0x56a0,0x56a0,0x56a0,0x56a0,0x56a0,0x56a0,0x56a0,0x56a0,0x56a0,0x56a0,0x56a0,0x56a0,0x56a0,0x56a0,0x56a0,0x56a0,
		0x56a0,0x56a0,0x56a0,0x56a0,0x56a0,0x56a0,0x56a0,0x56a0,0x56a0,0x56a0,0x56a0,0x56a0,0x56a0,0x56a0,0x56a0,0x56a0,
		0x56a0,0x56a0,0x56a0,0x56a0,0x56a0,0x56a0,0x56a0,0x56a0,0x56a0,0x56a0,0x56a0,0x56a0,0x56a0,0x56a0,0x56a0,0x56a0,
		0x56a0,0x56a0,0x56a0,0x56a0,0x56a0,0x56a0,0x56a0,0x56a0,0x56a0,0x56a0,0x56a0,0x56a0,0x56a0,0x56a0,0x56a0,0x56a0,
		0x56a0,0x56a0,0x56a0,0x56a0,0x56a0,0x56a0,0x56a0,0x56a0,0x56a0,0x56a0,0x56a0,0x56a0,0x56a0,0x56a0,0x56a0,0x56a0,
		0x56a0,0x56a0,0x56a0,0x56a0,0x56a0,0x56a0,0x56a0,0x56a0,0x56a0,0x56a0,0x56a0,0x56a0,0x56a0,0x56a0,0x56a0,0x56a0,
		0x56a0,0x56a0,0x56a0,0x56a0,0x56a0,0x56a0,0x56a0,0x56a0,0x56a0,0x56a0,0x56a0,0x56a0,0x56a0,0x56a0,0x56a0,0x56a0,
		0x56a0,0x56a0,0x56a0,0x56a0,0x56a0,0x56a0,0x56a0,0x56a0,0x56a0,0x56a0,0x56a0,0x56a0,0x56a0,0x56a0,0x56a0,0x56a0,
		0x56a0,0x56a0,0x56a0,0x56a0,0x56a0,0x56a0,0x56a0,0x56a0,0x56a0,0x56a0,0x56a0,0x56a0,0x56a0,0x56a0,0x56a0,0x56a0,
		0x56a0,0x56a0,0x56a0,0x56a0,0x56a0,0x56a0,0x56a0,0x56a0,0x56a0,0x56a0,0x56a0,0x56a0,0x56a0,0x56a0,0x56a0,0x56a0,
		0x56a0,0x56a0,0x56a0,0x56a0,0x56a0,0x56a0,0x56a0,0x56a0,0x56a0,0x56a0,0x56a0,0x56a0,0x56a0,0x56a0,0x56a0,0x56a0,
		0x56a0,0x56a0,0x56a0,0x56a0,0x56a0,0x56a0,0x56a0,0x56a0,0x56a0,0x56a0,0x56a0,0x56a0,0x56a0,0x56a0,0x56a0,0x56a0,
		0x56a0,0x56a0,0x56a0,0x56a0,0x56a0,0x56a0,0x56a0,0x56a0,0x56a0,0x56a0,0x56a0,0x56a0,0x56a0,0x56a0,0x56a0,0x56a0,
		0x56a0,0x56a0,0x56a0,0x56a0,0x56a0,0x56a0,0x56a0,0x56a0,0x56a0,0x56a0,0x56a0,0x56a0,0x56a0,0x56a0,0x56a0,0x56a0,
		0x56a0,0x56a0,0x56a0,0x56a0,0x56a0,0x56a0,0x56a0,0x56a0,0x56a0,0x56a0,0x56a0,0x56a0,0x56a0,0x56a0,0x56a0,0x56a0,
		0x56a0,0x56a0,0x56a0,0x56a0,0x56a0,0x56a0,0x56a0,0x56a0,0x56a0,0x56a0,0x56a0,0x56a0,0x56a0,0x56a0,0x56a0,0x56a0,
		0x56a0,0x56a0,0x56a0,0x56a0,0x56a0,0x56a0,0x56a0,0x56a0,0x56a0,0x56a0,0x56a0,0x56a0,0x56a0,0x56a0,0x56a0,0x56a0,
		0x56a0,0x56a0,0x56a0,0x56a0,0x56a0,0x56a0,0x56a0,0x56a0,0x56a0,0x56a0,0x56a0,0x56a0,0x56a0,0x56a0,0x56a0,0x56a0,
		0x56a0,0x56a0,0x56a0,0x56a0,0x56a0,0x56a0,0x56a0,0x56a0,0x56a0,0x56a0,0x56a0,0x56a0,0x56a0,0x56a0,0x56a0,0x56a0,
		0x56a0,0x56a0,0x56a0,0x56a0,0x56a0,0x56a0,0x56a0,0x56a0,0x56a0,0x56a0,0x56a0,0x56a0,0x56a0,0x56a0,0x56a0,0x56a0,
		0x56a0,0x56a0,0x56a0,0x56a0,0x56a0,0x56a0,0x56a0,0x56a0,0x56a0,0x56a0,0x56a0,0x56a0,0x56a0,0x56a0,0x56a0,0x56a0,
		0x56a0,0x56a0,0x56a0,0x56a0,0x56a0,0x56a0,0x56a0,0x56a0,0x56a0,0x56a0,0x56a0,0x56a0,0x56a0,0x56a0,0x56a0,0x56a0,
		0x56a0,0x56a0,0x56a0,0x56a0,0x56a0,0x56a0,0x56a0,0x56a0,0x56a0,0x56a0,0x56a0,0x56a0,0x56a0,0x56a0,0x56a0,0x56a0,
		0x56a0,0x56a0,0x56a0,0x56a0,0x56a0,0x56a0,0x56a0,0x56a0,0x56a0,0x56a0,0x56a0,0x56a0,0x56a0,0x56a0,0x56a0,0x56a0,
		0x56a0,0x56a0,0x56a0,0x56a0,0x56a0,0x56a0,0x56a0,0x56a0,0x56a0,0x56a0,0x56a0,0x56a0,0x56a0,0x56a0,0x56a0,0x56a0,
		0x56a0,0x56a0,0x56a0,0x56a0,0x56a0,0x56a0,0x56a0,0x56a0,0x56a0,0x56a0,0x56a0,0x56a0,0x56a0,0x56a0,0x56a0,0x56a0,
		0x56a0,0x56a0,0x56a0,0x56a0,0x56a0,0x56a0,0x56a0,0x56a0,0x56a0,0x56a0,0x56a0,0x56a0,0x56a0,0x56a0,0x56a0,0x56a0,
		0x56a0,0x56a0,0x56a0,0x56a0,0x56a0,0x56a0,0x56a0,0x56a0,0x56a0,0x56a0,0x56a0,0x56a0,0x56a0,0x56a0,0x56a0,0x56a0,
		0x56a0,0x56a0,0x56a0,0x56a0,0x56a0,0x56a0,0x56a0,0x56a0,0x56a0,0x56a0,0x56a0,0x56a0,0x56a0,0x56a0,0x56a0,0x56a0,
		0x56a0,0x56a0,0x56a0,0x56a0,0x56a0,0x56a0,0x56a0,0x56a0,0x56a0,0x56a0,0x56a0,0x56a0,0x56a0,0x56a0,0x56a0,0x56a0,
		0x56a0,0x56a0,0x56a0,0x56a0,0x56a0,0x56a0,0x56a0,0x56a0,0x56a0,0x56a0,0x56a0,0x56a0,0x56a0,0x56a0,0x56a0,0x56a0,
		0x56a0,0x56a0,0x56a0,0x56a0,0x56a0,0x56a0,0x56a0,0x56a0,0x56a0,0x56a0,0x56a0,0x56a0,0x56a0,0x56a0,0x56a0,0x56a0,
		0x56a0,0x56a0,0x56a0,0x56a0,0x56a0,0x56a0,0x56a0,0x56a0,0x56a0,0x56a0,0x56a0,0x56a0,0x56a0,0x56a0,0x56a0,0x56a0,
		0x56a0,0x56a0,0x56a0,0x56a0,0x56a0,0x56a0,0x56a0,0x56a0,0x56a0,0x56a0,0x56a0,0x56a0,0x56a0,0x56a0,0x56a0,0x56a0,
		0x56a0,0x56a0,0x56a0,0x56a0,0x56a0,0x56a0,0x56a0,0x56a0,0x56a0,0x56a0,0x56a0,0x56a0,0x56a0,0x56a0,0x56a0,0x56a0,
		0x56a0,0x56a0,0x56a0,0x56a0,0x56a0,0x56a0,0x56a0,0x56a0,0x56a0,0x56a0,0x56a0,0x56a0,0x56a0,0x56a0,0x56a0,0x56a0,
		0x56a0,0x56a0,0x56a0,0x56a0,0x56a0,0x56a0,0x56a0,0x56a0,0x56a0,0x56a0,0x56a0,0x56a0,0x56a0,0x56a0,0x56a0,0x56a0,
		0x56a0,0x56a0,0x56a0,0x56a0,0x56a0,0x56a0,0x56a0,0x56a0,0x56a0,0x56a0,0x56a0,0x56a0,0x56a0,0x56a0,0x56a0,0x56a0,
		0x56a0,0x56a0,0x56a0,0x56a0,0x56a0,0x56a0,0x56a0,0x56a0,0x56a0,0x56a0,0x56a0,0x56a0,0x56a0,0x56a0,0x56a0,0x56a0,
		0x56a0,0x56a0,0x56a0,0x56a0,0x56a0,0x56a0,0x56a0,0x56a0,0x56a0,0x56a0,0x56a0,0x56a0,0x56a0,0x56a0,0x56a0,0x56a0,
		0x56a0,0x56a0,0x56a0,0x56a0,0x56a0,0x56a0,0x56a0,0x56a0,0x56a0,0x56a0,0x56a0,0x56a0,0x56a0,0x56a0,0x56a0,0x56a0,
		0x56a0,0x56a0,0x56a0,0x56a0,0x56a0,0x56a0,0x56a0,0x56a0,0x56a0,0x56a0,0x56a0,0x56a0,0x56a0,0x56a0,0x56a0,0x56a0,
		0x56a0,0x56a0,0x56a0,0x56a0,0x56a0,0x56a0,0x56a0,0x56a0,0x56a0,0x56a0,0x56a0,0x56a0,0x56a0,0x56a0,0x56a0,0x56a0,
		0x56a0,0x56a0,0x56a0,0x56a0,0x56a0,0x56a0,0x56a0,0x56a0,0x56a0,0x56a0,0x56a0,0x56a0,0x56a0,0x56a0,0x56a0,0x56a0,
		0x56a0,0x56a0,0x56a0,0x56a0,0x56a0,0x56a0,0x56a0,0x56a0,0x56a0,0x56a0,0x56a0,0x56a0,0x56a0,0x56a0,0x56a0,0x56a0,
		0x56a0,0x56a0,0x56a0,0x56a0,0x56a0,0x56a0,0x56a0,0x56a0,0x56a0,0x56a0,0x56a0,0x56a0,0x56a0,0x56a0,0x56a0,0x56a0,
		0x56a0,0x56a0,0x56a0,0x56a0,0x56a0,0x56a0,0x56a0,0x56a0,0x56a0,0x56a0,0x56a0,0x56a0,0x56a0,0x56a0,0x56a0,0x56a0,
		0x56a0,0x56a0,0x56a0,0x56a0,0x56a0,0x56a0,0x56a0,0x5641,0x4585,0x4507,0x3c8a,0x3c6a,0x3ca9,0x4507,0x5641,0x56a0,
		0x56a0,0x56a0,0x56a0,0x56a0,0x56a0,0x56a0,0x56a0,0x56a0,0x56a0,0x56a0,0x56a0,0x56a0,0x56a0,0x56a0,0x56a0,0x56a0,
		0x56a0,0x56a0,0x4de3,0x4565,0x3ce8,0x3c6a,0x3cc8,0x4526,0x4dc3,0x56a0,0x56a0,0x56a0,0x56a0,0x56a0,0x56a0,0x56a0,
		0x56a0,0x56a0,0x56a0,0x56a0,0x56a0,0x56a0,0x56a0,0x56a0,0x56a0,0x56a0,0x56a0,0x56a0,0x56a0,0x56a0,0x56a0,0x56a0,
		0x56a0,0x56a0,0x56a0,0x56a0,0x56a0,0x56a0,0x56a0,0x56a0,0x56a0,0x56a0,0x56a0,0x56a0,0x56a0,0x56a0,0x56a0,0x56a0,
		0x56a0,0x56a0,0x56a0,0x56a0,0x56a0,0x56a0,0x56a0,0x56a0,0x56a0,0x56a0,0x56a0,0x56a0,0x56a0,0x56a0,0x56a0,0x56a0,
		0x56a0,0x56a0,0x56a0,0x56a0,0x56a0,0x56a0,0x56a0,0x56a0,0x56a0,0x56a0,0x56a0,0x56a0,0x56a0,0x56a0,0x56a0,0x56a0,
		0x56a0,0x56a0,0x56a0,0x56a0,0x56a0,0x56a0,0x56a0,0x56a0,0x56a0,0x56a0,0x56a0,0x56a0,0x56a0,0x56a0,0x56a0,0x56a0,
		0x56a0,0x56a0,0x56a0,0x56a0,0x56a0,0x56a0,0x56a0,0x56a0,0x56a0,0x56a0,0x56a0,0x56a0,0x56a0,0x56a0,0x56a0,0x56a0,
		0x56a0,0x56a0,0x56a0,0x56a0,0x56a0,0x56a0,0x56a0,0x56a0,0x56a0,0x56a0,0x56a0,0x56a0,0x56a0,0x56a0,0x56a0,0x56a0,
		0x56a0,0x56a0,0x56a0,0x56a0,0x56a0,0x56a0,0x56a0,0x56a0,0x56a0,0x56a0,0x56a0,0x56a0,0x56a0,0x56a0,0x56a0,0x56a0,
		0x56a0,0x56a0,0x56a0,0x56a0,0x56a0,0x56a0,0x56a0,0x56a0,0x56a0,0x56a0,0x56a0,0x56a0,0x56a0,0x56a0,0x56a0,0x56a0,
		0x56a0,0x56a0,0x56a0,0x56a0,0x56a0,0x56a0,0x56a0,0x56a0,0x56a0,0x56a0,0x56a0,0x56a0,0x56a0,0x56a0,0x56a0,0x56a0,
		0x56a0,0x56a0,0x56a0,0x56a0,0x56a0,0x56a0,0x56a0,0x56a0,0x56a0,0x56a0,0x56a0,0x56a0,0x56a0,0x56a0,0x56a0,0x56a0,
		0x56a0,0x56a0,0x56a0,0x56a0,0x56a0,0x56a0,0x56a0,0x56a0,0x56a0,0x56a0,0x56a0,0x56a0,0x56a0,0x56a0,0x56a0,0x56a0,
		0x56a0,0x56a0,0x56a0,0x56a0,0x56a0,0x56a0,0x56a0,0x56a0,0x56a0,0x56a0,0x56a0,0x56a0,0x56a0,0x56a0,0x56a0,0x56a0,
		0x56a0,0x56a0,0x56a0,0x56a0,0x56a0,0x56a0,0x56a0,0x56a0,0x56a0,0x56a0,0x56a0,0x56a0,0x56a0,0x56a0,0x56a0,0x56a0,
		0x56a0,0x56a0,0x56a0,0x56a0,0x56a0,0x56a0,0x56a0,0x56a0,0x56a0,0x56a0,0x56a0,0x56a0,0x56a0,0x56a0,0x56a0,0x56a0,
		0x56a0,0x56a0,0x56a0,0x56a0,0x56a0,0x56a0,0x56a0,0x56a0,0x56a0,0x56a0,0x56a0,0x56a0,0x56a0,0x56a0,0x56a0,0x56a0,
		0x56a0,0x56a0,0x56a0,0x56a0,0x56a0,0x56a0,0x56a0,0x56a0,0x56a0,0x56a0,0x56a0,0x56a0,0x56a0,0x56a0,0x56a0,0x56a0,
		0x56a0,0x56a0,0x56a0,0x56a0,0x3c89,0x1a54,0x091b,0x001f,0x001f,0x001f,0x001f,0x001f,0x001f,0x001f,0x001f,0x1a35,
		0x4e22,0x56a0,0x56a0,0x56a0,0x56a0,0x56a0,0x56a0,0x56a0,0x56a0,0x56a0,0x56a0,0x56a0,0x56a0,0x56a0,0x56a0,0x56a0,
		0x33cd,0x08db,0x001f,0x001f,0x001f,0x001f,0x001f,0x001f,0x001f,0x08fb,0x22f1,0x4e22,0x56a0,0x56a0,0x56a0,0x56a0,
		0x56a0,0x56a0,0x56a0,0x56a0,0x56a0,0x56a0,0x56a0,0x56a0,0x56a0,0x56a0,0x56a0,0x56a0,0x56a0,0x56a0,0x56a0,0x56a0,
		0x56a0,0x56a0,0x56a0,0x56a0,0x56a0,0x56a0,0x56a0,0x56a0,0x56a0,0x56a0,0x56a0,0x56a0,0x56a0,0x56a0,0x56a0,0x56a0,
		0x56a0,0x56a0,0x56a0,0x56a0,0x56a0,0x56a0,0x56a0,0x56a0,0x56a0,0x56a0,0x56a0,0x56a0,0x56a0,0x56a0,0x56a0,0x56a0,
		0x56a0,0x56a0,0x56a0,0x56a0,0x56a0,0x56a0,0x56a0,0x56a0,0x56a0,0x56a0,0x56a0,0x56a0,0x56a0,0x56a0,0x56a0,0x56a0,
		0x56a0,0x56a0,0x56a0,0x56a0,0x56a0,0x56a0,0x56a0,0x56a0,0x56a0,0x56a0,0x56a0,0x56a0,0x56a0,0x56a0,0x5680,0x4507,
		0x2b8f,0x2293,0x11b8,0x08db,0x11b7,0x4da4,0x56a0,0x56a0,0x56a0,0x56a0,0x56a0,0x56a0,0x56a0,0x56a0,0x56a0,0x56a0,
		0x56a0,0x56a0,0x56a0,0x56a0,0x56a0,0x56a0,0x56a0,0x56a0,0x56a0,0x56a0,0x56a0,0x56a0,0x56a0,0x56a0,0x56a0,0x56a0,
		0x56a0,0x56a0,0x56a0,0x56a0,0x56a0,0x56a0,0x56a0,0x56a0,0x56a0,0x5680,0x4585,0x340c,0x2b30,0x1a54,0x1198,0x091b,
		0x22d2,0x5680,0x56a0,0x56a0,0x56a0,0x56a0,0x56a0,0x56a0,0x56a0,0x56a0,0x56a0,0x4da4,0x344b,0x2b11,0x19f6,0x1178,
		0x091a,0x2b8f,0x56a0,0x56a0,0x56a0,0x56a0,0x56a0,0x56a0,0x56a0,0x56a0,0x56a0,0x56a0,0x56a0,0x56a0,0x56a0,0x56a0,
		0x56a0,0x56a0,0x56a0,0x56a0,0x56a0,0x56a0,0x56a0,0x56a0,0x56a0,0x56a0,0x56a0,0x56a0,0x56a0,0x56a0,0x56a0,0x56a0,
		0x56a0,0x56a0,0x56a0,0x56a0,0x56a0,0x56a0,0x56a0,0x56a0,0x56a0,0x56a0,0x56a0,0x56a0,0x56a0,0x56a0,0x56a0,0x56a0,
		0x56a0,0x56a0,0x56a0,0x56a0,0x56a0,0x56a0,0x56a0,0x56a0,0x56a0,0x56a0,0x56a0,0x56a0,0x56a0,0x56a0,0x56a0,0x56a0,
		0x56a0,0x56a0,0x56a0,0x56a0,0x56a0,0x56a0,0x56a0,0x56a0,0x56a0,0x56a0,0x56a0,0x56a0,0x56a0,0x56a0,0x56a0,0x56a0,
		0x56a0,0x56a0,0x56a0,0x56a0,0x56a0,0x56a0,0x56a0,0x56a0,0x56a0,0x56a0,0x56a0,0x56a0,0x56a0,0x56a0,0x56a0,0x56a0,
		0x56a0,0x56a0,0x56a0,0x56a0,0x56a0,0x56a0,0x56a0,0x56a0,0x56a0,0x56a0,0x56a0,0x56a0,0x56a0,0x56a0,0x56a0,0x56a0,
		0x56a0,0x56a0,0x56a0,0x56a0,0x56a0,0x56a0,0x56a0,0x56a0,0x56a0,0x56a0,0x56a0,0x56a0,0x56a0,0x56a0,0x56a0,0x56a0,
		0x56a0,0x56a0,0x56a0,0x2b30,0x001f,0x001f,0x001f,0x001f,0x001f,0x001f,0x001f,0x001f,0x001f,0x001f,0x001f,0x001f,
		0x1a54,0x56a0,0x56a0,0x56a0,0x56a0,0x56a0,0x56a0,0x56a0,0x56a0,0x56a0,0x56a0,0x56a0,0x56a0,0x56a0,0x56a0,0x2b30,
		0x001f,0x001f,0x001f,0x001f,0x001f,0x001f,0x001f,0x001f,0x001f,0x001f,0x001f,0x093a,0x5680,0x56a0,0x56a0,0x56a0,
		0x56a0,0x56a0,0x56a0,0x56a0,0x56a0,0x56a0,0x56a0,0x56a0,0x56a0,0x56a0,0x56a0,0x56a0,0x56a0,0x56a0,0x56a0,0x56a0,
		0x56a0,0x56a0,0x56a0,0x56a0,0x56a0,0x56a0,0x56a0,0x56a0,0x56a0,0x56a0,0x56a0,0x56a0,0x56a0,0x56a0,0x56a0,0x56a0,
		0x56a0,0x56a0,0x56a0,0x56a0,0x56a0,0x56a0,0x56a0,0x56a0,0x56a0,0x56a0,0x56a0,0x56a0,0x56a0,0x56a0,0x56a0,0x56a0,
		0x56a0,0x56a0,0x56a0,0x56a0,0x56a0,0x56a0,0x56a0,0x56a0,0x56a0,0x56a0,0x56a0,0x56a0,0x56a0,0x56a0,0x56a0,0x56a0,
		0x56a0,0x56a0,0x56a0,0x56a0,0x56a0,0x56a0,0x56a0,0x56a0,0x56a0,0x56a0,0x5680,0x4526,0x2b6f,0x11d7,0x005e,0x001f,
		0x001f,0x001f,0x001f,0x001f,0x001f,0x22b2,0x56a0,0x56a0,0x56a0,0x56a0,0x56a0,0x56a0,0x56a0,0x56a0,0x56a0,0x56a0,
		0x56a0,0x56a0,0x56a0,0x56a0,0x56a0,0x56a0,0x56a0,0x56a0,0x56a0,0x56a0,0x56a0,0x56a0,0x56a0,0x56a0,0x56a0,0x56a0,
		0x56a0,0x56a0,0x56a0,0x56a0,0x56a0,0x56a0,0x4da4,0x2b6f,0x19f6,0x007d,0x001f,0x001f,0x001f,0x001f,0x001f,0x001f,
		0x001f,0x4507,0x56a0,0x56a0,0x56a0,0x56a0,0x56a0,0x5680,0x3ca9,0x2274,0x08bc,0x001f,0x001f,0x001f,0x001f,0x001f,
		0x001f,0x08fb,0x56a0,0x56a0,0x56a0,0x56a0,0x56a0,0x56a0,0x56a0,0x56a0,0x56a0,0x56a0,0x56a0,0x56a0,0x56a0,0x56a0,
		0x56a0,0x56a0,0x56a0,0x56a0,0x56a0,0x56a0,0x56a0,0x56a0,0x56a0,0x56a0,0x56a0,0x56a0,0x56a0,0x56a0,0x56a0,0x56a0,
		0x56a0,0x56a0,0x56a0,0x56a0,0x56a0,0x56a0,0x56a0,0x56a0,0x56a0,0x56a0,0x56a0,0x56a0,0x56a0,0x56a0,0x56a0,0x56a0,
		0x56a0,0x56a0,0x56a0,0x56a0,0x56a0,0x56a0,0x56a0,0x56a0,0x56a0,0x56a0,0x56a0,0x56a0,0x56a0,0x56a0,0x56a0,0x56a0,
		0x56a0,0x56a0,0x56a0,0x56a0,0x56a0,0x56a0,0x56a0,0x56a0,0x56a0,0x56a0,0x56a0,0x56a0,0x56a0,0x56a0,0x56a0,0x56a0,
		0x56a0,0x56a0,0x56a0,0x56a0,0x56a0,0x56a0,0x56a0,0x56a0,0x56a0,0x56a0,0x56a0,0x56a0,0x56a0,0x56a0,0x56a0,0x56a0,
		0x56a0,0x56a0,0x56a0,0x56a0,0x56a0,0x56a0,0x56a0,0x56a0,0x56a0,0x56a0,0x56a0,0x56a0,0x56a0,0x56a0,0x56a0,0x56a0,
		0x56a0,0x56a0,0x56a0,0x56a0,0x56a0,0x56a0,0x56a0,0x56a0,0x56a0,0x56a0,0x56a0,0x56a0,0x56a0,0x56a0,0x56a0,0x56a0,
		0x56a0,0x56a0,0x5661,0x003f,0x001f,0x001f,0x001f,0x001f,0x001f,0x001f,0x001f,0x001f,0x001f,0x001f,0x001f,0x001f,
		0x001f,0x44e8,0x56a0,0x56a0,0x56a0,0x56a0,0x56a0,0x56a0,0x56a0,0x56a0,0x56a0,0x56a0,0x56a0,0x56a0,0x3ce8,0x001f,
		0x001f,0x001f,0x001f,0x001f,0x001f,0x001f,0x001f,0x001f,0x001f,0x001f,0x001f,0x001f,0x4566,0x56a0,0x56a0,0x56a0,
		0x56a0,0x56a0,0x56a0,0x56a0,0x56a0,0x56a0,0x56a0,0x56a0,0x56a0,0x56a0,0x56a0,0x56a0,0x56a0,0x56a0,0x56a0,0x56a0,
		0x56a0,0x56a0,0x56a0,0x56a0,0x56a0,0x56a0,0x56a0,0x56a0,0x56a0,0x56a0,0x56a0,0x56a0,0x56a0,0x56a0,0x56a0,0x56a0,
		0x56a0,0x56a0,0x56a0,0x56a0,0x56a0,0x56a0,0x56a0,0x56a0,0x56a0,0x56a0,0x56a0,0x56a0,0x56a0,0x56a0,0x56a0,0x56a0,
		0x56a0,0x56a0,0x56a0,0x56a0,0x56a0,0x56a0,0x56a0,0x56a0,0x56a0,0x56a0,0x56a0,0x56a0,0x56a0,0x56a0,0x56a0,0x56a0,
		0x56a0,0x56a0,0x56a0,0x56a0,0x56a0,0x56a0,0x56a0,0x56a0,0x5680,0x33ec,0x08db,0x001f,0x001f,0x001f,0x001f,0x001f,
		0x001f,0x001f,0x001f,0x001f,0x001f,0x1a35,0x56a0,0x56a0,0x56a0,0x56a0,0x56a0,0x56a0,0x56a0,0x56a0,0x56a0,0x56a0,
		0x56a0,0x56a0,0x56a0,0x56a0,0x56a0,0x56a0,0x56a0,0x56a0,0x56a0,0x56a0,0x56a0,0x56a0,0x56a0,0x56a0,0x56a0,0x56a0,
		0x56a0,0x56a0,0x56a0,0x56a0,0x4526,0x11b8,0x001f,0x001f,0x001f,0x001f,0x001f,0x001f,0x001f,0x001f,0x001f,0x001f,
		0x001f,0x342b,0x56a0,0x56a0,0x56a0,0x5661,0x33ae,0x08bc,0x001f,0x001f,0x001f,0x001f,0x001f,0x001f,0x001f,0x001f,
		0x001f,0x091b,0x56a0,0x56a0,0x56a0,0x56a0,0x56a0,0x56a0,0x56a0,0x56a0,0x56a0,0x56a0,0x56a0,0x56a0,0x56a0,0x56a0,
		0x56a0,0x56a0,0x56a0,0x56a0,0x56a0,0x56a0,0x56a0,0x56a0,0x56a0,0x56a0,0x56a0,0x56a0,0x56a0,0x56a0,0x56a0,0x56a0,
		0x56a0,0x56a0,0x56a0,0x56a0,0x56a0,0x56a0,0x56a0,0x56a0,0x56a0,0x56a0,0x56a0,0x56a0,0x56a0,0x56a0,0x56a0,0x56a0,
		0x56a0,0x56a0,0x56a0,0x56a0,0x56a0,0x56a0,0x56a0,0x56a0,0x56a0,0x56a0,0x56a0,0x56a0,0x56a0,0x56a0,0x56a0,0x56a0,
		0x56a0,0x56a0,0x56a0,0x56a0,0x56a0,0x56a0,0x56a0,0x56a0,0x56a0,0x56a0,0x56a0,0x56a0,0x56a0,0x56a0,0x56a0,0x56a0,
		0x56a0,0x56a0,0x56a0,0x56a0,0x56a0,0x56a0,0x56a0,0x56a0,0x56a0,0x56a0,0x56a0,0x56a0,0x56a0,0x56a0,0x56a0,0x56a0,
		0x56a0,0x56a0,0x56a0,0x56a0,0x56a0,0x56a0,0x56a0,0x56a0,0x56a0,0x56a0,0x56a0,0x56a0,0x56a0,0x56a0,0x56a0,0x56a0,
		0x56a0,0x56a0,0x56a0,0x56a0,0x56a0,0x56a0,0x56a0,0x56a0,0x56a0,0x56a0,0x56a0,0x56a0,0x56a0,0x56a0,0x56a0,0x56a0,
		0x56a0,0x56a0,0x5680,0x009d,0x001f,0x001f,0x001f,0x001f,0x001f,0x001f,0x001f,0x001f,0x001f,0x001f,0x001f,0x001f,
		0x001f,0x1179,0x5680,0x56a0,0x56a0,0x56a0,0x56a0,0x56a0,0x56a0,0x56a0,0x56a0,0x56a0,0x56a0,0x5680,0x093a,0x001f,
		0x001f,0x001f,0x001f,0x001f,0x001f,0x001f,0x001f,0x001f,0x001f,0x001f,0x001f,0x003f,0x4e03,0x56a0,0x56a0,0x56a0,
		0x56a0,0x56a0,0x56a0,0x56a0,0x56a0,0x56a0,0x56a0,0x56a0,0x56a0,0x56a0,0x56a0,0x56a0,0x56a0,0x56a0,0x56a0,0x56a0,
		0x56a0,0x56a0,0x56a0,0x56a0,0x56a0,0x56a0,0x56a0,0x56a0,0x56a0,0x56a0,0x56a0,0x56a0,0x56a0,0x56a0,0x56a0,0x56a0,
		0x56a0,0x56a0,0x56a0,0x56a0,0x56a0,0x56a0,0x56a0,0x56a0,0x56a0,0x56a0,0x56a0,0x56a0,0x56a0,0x56a0,0x56a0,0x56a0,
		0x56a0,0x56a0,0x56a0,0x56a0,0x56a0,0x56a0,0x56a0,0x56a0,0x56a0,0x56a0,0x56a0,0x56a0,0x56a0,0x56a0,0x56a0,0x56a0,
		0x56a0,0x56a0,0x56a0,0x56a0,0x56a0,0x56a0,0x56a0,0x56a0,0x2311,0x001f,0x001f,0x001f,0x001f,0x001f,0x001f,0x001f,
		0x001f,0x001f,0x001f,0x001f,0x001f,0x1a35,0x56a0,0x56a0,0x56a0,0x56a0,0x56a0,0x56a0,0x56a0,0x56a0,0x56a0,0x56a0,
		0x56a0,0x56a0,0x56a0,0x56a0,0x56a0,0x56a0,0x56a0,0x56a0,0x56a0,0x56a0,0x56a0,0x56a0,0x56a0,0x56a0,0x56a0,0x56a0,
		0x56a0,0x56a0,0x56a0,0x33ed,0x001f,0x001f,0x001f,0x001f,0x001f,0x001f,0x001f,0x001f,0x001f,0x001f,0x001f,0x001f,
		0x001f,0x3c8a,0x56a0,0x56a0,0x4dc4,0x093a,0x001f,0x001f,0x001f,0x001f,0x001f,0x001f,0x001f,0x001f,0x001f,0x001f,
		0x001f,0x113a,0x56a0,0x56a0,0x56a0,0x56a0,0x56a0,0x56a0,0x56a0,0x56a0,0x56a0,0x56a0,0x56a0,0x56a0,0x56a0,0x56a0,
		0x56a0,0x56a0,0x56a0,0x56a0,0x56a0,0x56a0,0x56a0,0x56a0,0x56a0,0x56a0,0x56a0,0x56a0,0x56a0,0x56a0,0x56a0,0x56a0,
		0x56a0,0x56a0,0x56a0,0x56a0,0x56a0,0x56a0,0x56a0,0x56a0,0x56a0,0x56a0,0x56a0,0x56a0,0x56a0,0x56a0,0x56a0,0x56a0,
		0x56a0,0x56a0,0x56a0,0x56a0,0x56a0,0x56a0,0x56a0,0x56a0,0x56a0,0x56a0,0x56a0,0x56a0,0x56a0,0x56a0,0x56a0,0x56a0,
		0x56a0,0x56a0,0x56a0,0x56a0,0x56a0,0x56a0,0x56a0,0x56a0,0x56a0,0x56a0,0x56a0,0x56a0,0x56a0,0x56a0,0x56a0,0x56a0,
		0x56a0,0x56a0,0x5660,0x2b6f,0x1198,0x1159,0x1159,0x3c8a,0x56a0,0x56a0,0x56a0,0x56a0,0x56a0,0x56a0,0x56a0,0x56a0,
		0x56a0,0x56a0,0x56a0,0x56a0,0x56a0,0x56a0,0x56a0,0x56a0,0x56a0,0x56a0,0x56a0,0x56a0,0x56a0,0x56a0,0x56a0,0x56a0,
		0x56a0,0x56a0,0x56a0,0x56a0,0x56a0,0x56a0,0x56a0,0x56a0,0x56a0,0x56a0,0x56a0,0x56a0,0x56a0,0x56a0,0x56a0,0x56a0,
		0x56a0,0x56a0,0x56a0,0x4507,0x08db,0x001f,0x001f,0x001f,0x001f,0x001f,0x001f,0x001f,0x001f,0x001f,0x001f,0x001f,
		0x001f,0x001f,0x3c6a,0x56a0,0x56a0,0x56a0,0x56a0,0x56a0,0x56a0,0x56a0,0x56a0,0x56a0,0x56a0,0x344b,0x001f,0x001f,
		0x001f,0x001f,0x001f,0x001f,0x001f,0x001f,0x001f,0x001f,0x001f,0x001f,0x003e,0x3ca9,0x56a0,0x56a0,0x56a0,0x56a0,
		0x56a0,0x56a0,0x56a0,0x56a0,0x56a0,0x56a0,0x56a0,0x56a0,0x56a0,0x56a0,0x56a0,0x56a0,0x56a0,0x56a0,0x56a0,0x56a0,
		0x56a0,0x56a0,0x56a0,0x56a0,0x56a0,0x56a0,0x56a0,0x56a0,0x56a0,0x56a0,0x56a0,0x56a0,0x56a0,0x56a0,0x56a0,0x56a0,
		0x56a0,0x56a0,0x56a0,0x56a0,0x56a0,0x56a0,0x56a0,0x56a0,0x56a0,0x56a0,0x56a0,0x56a0,0x56a0,0x56a0,0x56a0,0x56a0,
		0x56a0,0x56a0,0x56a0,0x56a0,0x56a0,0x56a0,0x56a0,0x56a0,0x56a0,0x56a0,0x56a0,0x56a0,0x56a0,0x56a0,0x56a0,0x56a0,
		0x56a0,0x56a0,0x56a0,0x56a0,0x56a0,0x56a0,0x56a0,0x56a0,0x08db,0x001f,0x001f,0x001f,0x001f,0x001f,0x001f,0x001f,
		0x001f,0x001f,0x001f,0x001f,0x001f,0x1a35,0x56a0,0x56a0,0x56a0,0x56a0,0x56a0,0x56a0,0x56a0,0x56a0,0x56a0,0x56a0,
		0x56a0,0x56a0,0x56a0,0x56a0,0x56a0,0x56a0,0x56a0,0x56a0,0x56a0,0x56a0,0x56a0,0x56a0,0x56a0,0x56a0,0x56a0,0x56a0,
		0x56a0,0x56a0,0x5641,0x003f,0x001f,0x001f,0x001f,0x001f,0x001f,0x001f,0x001f,0x001f,0x001f,0x001f,0x001f,0x001f,
		0x001f,0x4507,0x56a0,0x56a0,0x093a,0x001f,0x001f,0x001f,0x001f,0x001f,0x001f,0x001f,0x001f,0x001f,0x001f,0x001f,
		0x001f,0x1178,0x56a0,0x56a0,0x56a0,0x56a0,0x56a0,0x56a0,0x56a0,0x56a0,0x56a0,0x56a0,0x56a0,0x56a0,0x56a0,0x56a0,
		0x56a0,0x56a0,0x56a0,0x56a0,0x56a0,0x56a0,0x56a0,0x56a0,0x56a0,0x56a0,0x56a0,0x56a0,0x56a0,0x56a0,0x56a0,0x56a0,
		0x56a0,0x56a0,0x56a0,0x56a0,0x56a0,0x56a0,0x56a0,0x56a0,0x56a0,0x56a0,0x56a0,0x56a0,0x56a0,0x56a0,0x56a0,0x56a0,
		0x56a0,0x56a0,0x56a0,0x56a0,0x56a0,0x56a0,0x56a0,0x56a0,0x56a0,0x56a0,0x56a0,0x56a0,0x56a0,0x56a0,0x56a0,0x56a0,
		0x56a0,0x56a0,0x56a0,0x56a0,0x56a0,0x56a0,0x56a0,0x56a0,0x56a0,0x56a0,0x56a0,0x56a0,0x56a0,0x56a0,0x56a0,0x56a0,
		0x56a0,0x4507,0x091a,0x001f,0x001f,0x001f,0x001f,0x22b2,0x56a0,0x56a0,0x56a0,0x56a0,0x56a0,0x56a0,0x56a0,0x56a0,
		0x56a0,0x56a0,0x56a0,0x56a0,0x56a0,0x56a0,0x56a0,0x56a0,0x56a0,0x56a0,0x56a0,0x56a0,0x56a0,0x56a0,0x56a0,0x56a0,
		0x56a0,0x56a0,0x56a0,0x56a0,0x56a0,0x56a0,0x56a0,0x56a0,0x56a0,0x56a0,0x56a0,0x56a0,0x56a0,0x56a0,0x56a0,0x56a0,
		0x56a0,0x56a0,0x56a0,0x56a0,0x5661,0x22d2,0x001f,0x001f,0x001f,0x001f,0x001f,0x001f,0x001f,0x001f,0x001f,0x001f,
		0x001f,0x001f,0x08fb,0x5660,0x56a0,0x56a0,0x56a0,0x56a0,0x56a0,0x56a0,0x56a0,0x56a0,0x5680,0x091b,0x001f,0x001f,
		0x001f,0x001f,0x001f,0x001f,0x001f,0x001f,0x001f,0x001f,0x001f,0x001f,0x3c8a,0x56a0,0x56a0,0x56a0,0x56a0,0x56a0,
		0x56a0,0x56a0,0x56a0,0x56a0,0x56a0,0x56a0,0x56a0,0x56a0,0x56a0,0x56a0,0x56a0,0x56a0,0x56a0,0x56a0,0x56a0,0x56a0,
		0x56a0,0x56a0,0x56a0,0x56a0,0x56a0,0x56a0,0x56a0,0x56a0,0x56a0,0x56a0,0x56a0,0x56a0,0x56a0,0x56a0,0x56a0,0x56a0,
		0x56a0,0x56a0,0x56a0,0x56a0,0x56a0,0x56a0,0x56a0,0x56a0,0x56a0,0x56a0,0x56a0,0x56a0,0x56a0,0x56a0,0x56a0,0x56a0,
		0x56a0,0x56a0,0x56a0,0x56a0,0x56a0,0x56a0,0x56a0,0x56a0,0x56a0,0x56a0,0x56a0,0x56a0,0x56a0,0x56a0,0x56a0,0x56a0,
		0x56a0,0x56a0,0x56a0,0x56a0,0x56a0,0x56a0,0x56a0,0x56a0,0x2bae,0x001f,0x001f,0x001f,0x001f,0x001f,0x001f,0x001f,
		0x001f,0x001f,0x001f,0x001f,0x001f,0x1a35,0x56a0,0x56a0,0x56a0,0x56a0,0x56a0,0x56a0,0x56a0,0x56a0,0x56a0,0x56a0,
		0x56a0,0x56a0,0x56a0,0x56a0,0x56a0,0x56a0,0x56a0,0x56a0,0x56a0,0x56a0,0x56a0,0x56a0,0x56a0,0x56a0,0x56a0,0x56a0,
		0x56a0,0x56a0,0x4dc4,0x001f,0x001f,0x001f,0x001f,0x001f,0x001f,0x001f,0x001f,0x001f,0x001f,0x001f,0x001f,0x001f,
		0x001f,0x4565,0x56a0,0x5661,0x001f,0x001f,0x001f,0x001f,0x001f,0x001f,0x001f,0x001f,0x001f,0x001f,0x001f,0x001f,
		0x001f,0x11b7,0x56a0,0x56a0,0x56a0,0x56a0,0x56a0,0x56a0,0x56a0,0x56a0,0x56a0,0x56a0,0x56a0,0x56a0,0x56a0,0x56a0,
		0x56a0,0x56a0,0x56a0,0x56a0,0x56a0,0x56a0,0x56a0,0x56a0,0x56a0,0x56a0,0x56a0,0x56a0,0x56a0,0x56a0,0x56a0,0x56a0,
		0x56a0,0x56a0,0x56a0,0x56a0,0x56a0,0x56a0,0x56a0,0x56a0,0x56a0,0x56a0,0x56a0,0x56a0,0x56a0,0x56a0,0x56a0,0x56a0,
		0x56a0,0x56a0,0x56a0,0x56a0,0x56a0,0x56a0,0x56a0,0x56a0,0x56a0,0x56a0,0x56a0,0x56a0,0x56a0,0x56a0,0x56a0,0x56a0,
		0x56a0,0x56a0,0x56a0,0x56a0,0x56a0,0x56a0,0x56a0,0x56a0,0x56a0,0x56a0,0x56a0,0x56a0,0x56a0,0x56a0,0x56a0,0x4e22,
		0x2293,0x001f,0x001f,0x001f,0x001f,0x001f,0x001f,0x22b3,0x56a0,0x56a0,0x56a0,0x56a0,0x56a0,0x56a0,0x56a0,0x56a0,
		0x56a0,0x56a0,0x56a0,0x56a0,0x56a0,0x56a0,0x56a0,0x56a0,0x56a0,0x56a0,0x56a0,0x56a0,0x56a0,0x56a0,0x56a0,0x56a0,
		0x56a0,0x56a0,0x56a0,0x56a0,0x56a0,0x56a0,0x56a0,0x56a0,0x56a0,0x56a0,0x56a0,0x56a0,0x56a0,0x56a0,0x56a0,0x56a0,
		0x5e60,0x8c80,0xab40,0xca00,0xe120,0xe8a0,0xf800,0xf800,0xe802,0xe003,0xa80a,0x5015,0x001f,0x001f,0x001f,0x001f,
		0x001f,0x001f,0x001f,0x33cd,0x56a0,0x56a0,0x56a0,0x56a0,0x56a0,0x56a0,0x56a0,0x56a0,0x4baa,0x800f,0xb808,0xd005,
		0xe802,0xf800,0xe802,0xd804,0xc007,0x800f,0x3019,0x001f,0x001f,0x1178,0x56a0,0x56a0,0x56a0,0x56a0,0x56a0,0x56a0,
		0x56a0,0x56a0,0x56a0,0x56a0,0x56a0,0x56a0,0x56a0,0x56a0,0x56a0,0x56a0,0x56a0,0x56a0,0x56a0,0x56a0,0x56a0,0x56a0,
		0x56a0,0x56a0,0x56a0,0x56a0,0x56a0,0x56a0,0x56a0,0x56a0,0x56a0,0x56a0,0x56a0,0x56a0,0x56a0,0x56a0,0x56a0,0x56a0,
		0x56a0,0x56a0,0x56a0,0x56a0,0x56a0,0x56a0,0x56a0,0x56a0,0x56a0,0x56a0,0x56a0,0x56a0,0x56a0,0x56a0,0x56a0,0x56a0,
		0x56a0,0x56a0,0x56a0,0x56a0,0x56a0,0x56a0,0x56a0,0x56a0,0x56a0,0x56a0,0x56a0,0x56a0,0x56a0,0x56a0,0x56a0,0x56a0,
		0x56a0,0x56a0,0x56a0,0x56a0,0x56a0,0x56a0,0x56a0,0x56a0,0x56a0,0x4de3,0x22f1,0x001f,0x181c,0x4017,0x6812,0x800f,
		0x6013,0x001f,0x001f,0x001f,0x001f,0x1a35,0x56a0,0x56a0,0x56a0,0x56a0,0x56a0,0x56a0,0x56a0,0x56a0,0x56a0,0x56a0,
		0x56a0,0x56a0,0x56a0,0x56a0,0x56a0,0x56a0,0x56a0,0x56a0,0x56a0,0x56a0,0x56a0,0x56a0,0x56a0,0x56a0,0x56a0,0x56a0,
		0x56a0,0x56a0,0x56a0,0x1a35,0x001f,0x001f,0x001f,0x081e,0x281a,0x4816,0x6812,0x800f,0x3818,0x001f,0x001f,0x001f,
		0x001f,0x4dc4,0x56a0,0x56a0,0x22f2,0x001f,0x001f,0x001f,0x001f,0x3019,0x5814,0x6812,0x7810,0x3019,0x001f,0x001f,
		0x001f,0x19f6,0x56a0,0x56a0,0x56a0,0x56a0,0x56a0,0x56a0,0x56a0,0x56a0,0x56a0,0x56a0,0x56a0,0x56a0,0x56a0,0x56a0,
		0x56a0,0x56a0,0x56a0,0x56a0,0x56a0,0x56a0,0x56a0,0x56a0,0x56a0,0x56a0,0x56a0,0x56a0,0x56a0,0x56a0,0x56a0,0x56a0,
		0x56a0,0x56a0,0x56a0,0x56a0,0x56a0,0x56a0,0x56a0,0x56a0,0x56a0,0x56a0,0x56a0,0x56a0,0x56a0,0x56a0,0x56a0,0x56a0,
		0x56a0,0x56a0,0x56a0,0x56a0,0x56a0,0x56a0,0x56a0,0x56a0,0x56a0,0x56a0,0x56a0,0x56a0,0x56a0,0x56a0,0x56a0,0x56a0,
		0x56a0,0x56a0,0x56a0,0x56a0,0x56a0,0x56a0,0x56a0,0x56a0,0x56a0,0x56a0,0x56a0,0x56a0,0x56a0,0x56a0,0x344b,0x089d,
		0x001f,0x001f,0x001f,0x001f,0x001f,0x001f,0x001f,0x22b3,0x56a0,0x56a0,0x56a0,0x56a0,0x56a0,0x56a0,0x56a0,0x56a0,
		0x56a0,0x56a0,0x56a0,0x56a0,0x56a0,0x56a0,0x56a0,0x56a0,0x56a0,0x56a0,0x56a0,0x56a0,0x56a0,0x56a0,0x56a0,0x56a0,
		0x56a0,0x56a0,0x56a0,0x56a0,0x56a0,0x56a0,0x56a0,0x56a0,0x56a0,0x56a0,0x56a0,0x56a0,0x56a0,0x56a0,0x56a0,0x84e0,
		0xf080,0xf800,0xf800,0xf800,0xf800,0xf800,0xf800,0xf800,0xf800,0xf800,0xf800,0xf800,0x6812,0x001f,0x001f,0x001f,
		0x001f,0x001f,0x001f,0x009d,0x5641,0x56a0,0x56a0,0x56a0,0x56a0,0x56a0,0x56a0,0x7ce0,0xf001,0xf800,0xf800,0xf800,
		0xf800,0xf800,0xf800,0xf800,0xf800,0xf800,0xf800,0x880e,0x001f,0x2b50,0x56a0,0x56a0,0x56a0,0x56a0,0x56a0,0x56a0,
		0x56a0,0x56a0,0x56a0,0x56a0,0x56a0,0x56a0,0x56a0,0x56a0,0x56a0,0x56a0,0x56a0,0x56a0,0x56a0,0x56a0,0x56a0,0x56a0,
		0x56a0,0x56a0,0x56a0,0x56a0,0x56a0,0x56a0,0x56a0,0x56a0,0x56a0,0x56a0,0x56a0,0x56a0,0x56a0,0x56a0,0x56a0,0x56a0,
		0x56a0,0x56a0,0x56a0,0x56a0,0x56a0,0x56a0,0x56a0,0x56a0,0x56a0,0x56a0,0x56a0,0x56a0,0x56a0,0x56a0,0x56a0,0x56a0,
		0x56a0,0x56a0,0x56a0,0x56a0,0x56a0,0x56a0,0x56a0,0x56a0,0x56a0,0x56a0,0x56a0,0x56a0,0x56a0,0x56a0,0x56a0,0x56a0,
		0x56a0,0x56a0,0x56a0,0x56a0,0x56a0,0x56a0,0x56a0,0x56a0,0x6dc0,0x9400,0xc260,0xe042,0xf800,0xf800,0xf800,0xf800,
		0xf800,0x7011,0x001f,0x001f,0x001f,0x1a35,0x56a0,0x56a0,0x56a0,0x56a0,0x56a0,0x56a0,0x56a0,0x56a0,0x56a0,0x56a0,
		0x56a0,0x56a0,0x56a0,0x56a0,0x56a0,0x56a0,0x56a0,0x56a0,0x56a0,0x56a0,0x56a0,0x56a0,0x56a0,0x56a0,0x56a0,0x56a0,
		0x56a0,0x56a0,0x56a0,0x6da0,0x7a48,0x980c,0xd005,0xf800,0xf800,0xf800,0xf800,0xf800,0xf800,0x201b,0x001f,0x001f,
		0x001f,0x4e02,0x56a0,0x56a0,0x5e80,0x7366,0x908b,0xc806,0xf800,0xf800,0xf800,0xf800,0xf800,0xc806,0x001f,0x001f,
		0x001f,0x1a35,0x56a0,0x56a0,0x56a0,0x56a0,0x56a0,0x56a0,0x56a0,0x56a0,0x56a0,0x56a0,0x56a0,0x56a0,0x56a0,0x56a0,
		0x56a0,0x56a0,0x56a0,0x56a0,0x56a0,0x56a0,0x56a0,0x56a0,0x56a0,0x56a0,0x56a0,0x56a0,0x56a0,0x56a0,0x56a0,0x56a0,
		0x56a0,0x56a0,0x56a0,0x56a0,0x56a0,0x56a0,0x56a0,0x56a0,0x56a0,0x56a0,0x56a0,0x56a0,0x56a0,0x56a0,0x56a0,0x56a0,
		0x56a0,0x56a0,0x56a0,0x56a0,0x56a0,0x56a0,0x56a0,0x56a0,0x56a0,0x56a0,0x56a0,0x56a0,0x56a0,0x56a0,0x56a0,0x56a0,
		0x56a0,0x56a0,0x56a0,0x56a0,0x56a0,0x56a0,0x56a0,0x56a0,0x56a0,0x56a0,0x56a0,0x56a0,0x4dc4,0x19d7,0x001f,0x001f,
		0x001f,0x001f,0x001f,0x001f,0x001f,0x001f,0x001f,0x22b3,0x56a0,0x56a0,0x56a0,0x56a0,0x56a0,0x56a0,0x56a0,0x56a0,
		0x56a0,0x56a0,0x56a0,0x56a0,0x56a0,0x56a0,0x56a0,0x56a0,0x56a0,0x56a0,0x56a0,0x56a0,0x56a0,0x56a0,0x56a0,0x56a0,
		0x56a0,0x56a0,0x56a0,0x56a0,0x56a0,0x56a0,0x56a0,0x56a0,0x56a0,0x56a0,0x56a0,0x56a0,0x56a0,0x56a0,0x5680,0xf080,
		0xf800,0xf800,0xf800,0xf800,0xf800,0xf800,0xf800,0xf800,0xf800,0xf800,0xf800,0xf800,0xf001,0x181c,0x001f,0x001f,
		0x001f,0x001f,0x001f,0x001f,0x2b30,0x56a0,0x56a0,0x56a0,0x56a0,0x56a0,0x65e0,0xf020,0xf800,0xf800,0xf800,0xf800,
		0xf800,0xf800,0xf800,0xf800,0xf800,0xf800,0xf800,0xf800,0x181c,0x340c,0x56a0,0x56a0,0x56a0,0x56a0,0x56a0,0x56a0,
		0x56a0,0x56a0,0x56a0,0x56a0,0x56a0,0x56a0,0x56a0,0x56a0,0x56a0,0x5660,0x4e02,0x4dc4,0x4e22,0x5680,0x56a0,0x56a0,
		0x56a0,0x56a0,0x56a0,0x56a0,0x56a0,0x56a0,0x56a0,0x56a0,0x56a0,0x56a0,0x56a0,0x56a0,0x56a0,0x56a0,0x56a0,0x56a0,
		0x56a0,0x56a0,0x56a0,0x56a0,0x56a0,0x56a0,0x56a0,0x56a0,0x56a0,0x56a0,0x56a0,0x56a0,0x56a0,0x56a0,0x56a0,0x56a0,
		0x56a0,0x56a0,0x56a0,0x56a0,0x56a0,0x56a0,0x56a0,0x56a0,0x56a0,0x56a0,0x56a0,0x56a0,0x56a0,0x56a0,0x56a0,0x56a0,
		0x56a0,0x56a0,0x56a0,0x5680,0x4e22,0x6543,0xaae0,0xe8c0,0xf800,0xf800,0xf800,0xf800,0xf800,0xf800,0xf800,0xf800,
		0xf800,0xa00b,0x001f,0x001f,0x001f,0x1a35,0x56a0,0x56a0,0x56a0,0x56a0,0x56a0,0x56a0,0x56a0,0x56a0,0x56a0,0x56a0,
		0x56a0,0x56a0,0x56a0,0x56a0,0x56a0,0x5661,0x4de3,0x5661,0x56a0,0x56a0,0x56a0,0x56a0,0x56a0,0x56a0,0x56a0,0x56a0,
		0x5e60,0x9be0,0xd960,0xf800,0xf800,0xf800,0xf800,0xf800,0xf800,0xf800,0xf800,0xf800,0xf800,0x5015,0x001f,0x001f,
		0x001f,0x5661,0x6dc0,0xb2c0,0xf080,0xf800,0xf800,0xf800,0xf800,0xf800,0xf800,0xf800,0xf800,0xd804,0x001f,0x001f,
		0x001f,0x1a54,0x56a0,0x56a0,0x56a0,0x56a0,0x56a0,0x5680,0x4e02,0x4e22,0x56a0,0x56a0,0x56a0,0x56a0,0x56a0,0x56a0,
		0x56a0,0x56a0,0x56a0,0x56a0,0x56a0,0x56a0,0x56a0,0x56a0,0x56a0,0x56a0,0x56a0,0x56a0,0x56a0,0x56a0,0x56a0,0x56a0,
		0x56a0,0x56a0,0x56a0,0x56a0,0x56a0,0x56a0,0x56a0,0x56a0,0x56a0,0x56a0,0x56a0,0x56a0,0x56a0,0x56a0,0x56a0,0x56a0,
		0x56a0,0x56a0,0x56a0,0x56a0,0x56a0,0x56a0,0x56a0,0x56a0,0x56a0,0x56a0,0x5641,0x4dc4,0x4e02,0x5660,0x56a0,0x56a0,
		0x56a0,0x56a0,0x56a0,0x56a0,0x56a0,0x56a0,0x56a0,0x56a0,0x56a0,0x56a0,0x5680,0x2b8e,0x005e,0x001f,0x001f,0x001f,
		0x001f,0x001f,0x001f,0x001f,0x001f,0x001f,0x001f,0x1179,0x4565,0x4dc4,0x4dc4,0x4dc4,0x4dc4,0x4de3,0x56a0,0x56a0,
		0x56a0,0x56a0,0x56a0,0x56a0,0x56a0,0x56a0,0x56a0,0x56a0,0x56a0,0x56a0,0x56a0,0x56a0,0x56a0,0x56a0,0x56a0,0x56a0,
		0x56a0,0x56a0,0x56a0,0x56a0,0x56a0,0x56a0,0x56a0,0x56a0,0x56a0,0x56a0,0x56a0,0x56a0,0x56a0,0x56a0,0x5e40,0xf800,
		0xf800,0xf800,0xf800,0xf800,0xf800,0xf800,0xf800,0xf800,0xf800,0xf800,0xf800,0xf800,0xf800,0x980c,0x001f,0x001f,
		0x001f,0x001f,0x001f,0x001f,0x005e,0x4de3,0x56a0,0x56a0,0x56a0,0x56a0,0xc240,0xf800,0xf800,0xf800,0xf800,0xf800,
		0xf800,0xf800,0xf800,0xf800,0xf800,0xf800,0xf800,0xf800,0x281a,0x3cc8,0x56a0,0x56a0,0x56a0,0x56a0,0x56a0,0x56a0,
		0x56a0,0x56a0,0x56a0,0x56a0,0x56a0,0x4da4,0x2b8e,0x1a16,0x08dc,0x001f,0x001f,0x001f,0x001f,0x003f,0x1179,0x2b30,
		0x4da4,0x56a0,0x56a0,0x56a0,0x56a0,0x56a0,0x56a0,0x56a0,0x56a0,0x56a0,0x56a0,0x56a0,0x56a0,0x56a0,0x56a0,0x56a0,
		0x5622,0x3c4b,0x22b3,0x093a,0x009d,0x2311,0x56a0,0x56a0,0x56a0,0x56a0,0x4de3,0x2b4f,0x1179,0x08bc,0x005e,0x08bc,
		0x1a16,0x340c,0x5661,0x56a0,0x56a0,0x56a0,0x56a0,0x56a0,0x56a0,0x56a0,0x56a0,0x56a0,0x56a0,0x56a0,0x56a0,0x56a0,
		0x5680,0x3ca9,0x1a15,0x007e,0x4816,0xf001,0xf800,0xf800,0xf800,0xf800,0xf800,0xf800,0xf800,0xf800,0xf800,0xf800,
		0xf800,0xa80a,0x001f,0x001f,0x001f,0x1a35,0x56a0,0x56a0,0x56a0,0x56a0,0x56a0,0x56a0,0x56a0,0x56a0,0x56a0,0x56a0,
		0x56a0,0x4546,0x2b50,0x1159,0x005e,0x001f,0x001f,0x001f,0x005e,0x11b7,0x2b6f,0x4de3,0x56a0,0x56a0,0x56a0,0x7560,
		0xe100,0xf800,0xf800,0xf800,0xf800,0xf800,0xf800,0xf800,0xf800,0xf800,0xf800,0xf800,0xf800,0x5015,0x001f,0x001f,
		0x001f,0xab40,0xf820,0xf800,0xf800,0xf800,0xf800,0xf800,0xf800,0xf800,0xf800,0xf800,0xf800,0xd005,0x001f,0x001f,
		0x001f,0x2293,0x56a0,0x56a0,0x5641,0x33cd,0x1198,0x001f,0x001f,0x001f,0x005e,0x1a16,0x3ca9,0x56a0,0x56a0,0x56a0,
		0x56a0,0x56a0,0x56a0,0x56a0,0x56a0,0x56a0,0x56a0,0x56a0,0x56a0,0x4de3,0x344b,0x22b3,0x1198,0x091b,0x005e,0x08bc,
		0x4507,0x56a0,0x56a0,0x56a0,0x4585,0x2293,0x091b,0x007d,0x113a,0x2b6f,0x5641,0x56a0,0x56a0,0x56a0,0x56a0,0x56a0,
		0x56a0,0x56a0,0x56a0,0x56a0,0x56a0,0x4e22,0x342b,0x2293,0x08fb,0x003f,0x001f,0x001f,0x001f,0x001f,0x091b,0x2274,
		0x3ca9,0x5680,0x56a0,0x56a0,0x56a0,0x56a0,0x56a0,0x56a0,0x56a0,0x4526,0x093a,0x001f,0x001f,0x001f,0x001f,0x201b,
		0x6812,0x7011,0x7011,0x201b,0x001f,0x001f,0x001f,0x001f,0x001f,0x001f,0x001f,0x001f,0x001f,0x001f,0x340c,0x56a0,
		0x56a0,0x56a0,0x56a0,0x56a0,0x56a0,0x56a0,0x56a0,0x56a0,0x56a0,0x56a0,0x56a0,0x56a0,0x56a0,0x56a0,0x56a0,0x56a0,
		0x56a0,0x56a0,0x56a0,0x56a0,0x56a0,0x56a0,0x56a0,0x56a0,0x56a0,0x56a0,0x56a0,0x56a0,0x56a0,0x56a0,0x56a0,0xab20,
		0xf800,0xf800,0xf800,0xf800,0xf800,0xf800,0xf800,0xf800,0xf800,0xf800,0xf800,0xf800,0xf800,0xf800,0x281a,0x001f,
		0x001f,0x001f,0x001f,0x001f,0x001f,0x22b3,0x56a0,0x56a0,0x56a0,0x7d40,0xf800,0xf800,0xf800,0xf800,0xf800,0xf800,
		0xf800,0xf800,0xf800,0xf800,0xf800,0xf800,0xf800,0x980c,0x001f,0x4d85,0x56a0,0x56a0,0x56a0,0x56a0,0x56a0,0x56a0,
		0x56a0,0x56a0,0x5680,0x3c6a,0x1179,0x001f,0x001f,0x001f,0x001f,0x001f,0x001f,0x001f,0x001f,0x001f,0x001f,0x001f,
		0x001f,0x2293,0x4e02,0x56a0,0x56a0,0x56a0,0x56a0,0x56a0,0x56a0,0x56a0,0x56a0,0x56a0,0x56a0,0x4dc3,0x33cd,0x11d7,
		0x003f,0x001f,0x001f,0x001f,0x001f,0x001f,0x4dc4,0x56a0,0x56a0,0x3c4b,0x007e,0x001f,0x001f,0x001f,0x001f,0x001f,
		0x001f,0x001f,0x08dc,0x3cc8,0x56a0,0x56a0,0x56a0,0x56a0,0x56a0,0x56a0,0x56a0,0x56a0,0x56a0,0x56a0,0x56a0,0x3c6a,
		0x08dc,0x001f,0x001f,0x001f,0xd005,0xf800,0xf800,0xf800,0xf800,0xf800,0xf800,0xf800,0xf800,0xf800,0xf800,0xf800,
		0xf800,0xa80a,0x001f,0x001f,0x001f,0x1a35,0x56a0,0x56a0,0x56a0,0x56a0,0x56a0,0x56a0,0x56a0,0x56a0,0x56a0,0x3ce8,
		0x1178,0x001f,0x001f,0x001f,0x001f,0x001f,0x001f,0x001f,0x001f,0x001f,0x001f,0x003f,0x22b3,0x5641,0x5680,0xe8c0,
		0xf800,0xf800,0xf800,0xf800,0xf800,0xf800,0xf800,0xf800,0xf800,0xf800,0xf800,0xf800,0xf800,0x4017,0x001f,0x001f,
		0x982b,0xf800,0xf800,0xf800,0xf800,0xf800,0xf800,0xf800,0xf800,0xf800,0xf800,0xf800,0xf800,0xc806,0x001f,0x001f,
		0x001f,0x22d2,0x56a0,0x3c8a,0x009d,0x001f,0x001f,0x001f,0x001f,0x001f,0x001f,0x001f,0x001f,0x11d7,0x4e02,0x56a0,
		0x56a0,0x56a0,0x56a0,0x56a0,0x56a0,0x56a0,0x4585,0x2b50,0x091a,0x001f,0x001f,0x001f,0x001f,0x001f,0x001f,0x001f,
		0x22d2,0x56a0,0x56a0,0x344b,0x003e,0x001f,0x001f,0x001f,0x001f,0x001f,0x1159,0x5641,0x56a0,0x56a0,0x56a0,0x56a0,
		0x56a0,0x56a0,0x56a0,0x4dc3,0x22f2,0x005e,0x001f,0x001f,0x001f,0x001f,0x001f,0x001f,0x001f,0x001f,0x001f,0x001f,
		0x001f,0x08db,0x3c6a,0x5680,0x56a0,0x56a0,0x56a0,0x56a0,0x340c,0x001f,0x001f,0x001f,0x001f,0x081e,0x800f,0xf800,
		0xf800,0xf800,0xf800,0x880e,0x001f,0x001f,0x001f,0x001f,0x001f,0x001f,0x001f,0x001f,0x001f,0x001f,0x22f1,0x56a0,
		0x56a0,0x56a0,0x56a0,0x56a0,0x56a0,0x56a0,0x56a0,0x56a0,0x56a0,0x56a0,0x56a0,0x56a0,0x56a0,0x56a0,0x56a0,0x56a0,
		0x56a0,0x56a0,0x56a0,0x56a0,0x56a0,0x56a0,0x56a0,0x56a0,0x56a0,0x56a0,0x56a0,0x56a0,0x56a0,0x56a0,0x56a0,0x56a0,
		0x84c0,0xe100,0xf800,0xf800,0xf800,0xf800,0xf800,0xf800,0xf800,0xf800,0xf800,0xf800,0xf800,0xf800,0xa80a,0x001f,
		0x001f,0x001f,0x001f,0x001f,0x001f,0x001f,0x4585,0x56a0,0x56a0,0xc9e0,0xf800,0xf800,0xf800,0xf800,0xf800,0xf800,
		0xf800,0xf800,0xf800,0xf800,0xf800,0xf800,0x980c,0x001f,0x001f,0x4de3,0x56a0,0x56a0,0x56a0,0x56a0,0x56a0,0x56a0,
		0x56a0,0x4507,0x091a,0x001f,0x001f,0x001f,0x001f,0x001f,0x001f,0x001f,0x001f,0x001f,0x001f,0x001f,0x001f,0x001f,
		0x001f,0x001f,0x08dc,0x4da4,0x56a0,0x56a0,0x56a0,0x56a0,0x56a0,0x56a0,0x5680,0x344b,0x11b7,0x001f,0x001f,0x001f,
		0x001f,0x001f,0x001f,0x001f,0x001f,0x001f,0x4585,0x56a0,0x3c89,0x001f,0x001f,0x001f,0x001f,0x001f,0x001f,0x001f,
		0x001f,0x001f,0x001f,0x003f,0x3c89,0x56a0,0x56a0,0x56a0,0x56a0,0x56a0,0x56a0,0x56a0,0x56a0,0x5660,0x2293,0x001f,
		0x001f,0x001f,0x001f,0x001f,0xb808,0xf800,0xf800,0xf800,0xf800,0xf800,0xf800,0xf800,0xf800,0xf800,0xf800,0xf800,
		0xf800,0xa80a,0x001f,0x001f,0x001f,0x1a35,0x56a0,0x56a0,0x56a0,0x56a0,0x56a0,0x56a0,0x56a0,0x5660,0x22b2,0x001f,
		0x001f,0x001f,0x001f,0x001f,0x001f,0x001f,0x001f,0x001f,0x001f,0x001f,0x001f,0x001f,0x001f,0x08dc,0x6485,0xf800,
		0xf800,0xf800,0xf800,0xf800,0xf800,0xf800,0xf800,0xf800,0xf800,0xf800,0xf800,0xf800,0xf800,0x3019,0x001f,0x081e,
		0xf800,0xf800,0xf800,0xf800,0xf800,0xf800,0xf800,0xf800,0xf800,0xf800,0xf800,0xf800,0xf800,0xc007,0x001f,0x001f,
		0x001f,0x19f6,0x2274,0x001f,0x001f,0x001f,0x001f,0x001f,0x001f,0x001f,0x001f,0x001f,0x001f,0x001f,0x08db,0x4de3,
		0x56a0,0x56a0,0x56a0,0x56a0,0x4da4,0x1a15,0x001f,0x001f,0x001f,0x001f,0x001f,0x001f,0x001f,0x001f,0x001f,0x001f,
		0x11d7,0x56a0,0x4507,0x003f,0x001f,0x001f,0x001f,0x001f,0x001f,0x001f,0x001f,0x22b3,0x56a0,0x56a0,0x56a0,0x56a0,
		0x56a0,0x5680,0x33cd,0x003e,0x001f,0x001f,0x001f,0x001f,0x001f,0x001f,0x001f,0x001f,0x001f,0x001f,0x001f,0x001f,
		0x001f,0x001f,0x001f,0x19f6,0x4e22,0x56a0,0x56a0,0x56a0,0x1a16,0x001f,0x001f,0x001f,0x4017,0xd804,0xf800,0xf800,
		0xf800,0xf800,0xf800,0x900d,0x001f,0x001f,0x001f,0x001f,0x001f,0x001f,0x001f,0x001f,0x001f,0x001f,0x22f2,0x56a0,
		0x56a0,0x56a0,0x56a0,0x56a0,0x56a0,0x56a0,0x56a0,0x56a0,0x56a0,0x56a0,0x56a0,0x56a0,0x56a0,0x56a0,0x56a0,0x56a0,
		0x56a0,0x56a0,0x56a0,0x56a0,0x56a0,0x56a0,0x56a0,0x56a0,0x56a0,0x56a0,0x56a0,0x56a0,0x56a0,0x56a0,0x56a0,0x56a0,
		0x56a0,0x6600,0xf060,0xf800,0xf800,0xf800,0xf800,0xf800,0xf800,0xf800,0xf800,0xf800,0xf800,0xf800,0xf800,0x3818,
		0x001f,0x001f,0x001f,0x001f,0x001f,0x001f,0x11b8,0x5680,0x7d40,0xf800,0xf800,0xf800,0xf800,0xf800,0xf800,0xf800,
		0xf800,0xf800,0xf800,0xf800,0xf800,0xe003,0x001f,0x001f,0x001f,0x4e22,0x56a0,0x56a0,0x56a0,0x56a0,0x56a0,0x56a0,
		0x340c,0x001f,0x001f,0x001f,0x001f,0x001f,0x001f,0x001f,0x007d,0x003f,0x001f,0x001f,0x001f,0x001f,0x001f,0x001f,
		0x001f,0x001f,0x001f,0x08dc,0x5641,0x56a0,0x56a0,0x56a0,0x56a0,0x4526,0x091b,0x001f,0x001f,0x001f,0x001f,0x001f,
		0x001f,0x001f,0x001f,0x001f,0x001f,0x001f,0x2b8e,0x3c6a,0x003e,0x001f,0x001f,0x001f,0x001f,0x001f,0x001f,0x001f,
		0x001f,0x001f,0x001f,0x001f,0x007d,0x4e02,0x56a0,0x56a0,0x56a0,0x56a0,0x56a0,0x56a0,0x5680,0x1a16,0x001f,0x001f,
		0x001f,0x001f,0x001f,0x001f,0x081e,0x7011,0xd804,0xf800,0xf800,0xf800,0xf800,0xf800,0xf800,0xf800,0xf800,0xf800,
		0xf800,0xa80a,0x001f,0x001f,0x001f,0x1a35,0x56a0,0x56a0,0x56a0,0x56a0,0x56a0,0x56a0,0x5641,0x11b7,0x001f,0x001f,
		0x001f,0x001f,0x001f,0x001f,0x001f,0x001f,0x001f,0x001f,0x001f,0x001f,0x001f,0x001f,0x001f,0x001f,0x087c,0xe880,
		0xf800,0xf800,0xf800,0xf800,0xf800,0xf800,0xf800,0xf800,0xf800,0xf800,0xf800,0xf800,0xf800,0x201b,0x001f,0x001f,
		0xd024,0xf800,0xf800,0xf800,0xf800,0xf800,0xf800,0xf800,0xf800,0xf800,0xf800,0xf800,0xf800,0xb009,0x001f,0x001f,
		0x001f,0x001f,0x001f,0x001f,0x001f,0x001f,0x001f,0x001f,0x001f,0x001f,0x001f,0x001f,0x001f,0x001f,0x001f,0x1159,
		0x5641,0x56a0,0x56a0,0x4dc4,0x009d,0x001f,0x001f,0x001f,0x001f,0x001f,0x001f,0x001f,0x001f,0x001f,0x001f,0x001f,
		0x003e,0x33cd,0x089d,0x001f,0x001f,0x001f,0x001f,0x001f,0x001f,0x001f,0x001f,0x003f,0x5622,0x56a0,0x56a0,0x56a0,
		0x5641,0x19f6,0x001f,0x001f,0x001f,0x001f,0x001f,0x001f,0x001f,0x001f,0x001f,0x001f,0x001f,0x001f,0x001f,0x001f,
		0x001f,0x001f,0x001f,0x001f,0x091a,0x4e02,0x56a0,0x56a0,0x1a55,0x001f,0x101d,0xa00b,0xf800,0xf800,0xf800,0xf800,
		0xf800,0xf800,0xf800,0x900d,0x001f,0x001f,0x001f,0x001f,0x001f,0x001f,0x001f,0x001f,0x001f,0x001f,0x2b30,0x56a0,
		0x56a0,0x56a0,0x56a0,0x56a0,0x56a0,0x56a0,0x56a0,0x56a0,0x56a0,0x56a0,0x56a0,0x56a0,0x56a0,0x56a0,0x56a0,0x56a0,
		0x56a0,0x56a0,0x56a0,0x56a0,0x56a0,0x56a0,0x56a0,0x56a0,0x56a0,0x56a0,0x56a0,0x56a0,0x56a0,0x56a0,0x56a0,0x56a0,
		0x56a0,0x56a0,0xc9e0,0xf800,0xf800,0xf800,0xf800,0xf800,0xf800,0xf800,0xf800,0xf800,0xf800,0xf800,0xf800,0xc007,
		0x001f,0x001f,0x001f,0x001f,0x001f,0x001f,0x001f,0x22d2,0xc104,0xf800,0xf800,0xf800,0xf800,0xf800,0xf800,0xf800,
		0xf800,0xf800,0xf800,0xf800,0xf800,0x900d,0x001f,0x001f,0x001f,0x5661,0x56a0,0x56a0,0x56a0,0x56a0,0x56a0,0x4507,
		0x001f,0x001f,0x001f,0x001f,0x001f,0x001f,0x001f,0x340c,0x56a0,0x4e02,0x093a,0x001f,0x001f,0x001f,0x001f,0x001f,
		0x001f,0x001f,0x001f,0x001f,0x2b4f,0x56a0,0x56a0,0x56a0,0x56a0,0x08fb,0x001f,0x001f,0x001f,0x001f,0x001f,0x001f,
		0x001f,0x001f,0x001f,0x001f,0x001f,0x001f,0x001f,0x001f,0x001f,0x001f,0x001f,0x001f,0x001f,0x001f,0x001f,0x001f,
		0x001f,0x001f,0x001f,0x001f,0x001f,0x2b6f,0x56a0,0x56a0,0x56a0,0x56a0,0x56a0,0x56a0,0x22f1,0x001f,0x001f,0x001f,
		0x001f,0x001f,0x001f,0x001f,0x001f,0x001f,0x081e,0xd005,0xf800,0xf800,0xf800,0xf800,0xf800,0xf800,0xf800,0xf800,
		0xf800,0xa80a,0x001f,0x001f,0x001f,0x1a35,0x56a0,0x56a0,0x56a0,0x56a0,0x56a0,0x5680,0x19f6,0x001f,0x001f,0x001f,
		0x001f,0x001f,0x001f,0x001f,0x1179,0x3ca9,0x4546,0x2311,0x001f,0x001f,0x001f,0x001f,0x001f,0x001f,0x001f,0x28b8,
		0xd160,0xf800,0xf800,0xf800,0xf800,0xf800,0xf800,0xf800,0xf800,0xf800,0xf800,0xf800,0xf800,0x101d,0x001f,0x001f,
		0x2137,0xc260,0xf800,0xf800,0xf800,0xf800,0xf800,0xf800,0xf800,0xf800,0xf800,0xf800,0xf800,0xa80a,0x001f,0x001f,
		0x001f,0x001f,0x001f,0x001f,0x001f,0x001f,0x001f,0x001f,0x001f,0x001f,0x001f,0x001f,0x001f,0x001f,0x001f,0x001f,
		0x2b50,0x56a0,0x56a0,0x2b6f,0x001f,0x001f,0x001f,0x001f,0x001f,0x001f,0x001f,0x001f,0x001f,0x001f,0x001f,0x001f,
		0x001f,0x001f,0x001f,0x001f,0x001f,0x001f,0x001f,0x001f,0x001f,0x001f,0x001f,0x001f,0x3ca9,0x56a0,0x56a0,0x5661,
		0x11b8,0x001f,0x001f,0x001f,0x001f,0x001f,0x001f,0x001f,0x001f,0x001f,0x001f,0x001f,0x001f,0x001f,0x001f,0x001f,
		0x001f,0x001f,0x001f,0x001f,0x001f,0x1179,0x5660,0x56a0,0x44e8,0x71cb,0xe821,0xf800,0xf800,0xf800,0xf800,0xf800,
		0xf800,0xf800,0xf800,0x900d,0x001f,0x001f,0x001f,0x001f,0x003f,0x007d,0x007d,0x007d,0x007d,0x08fb,0x4546,0x56a0,
		0x56a0,0x56a0,0x56a0,0x56a0,0x56a0,0x56a0,0x56a0,0x56a0,0x56a0,0x56a0,0x56a0,0x56a0,0x56a0,0x56a0,0x56a0,0x56a0,
		0x56a0,0x56a0,0x56a0,0x56a0,0x56a0,0x56a0,0x56a0,0x56a0,0x56a0,0x56a0,0x56a0,0x56a0,0x56a0,0x56a0,0x56a0,0x56a0,
		0x56a0,0x56a0,0xab40,0xf800,0xf800,0xf800,0xf800,0xf800,0xf800,0xf800,0xf800,0xf800,0xf800,0xf800,0xf800,0xf800,
		0x5015,0x001f,0x001f,0x001f,0x001f,0x001f,0x001f,0x3818,0xf800,0xf800,0xf800,0xf800,0xf800,0xf800,0xf800,0xf800,
		0xf800,0xf800,0xf800,0xf800,0xf800,0x6812,0x001f,0x001f,0x001f,0x5680,0x56a0,0x56a0,0x56a0,0x56a0,0x56a0,0x19f6,
		0x001f,0x001f,0x001f,0x001f,0x001f,0x001f,0x2b8e,0x56a0,0x56a0,0x56a0,0x342c,0x001f,0x001f,0x001f,0x001f,0x001f,
		0x001f,0x001f,0x001f,0x001f,0x1159,0x56a0,0x56a0,0x56a0,0x56a0,0x08fb,0x001f,0x001f,0x001f,0x001f,0x001f,0x001f,
		0x001f,0x001f,0x001f,0x001f,0x001f,0x001f,0x001f,0x001f,0x001f,0x001f,0x001f,0x001f,0x001f,0x001f,0x001f,0x001f,
		0x001f,0x001f,0x001f,0x001f,0x001f,0x11b8,0x56a0,0x56a0,0x56a0,0x56a0,0x56a0,0x4507,0x001f,0x001f,0x001f,0x001f,
		0x001f,0x001f,0x001f,0x001f,0x001f,0x001f,0x003e,0xa9c4,0xf800,0xf800,0xf800,0xf800,0xf800,0xf800,0xf800,0xf800,
		0xf800,0xa80a,0x001f,0x001f,0x001f,0x1a35,0x56a0,0x56a0,0x56a0,0x56a0,0x56a0,0x2b8f,0x001f,0x001f,0x001f,0x001f,
		0x001f,0x001f,0x001f,0x08db,0x5661,0x56a0,0x56a0,0x56a0,0x22b2,0x001f,0x001f,0x001f,0x001f,0x001f,0x001f,0x001f,
		0x22b2,0xc220,0xf800,0xf800,0xf800,0xf800,0xf800,0xf800,0xf800,0xf800,0xf800,0xf800,0xf800,0x081e,0x001f,0x001f,
		0x1159,0x56a0,0x7540,0xf820,0xf800,0xf800,0xf800,0xf800,0xf800,0xf800,0xf800,0xf800,0xf800,0xa00b,0x001f,0x001f,
		0x001f,0x001f,0x001f,0x001f,0x001f,0x001f,0x001f,0x001f,0x001f,0x001f,0x001f,0x001f,0x001f,0x001f,0x001f,0x001f,
		0x005e,0x4e02,0x56a0,0x3cc8,0x001f,0x001f,0x001f,0x001f,0x001f,0x001f,0x001f,0x001f,0x001f,0x001f,0x001f,0x001f,
		0x001f,0x001f,0x001f,0x001f,0x001f,0x001f,0x001f,0x001f,0x001f,0x001f,0x001f,0x001f,0x344b,0x56a0,0x5680,0x19f6,
		0x001f,0x001f,0x001f,0x001f,0x001f,0x001f,0x001f,0x001f,0x1198,0x340c,0x2b30,0x003e,0x001f,0x001f,0x001f,0x001f,
		0x001f,0x001f,0x001f,0x001f,0x001f,0x001f,0x2311,0x6da0,0xd1a0,0xf800,0xf800,0xf800,0xf800,0xf800,0xf800,0xf800,
		0xf800,0xf800,0xf800,0xa00b,0x001f,0x001f,0x001f,0x11d7,0x5680,0x56a0,0x56a0,0x56a0,0x56a0,0x56a0,0x56a0,0x56a0,
		0x56a0,0x56a0,0x56a0,0x56a0,0x56a0,0x56a0,0x56a0,0x56a0,0x56a0,0x56a0,0x56a0,0x56a0,0x56a0,0x56a0,0x56a0,0x56a0,
		0x56a0,0x56a0,0x56a0,0x56a0,0x56a0,0x56a0,0x56a0,0x56a0,0x56a0,0x56a0,0x56a0,0x56a0,0x56a0,0x56a0,0x56a0,0x56a0,
		0x56a0,0x56a0,0x9be0,0xf800,0xf800,0xf800,0xf800,0xf800,0xf800,0xf800,0xf800,0xf800,0xf800,0xf800,0xf800,0xf800,
		0xd005,0x001f,0x001f,0x001f,0x001f,0x001f,0x001f,0xb808,0xf800,0xf800,0xf800,0xf800,0xf800,0xf800,0xf800,0xf800,
		0xf800,0xf800,0xf800,0xf800,0xf800,0x4816,0x001f,0x001f,0x001f,0x56a0,0x56a0,0x56a0,0x56a0,0x56a0,0x56a0,0x08fb,
		0x001f,0x001f,0x181c,0x5814,0x880e,0xb0c6,0xd1c0,0xd960,0xd1c0,0xc260,0x9b22,0x281a,0x001f,0x001f,0x001f,0x001f,
		0x001f,0x001f,0x001f,0x001f,0x001f,0x5660,0x56a0,0x56a0,0x56a0,0x4566,0x08dc,0x001f,0x001f,0x081e,0x4017,0x7810,
		0x900d,0x3818,0x001f,0x001f,0x001f,0x001f,0x001f,0x201b,0x7011,0x900d,0x980c,0x880e,0x5814,0x101d,0x001f,0x001f,
		0x001f,0x001f,0x001f,0x001f,0x001f,0x007e,0x56a0,0x56a0,0x56a0,0x56a0,0x56a0,0x1178,0x001f,0x001f,0x5015,0x980c,
		0xb808,0xb808,0xb009,0x800f,0x3818,0x001f,0x2bae,0xc240,0xf800,0xf800,0xf800,0xf800,0xf800,0xf800,0xf800,0xf800,
		0xf800,0xa80a,0x001f,0x001f,0x001f,0x1a35,0x56a0,0x56a0,0x56a0,0x56a0,0x4da4,0x003e,0x001f,0x001f,0x281a,0x7011,
		0x980c,0xb009,0xb808,0xb904,0xba80,0x9400,0x6dc0,0x56a0,0x3cc8,0x001f,0x001f,0x001f,0x001f,0x001f,0x001f,0x001f,
		0x003e,0x5d82,0xf820,0xf800,0xf800,0xf800,0xf800,0xf800,0xf800,0xf800,0xf800,0xf800,0xf800,0x001f,0x001f,0x001f,
		0x1159,0x56a0,0x56a0,0xd180,0xf800,0xf800,0xf800,0xf800,0xf800,0xf800,0xf800,0xf800,0xf800,0x980c,0x001f,0x001f,
		0x001f,0x181c,0x6812,0xa00b,0xb808,0xb009,0x980c,0x5015,0x081e,0x001f,0x001f,0x001f,0x001f,0x001f,0x001f,0x001f,
		0x001f,0x340c,0x56a0,0x56a0,0x3cc8,0x1159,0x081e,0x3818,0x6812,0x800f,0x980c,0x880e,0x181c,0x001f,0x001f,0x001f,
		0x001f,0x4017,0x800f,0x900d,0x7810,0x281a,0x001f,0x001f,0x001f,0x001f,0x001f,0x001f,0x4546,0x56a0,0x344b,0x001f,
		0x001f,0x001f,0x081e,0x4017,0x800f,0xa00b,0xb009,0xc826,0xd1a0,0xc220,0xab40,0x6b08,0x001f,0x001f,0x001f,0x001f,
		0x001f,0x001f,0x001f,0x001f,0x001f,0x001f,0x800f,0xf820,0xf800,0xf800,0xf800,0xf800,0xf800,0xf800,0xf800,0xf800,
		0xf800,0xf800,0xf800,0xf800,0xd005,0xc806,0xc806,0xd083,0xd940,0xd1a0,0x7d40,0x56a0,0x56a0,0x56a0,0x56a0,0x56a0,
		0x56a0,0x56a0,0x56a0,0x56a0,0x56a0,0x56a0,0x56a0,0x56a0,0x56a0,0x56a0,0x56a0,0x56a0,0x56a0,0x56a0,0x56a0,0x56a0,
		0x56a0,0x56a0,0x56a0,0x56a0,0x56a0,0x56a0,0x56a0,0x56a0,0x56a0,0x56a0,0x56a0,0x56a0,0x56a0,0x56a0,0x56a0,0x56a0,
		0x56a0,0x56a0,0x9420,0xf800,0xf800,0xf800,0xf800,0xf800,0xf800,0xf800,0xf800,0xf800,0xf800,0xf800,0xf800,0xf800,
		0xf800,0x6013,0x001f,0x001f,0x001f,0x001f,0x4017,0xf800,0xf800,0xf800,0xf800,0xf800,0xf800,0xf800,0xf800,0xf800,
		0xf800,0xf800,0xf800,0xf800,0xf800,0x3019,0x001f,0x001f,0x001f,0x5680,0x56a0,0x56a0,0x56a0,0x56a0,0x56a0,0x2a72,
		0x7011,0xc806,0xf800,0xf800,0xf800,0xf800,0xf800,0xf800,0xf800,0xf800,0xf800,0xf800,0xc806,0x4017,0x001f,0x001f,
		0x001f,0x001f,0x001f,0x001f,0x001f,0x4e02,0x56a0,0x56a0,0x56a0,0x56a0,0x5da2,0x68b0,0xb009,0xf001,0xf800,0xf800,
		0xf800,0xf001,0x081e,0x001f,0x001f,0x181c,0xb009,0xf800,0xf800,0xf800,0xf800,0xf800,0xf800,0xf001,0x900d,0x081e,
		0x001f,0x001f,0x001f,0x001f,0x001f,0x001f,0x5641,0x56a0,0x56a0,0x56a0,0x4507,0x101d,0x880e,0xe802,0xf800,0xf800,
		0xf800,0xf800,0xf800,0xf800,0xf800,0xd004,0xa380,0xf080,0xf800,0xf800,0xf800,0xf800,0xf800,0xf800,0xf800,0xf800,
		0xf800,0xa80a,0x001f,0x001f,0x001f,0x1a35,0x56a0,0x56a0,0x56a0,0x56a0,0x22d2,0x081e,0x6812,0xd804,0xf800,0xf800,
		0xf800,0xf800,0xf800,0xf800,0xf800,0xf800,0xf800,0xd1c0,0x6b87,0x001f,0x001f,0x001f,0x001f,0x001f,0x001f,0x001f,
		0x001f,0x33cd,0xd960,0xf800,0xf800,0xf800,0xf800,0xf800,0xf800,0xf800,0xf800,0xf800,0xf001,0x001f,0x001f,0x001f,
		0x1159,0x56a0,0x56a0,0xca00,0xf800,0xf800,0xf800,0xf800,0xf800,0xf800,0xf800,0xf800,0xf800,0x900d,0x001f,0x101d,
		0x980c,0xf800,0xf800,0xf800,0xf800,0xf800,0xf800,0xf800,0xe003,0x5814,0x001f,0x001f,0x001f,0x001f,0x001f,0x001f,
		0x001f,0x1a35,0x56a0,0x7580,0xab40,0xd180,0xf800,0xf800,0xf800,0xf800,0xf800,0xf800,0x7810,0x001f,0x001f,0x181c,
		0xc806,0xf800,0xf800,0xf800,0xf800,0xf800,0x800f,0x001f,0x001f,0x001f,0x001f,0x08fb,0x5680,0x5661,0x08bc,0x001f,
		0x3818,0xa80a,0xf800,0xf800,0xf800,0xf800,0xf800,0xf800,0xf800,0xf800,0xf800,0xf800,0xe802,0x880e,0x101d,0x001f,
		0x001f,0x001f,0x001f,0x001f,0x281a,0xd005,0xf800,0xf800,0xf800,0xf800,0xf800,0xf800,0xf800,0xf800,0xf800,0xf800,
		0xf800,0xf800,0xf800,0xf800,0xf800,0xf800,0xf800,0xf800,0xf800,0xf800,0xab20,0x56a0,0x56a0,0x56a0,0x56a0,0x56a0,
		0x56a0,0x56a0,0x56a0,0x56a0,0x56a0,0x56a0,0x56a0,0x56a0,0x56a0,0x56a0,0x56a0,0x56a0,0x56a0,0x56a0,0x56a0,0x56a0,
		0x56a0,0x56a0,0x56a0,0x56a0,0x56a0,0x56a0,0x56a0,0x56a0,0x56a0,0x56a0,0x56a0,0x56a0,0x56a0,0x56a0,0x56a0,0x56a0,
		0x56a0,0x56a0,0x8c60,0xf800,0xf800,0xf800,0xf800,0xf800,0xf800,0xf800,0xf800,0xf800,0xf800,0xf800,0xf800,0xf800,
		0xf800,0xe003,0x081e,0x001f,0x001f,0x001f,0xc007,0xf800,0xf800,0xf800,0xf800,0xf800,0xf800,0xf800,0xf800,0xf800,
		0xf800,0xf800,0xf800,0xf800,0xf800,0x181c,0x001f,0x001f,0x001f,0x5641,0x56a0,0x56a0,0x56a0,0x5e60,0xab40,0xf060,
		0xf800,0xf800,0xf800,0xf800,0xf800,0xf800,0xf800,0xf800,0xf800,0xf800,0xf800,0xf800,0xf800,0xf800,0x980c,0x001f,
		0x001f,0x001f,0x001f,0x001f,0x001f,0x4da4,0x56a0,0x5e40,0x9be0,0xd980,0xf800,0xf800,0xf800,0xf800,0xf800,0xf800,
		0xf800,0xf800,0x281a,0x001f,0x181c,0xe003,0xf800,0xf800,0xf800,0xf800,0xf800,0xf800,0xf800,0xf800,0xf800,0xd005,
		0x181c,0x001f,0x001f,0x001f,0x001f,0x001f,0x4da4,0x56a0,0x56a0,0x56a0,0x61ed,0xe802,0xf800,0xf800,0xf800,0xf800,
		0xf800,0xf800,0xf800,0xf800,0xf800,0xf800,0xf800,0xf800,0xf800,0xf800,0xf800,0xf800,0xf800,0xf800,0xf800,0xf800,
		0xf800,0xa80a,0x001f,0x001f,0x001f,0x1a35,0x56a0,0x56a0,0x56a0,0x5660,0x4056,0xd804,0xf800,0xf800,0xf800,0xf800,
		0xf800,0xf800,0xf800,0xf800,0xf800,0xf800,0xf800,0xf800,0xf800,0x900d,0x081e,0x001f,0x001f,0x001f,0x001f,0x001f,
		0x001f,0x22b3,0xca00,0xf800,0xf800,0xf800,0xf800,0xf800,0xf800,0xf800,0xf800,0xf800,0xe003,0x001f,0x001f,0x001f,
		0x1159,0x56a0,0x56a0,0xc240,0xf800,0xf800,0xf800,0xf800,0xf800,0xf800,0xf800,0xf800,0xf800,0x900d,0x4816,0xe003,
		0xf800,0xf800,0xf800,0xf800,0xf800,0xf800,0xf800,0xf800,0xf800,0xf800,0x980c,0x001f,0x001f,0x001f,0x001f,0x001f,
		0x001f,0x60d1,0xe120,0xf800,0xf800,0xf800,0xf800,0xf800,0xf800,0xf800,0xf800,0xf800,0xa80a,0x001f,0x101d,0xe003,
		0xf800,0xf800,0xf800,0xf800,0xf800,0xf800,0xf800,0x6013,0x001f,0x001f,0x001f,0x3c8a,0x56a0,0x3c6a,0x201b,0xb808,
		0xf800,0xf800,0xf800,0xf800,0xf800,0xf800,0xf800,0xf800,0xf800,0xf800,0xf800,0xf800,0xf800,0xf800,0xe802,0x5814,
		0x001f,0x001f,0x001f,0x001f,0xa80a,0xf800,0xf800,0xf800,0xf800,0xf800,0xf800,0xf800,0xf800,0xf800,0xf800,0xf800,
		0xf800,0xf800,0xf800,0xf800,0xf800,0xf800,0xf800,0xf800,0xf800,0xf800,0xb2e0,0x56a0,0x56a0,0x56a0,0x56a0,0x56a0,
		0x56a0,0x56a0,0x56a0,0x56a0,0x56a0,0x56a0,0x56a0,0x56a0,0x56a0,0x56a0,0x56a0,0x56a0,0x56a0,0x56a0,0x56a0,0x56a0,
		0x56a0,0x56a0,0x56a0,0x56a0,0x56a0,0x56a0,0x56a0,0x56a0,0x56a0,0x56a0,0x56a0,0x56a0,0x56a0,0x56a0,0x56a0,0x56a0,
		0x56a0,0x56a0,0x8c60,0xf800,0xf800,0xf800,0xf800,0xf800,0xf800,0xf800,0xf800,0xf800,0xf800,0xf800,0xf800,0xf800,
		0xf800,0xf800,0x880e,0x001f,0x001f,0x4816,0xf800,0xf800,0xf800,0xf800,0xf800,0xf800,0xf800,0xf800,0xf800,0xf800,
		0xf800,0xf800,0xf800,0xf800,0xf800,0x101d,0x001f,0x001f,0x001f,0x4e22,0x56a0,0x56a0,0x6da0,0xe100,0xf800,0xf800,
		0xf800,0xf800,0xf800,0xf800,0xf800,0xf800,0xf800,0xf800,0xf800,0xf800,0xf800,0xf800,0xf800,0xf800,0xf800,0xa80a,
		0x001f,0x001f,0x001f,0x001f,0x001f,0x5564,0xab20,0xf840,0xf800,0xf800,0xf800,0xf800,0xf800,0xf800,0xf800,0xf800,
		0xf800,0xf800,0x3818,0x101d,0xd005,0xf800,0xf800,0xf800,0xf800,0xf800,0xf800,0xf800,0xf800,0xf800,0xf800,0xf800,
		0xc806,0x001f,0x001f,0x001f,0x001f,0x001f,0x4546,0x56a0,0x56a0,0x9c00,0xf800,0xf800,0xf800,0xf800,0xf800,0xf800,
		0xf800,0xf800,0xf800,0xf800,0xf800,0xf800,0xf800,0xf800,0xf800,0xf800,0xf800,0xf800,0xf800,0xf800,0xf800,0xf800,
		0xf800,0xa80a,0x001f,0x001f,0x001f,0x1a35,0x56a0,0x56a0,0x56a0,0x92e4,0xf800,0xf800,0xf800,0xf800,0xf800,0xf800,
		0xf800,0xf800,0xf800,0xf800,0xf800,0xf800,0xf800,0xf800,0xf800,0xf800,0xb808,0x081e,0x001f,0x001f,0x001f,0x001f,
		0x001f,0x1a16,0xbaa0,0xf800,0xf800,0xf800,0xf800,0xf800,0xf800,0xf800,0xf800,0xf800,0xd804,0x001f,0x001f,0x001f,
		0x1159,0x56a0,0x56a0,0xc240,0xf800,0xf800,0xf800,0xf800,0xf800,0xf800,0xf800,0xf800,0xf800,0xf001,0xf800,0xf800,
		0xf800,0xf800,0xf800,0xf800,0xf800,0xf800,0xf800,0xf800,0xf800,0xf800,0xf800,0x880e,0x001f,0x001f,0x001f,0x001f,
		0xb009,0xf800,0xf800,0xf800,0xf800,0xf800,0xf800,0xf800,0xf800,0xf800,0xf800,0xf800,0xe003,0x101d,0xb808,0xf800,
		0xf800,0xf800,0xf800,0xf800,0xf800,0xf800,0xf800,0xe003,0x001f,0x001f,0x2b8e,0x56a0,0x56a0,0x716d,0xf001,0xf800,
		0xf800,0xf800,0xf800,0xf800,0xf800,0xf800,0xf800,0xf800,0xf800,0xf800,0xf800,0xf800,0xf800,0xf800,0xf800,0xf800,
		0x880e,0x001f,0x001f,0x001f,0xb009,0xf800,0xf800,0xf800,0xf800,0xf800,0xf800,0xf800,0xf800,0xf800,0xf800,0xf800,
		0xf800,0xf800,0xf800,0xf800,0xf800,0xf800,0xf800,0xf800,0xf800,0xf800,0xb300,0x56a0,0x56a0,0x56a0,0x56a0,0x56a0,
		0x56a0,0x56a0,0x56a0,0x56a0,0x56a0,0x56a0,0x56a0,0x56a0,0x56a0,0x56a0,0x56a0,0x56a0,0x56a0,0x56a0,0x56a0,0x56a0,
		0x56a0,0x56a0,0x56a0,0x56a0,0x56a0,0x56a0,0x56a0,0x56a0,0x56a0,0x56a0,0x56a0,0x56a0,0x56a0,0x56a0,0x56a0,0x56a0,
		0x56a0,0x56a0,0x9440,0xf800,0xf800,0xf800,0xf800,0xf800,0xf800,0xf800,0xf800,0xf800,0xf800,0xf800,0xf800,0xf800,
		0xf800,0xf800,0xf800,0x3818,0x181c,0xe003,0xf800,0xf800,0xf800,0xf800,0xf800,0xf800,0xf800,0xf800,0xf800,0xf800,
		0xf800,0xf800,0xf800,0xf800,0xf800,0x081e,0x001f,0x001f,0x001f,0x4e02,0x56a0,0x6600,0xe8a0,0xf800,0xf800,0xf800,
		0xf800,0xf800,0xf800,0xc9c0,0x7366,0x81e9,0xf000,0xf800,0xf800,0xf800,0xf800,0xf800,0xf800,0xf800,0xf800,0xf800,
		0x5015,0x001f,0x001f,0x001f,0x001f,0xc9a1,0xf800,0xf800,0xf800,0xf800,0xf800,0xf800,0xf800,0xf800,0xf800,0xf800,
		0xf800,0xf800,0xe802,0xe802,0xf800,0xf800,0xf800,0xf800,0xf800,0xf800,0xf800,0xf800,0xf800,0xf800,0xf800,0xf800,
		0xf800,0x5814,0x001f,0x001f,0x001f,0x001f,0x4507,0x56a0,0x8c80,0xf800,0xf800,0xf800,0xf800,0xf800,0xf800,0xf800,
		0xf800,0xf800,0xf800,0xf800,0xf800,0xf800,0xf800,0xf800,0xf800,0xf800,0xf800,0xf800,0xf800,0xf800,0xf800,0xf800,
		0xf800,0xa80a,0x001f,0x001f,0x001f,0x1a35,0x56a0,0x56a0,0x9bc0,0xf800,0xf800,0xf800,0xf800,0xf800,0xf800,0xf800,
		0xf001,0xa00b,0x900d,0xd804,0xf800,0xf800,0xf800,0xf800,0xf800,0xf800,0xf800,0xb009,0x001f,0x001f,0x001f,0x001f,
		0x001f,0x22b2,0xb300,0xf800,0xf800,0xf800,0xf800,0xf800,0xf800,0xf800,0xf800,0xf800,0xc806,0x001f,0x001f,0x001f,
		0x1159,0x56a0,0x56a0,0xc240,0xf800,0xf800,0xf800,0xf800,0xf800,0xf800,0xf800,0xf800,0xf800,0xf800,0xf800,0xf800,
		0xf800,0xf800,0xf800,0xf800,0xf800,0xf800,0xf800,0xf800,0xf800,0xf800,0xf800,0xf800,0x4816,0x001f,0x001f,0x6812,
		0xf800,0xf800,0xf800,0xf800,0xf800,0xf800,0xf800,0xf800,0xf800,0xf800,0xf800,0xf800,0xf800,0xf800,0xf800,0xf800,
		0xf800,0xf800,0xf800,0xf800,0xf800,0xf800,0xf800,0xf800,0x49d0,0x4527,0x56a0,0x56a0,0xa380,0xf800,0xf800,0xf800,
		0xf800,0xf800,0xf800,0xf800,0xf800,0xf800,0xf800,0xf800,0xf800,0xf800,0xf800,0xf800,0xf800,0xf800,0xf800,0xf800,
		0xf800,0x800f,0x001f,0x001f,0x7810,0xe802,0xe802,0xe802,0xf800,0xf800,0xf800,0xf800,0xf800,0xf800,0xf800,0xf800,
		0xf800,0xf800,0xf800,0xf800,0xf800,0xf800,0xf800,0xf800,0xf800,0xf800,0x9440,0x56a0,0x56a0,0x56a0,0x56a0,0x56a0,
		0x56a0,0x56a0,0x56a0,0x56a0,0x56a0,0x56a0,0x56a0,0x56a0,0x56a0,0x56a0,0x56a0,0x56a0,0x56a0,0x56a0,0x56a0,0x56a0,
		0x56a0,0x56a0,0x56a0,0x56a0,0x56a0,0x56a0,0x56a0,0x56a0,0x56a0,0x56a0,0x56a0,0x56a0,0x56a0,0x56a0,0x56a0,0x56a0,
		0x56a0,0x56a0,0x9420,0xf800,0xf800,0xf800,0xf800,0xf800,0xf800,0xf800,0xf800,0xf800,0xf800,0xf800,0xf800,0xf800,
		0xf800,0xf800,0xf800,0xf800,0xf800,0xf800,0xf800,0xf800,0xf800,0xf800,0xf800,0xf800,0xf800,0xf800,0xf800,0xf800,
		0xf800,0xf800,0xf800,0xf800,0xf800,0x001f,0x001f,0x001f,0x001f,0x4dc3,0x56a0,0xbaa0,0xf800,0xf800,0xf800,0xf800,
		0xf800,0xf800,0xc0a5,0x083e,0x001f,0x001f,0x800f,0xf800,0xf800,0xf800,0xf800,0xf800,0xf800,0xf800,0xf800,0xf800,
		0xb009,0x001f,0x001f,0x001f,0x001f,0xf040,0xf800,0xf800,0xf800,0xf800,0xf800,0xf800,0xf800,0xf800,0xf800,0xf800,
		0xf800,0xf800,0xf800,0xf800,0xf800,0xf800,0xf800,0xf800,0xf800,0xf800,0xf800,0xf800,0xf800,0xf800,0xf800,0xf800,
		0xf800,0xa80a,0x001f,0x001f,0x001f,0x001f,0x3cc8,0x65e0,0xf080,0xf800,0xf800,0xf800,0xf800,0xf800,0xf800,0xf800,
		0xf800,0xf800,0xf800,0xb009,0x5814,0x9ac3,0xf060,0xf800,0xf800,0xf800,0xf800,0xf800,0xf800,0xf800,0xf800,0xf800,
		0xf800,0xa80a,0x001f,0x001f,0x001f,0x1a35,0x56a0,0x84e0,0xf800,0xf800,0xf800,0xf800,0xf800,0xf800,0xf800,0xf001,
		0x3019,0x001f,0x001f,0x081e,0xc806,0xf800,0xf800,0xf800,0xf800,0xf800,0xf800,0xf800,0x6013,0x001f,0x001f,0x001f,
		0x001f,0x4507,0xab20,0xf800,0xf800,0xf800,0xf800,0xf800,0xf800,0xf800,0xf800,0xf800,0xc806,0x001f,0x001f,0x001f,
		0x1159,0x56a0,0x56a0,0xc240,0xf800,0xf800,0xf800,0xf800,0xf800,0xf800,0xf800,0xf800,0xf800,0xf800,0xf800,0xf800,
		0xf800,0xf800,0xf800,0xf800,0xf800,0xf800,0xf800,0xf800,0xf800,0xf800,0xf800,0xf800,0xd005,0x001f,0x001f,0x6812,
		0xf800,0xf800,0xf800,0xf800,0xf800,0xf800,0xf800,0xf800,0xf800,0xf800,0xf800,0xf800,0xf800,0xf800,0xf800,0xf800,
		0xf800,0xf800,0xf800,0xf800,0xf800,0xf800,0xf800,0xf800,0x9440,0x56a0,0x56a0,0x9bc0,0xf800,0xf800,0xf800,0xf800,
		0xf800,0xf800,0xf800,0xf800,0xf001,0xb808,0xd804,0xf800,0xf800,0xf800,0xf800,0xf800,0xf800,0xf800,0xf800,0xf800,
		0xf800,0xf800,0x4816,0x001f,0x001f,0x001f,0x001f,0x001f,0x89c8,0xf800,0xf800,0xf800,0xf800,0xf800,0xf800,0xf800,
		0xf800,0xf800,0xf800,0xd804,0x5015,0x4017,0x4017,0x59ee,0x84c0,0x7d40,0x56a0,0x56a0,0x56a0,0x56a0,0x56a0,0x56a0,
		0x56a0,0x56a0,0x56a0,0x56a0,0x56a0,0x56a0,0x56a0,0x56a0,0x56a0,0x56a0,0x56a0,0x56a0,0x56a0,0x56a0,0x56a0,0x56a0,
		0x56a0,0x56a0,0x56a0,0x56a0,0x56a0,0x56a0,0x56a0,0x56a0,0x56a0,0x56a0,0x56a0,0x56a0,0x56a0,0x56a0,0x56a0,0x56a0,
		0x56a0,0x56a0,0x9be0,0xf800,0xf800,0xf800,0xf800,0xf800,0xf800,0xf800,0xf800,0xf800,0xf800,0xf800,0xf800,0xf800,
		0xf800,0xf800,0xf800,0xf800,0xf800,0xf800,0xf800,0xf800,0xf800,0xf800,0xf800,0xf800,0xf800,0xf800,0xf800,0xf800,
		0xf800,0xf800,0xf800,0xf800,0xf800,0x001f,0x001f,0x001f,0x001f,0x4565,0x56a0,0xe100,0xf800,0xf800,0xf800,0xf800,
		0xf800,0xd005,0x081e,0x001f,0x001f,0x001f,0x3818,0xf800,0xf800,0xf800,0xf800,0xf800,0xf800,0xf800,0xf800,0xf800,
		0xf001,0x001f,0x001f,0x001f,0x001f,0x9b02,0xf800,0xf800,0xf800,0xf800,0xf800,0xf800,0xf800,0xf800,0xf800,0xf800,
		0xf800,0xf800,0xf800,0xf800,0xf800,0xf800,0xf800,0xf800,0xf800,0xf800,0xf800,0xf800,0xf800,0xf800,0xf800,0xf800,
		0xf800,0xe003,0x001f,0x001f,0x001f,0x001f,0x3c8a,0xba80,0xf800,0xf800,0xf800,0xf800,0xf800,0xf800,0xf800,0xf800,
		0xf800,0xf800,0xa80a,0x001f,0x001f,0x4565,0x84e0,0xf800,0xf800,0xf800,0xf800,0xf800,0xf800,0xf800,0xf800,0xf800,
		0xf800,0xa80a,0x001f,0x001f,0x001f,0x1a35,0x5e60,0xe8e0,0xf800,0xf800,0xf800,0xf800,0xf800,0xf800,0xf800,0x900d,
		0x001f,0x001f,0x001f,0x001f,0x5892,0xf800,0xf800,0xf800,0xf800,0xf800,0xf800,0xf800,0xe003,0x08fb,0x08fb,0x093a,
		0x33cd,0x56a0,0xab20,0xf800,0xf800,0xf800,0xf800,0xf800,0xf800,0xf800,0xf800,0xf800,0xc806,0x001f,0x001f,0x001f,
		0x1159,0x56a0,0x56a0,0xc240,0xf800,0xf800,0xf800,0xf800,0xf800,0xf800,0xf800,0xf800,0xf800,0xf800,0xf800,0xf800,
		0xf800,0xf800,0xf800,0xf800,0xf800,0xf800,0xf800,0xf800,0xf800,0xf800,0xf800,0xf800,0xf800,0x4816,0x001f,0x081e,
		0x980c,0xf800,0xf800,0xf800,0xf800,0xf800,0xf800,0xf800,0xf800,0xf800,0xf800,0xf800,0xf800,0xf800,0xf800,0xf800,
		0xf800,0xf800,0xf800,0xf800,0xf800,0xf800,0xf800,0xf800,0x84c0,0x56a0,0x7560,0xf800,0xf800,0xf800,0xf800,0xf800,
		0xf800,0xf800,0xf800,0xf001,0x281a,0x001f,0x001f,0xa00b,0xf800,0xf800,0xf800,0xf800,0xf800,0xf800,0xf800,0xf800,
		0xf800,0xf800,0xe003,0x081e,0x001f,0x001f,0x001f,0x001f,0x8209,0xf800,0xf800,0xf800,0xf800,0xf800,0xf800,0xf800,
		0xf800,0xf800,0xf800,0x980c,0x001f,0x001f,0x001f,0x22b3,0x56a0,0x56a0,0x56a0,0x56a0,0x56a0,0x56a0,0x56a0,0x56a0,
		0x56a0,0x56a0,0x56a0,0x56a0,0x56a0,0x56a0,0x56a0,0x56a0,0x56a0,0x56a0,0x56a0,0x56a0,0x56a0,0x56a0,0x56a0,0x56a0,
		0x56a0,0x56a0,0x56a0,0x56a0,0x56a0,0x56a0,0x56a0,0x56a0,0x56a0,0x56a0,0x56a0,0x56a0,0x56a0,0x56a0,0x56a0,0x56a0,
		0x56a0,0x56a0,0x9bc0,0xf800,0xf800,0xf800,0xf800,0xf800,0xf800,0xf800,0xf800,0xf800,0xf800,0xf800,0xf800,0xf800,
		0xf800,0xf800,0xf800,0xf800,0xf800,0xf800,0xf800,0xf800,0xf800,0xf800,0xf800,0xf800,0xf800,0xf800,0xf800,0xf800,
		0xf800,0xf800,0xf800,0xf800,0xf800,0x001f,0x001f,0x001f,0x001f,0x3cc8,0x56a0,0xd1a0,0xf800,0xf800,0xf800,0xf800,
		0xe003,0x201b,0x001f,0x001f,0x001f,0x001f,0x101d,0xf800,0xf800,0xf800,0xf800,0xf800,0xf800,0xf800,0xf800,0xf800,
		0xf800,0x081e,0x001f,0x001f,0x001f,0x4565,0x8c80,0xf840,0xf800,0xf800,0xf800,0xf800,0xf800,0xf800,0xf800,0xf800,
		0xf800,0xf800,0xf800,0xb009,0x6013,0x5015,0xc182,0xf800,0xf800,0xf800,0xf800,0xf800,0xf800,0xf800,0xf800,0xf800,
		0xf800,0xf800,0x001f,0x001f,0x001f,0x001f,0x53c9,0xf800,0xf800,0xf800,0xf800,0xf800,0xf800,0xf800,0xf800,0xf800,
		0xf800,0xf800,0x181c,0x001f,0x001f,0x4526,0x56a0,0xe0e0,0xf800,0xf800,0xf800,0xf800,0xf800,0xf800,0xf800,0xf800,
		0xf800,0xa80a,0x001f,0x001f,0x001f,0x1a35,0xa3a0,0xf800,0xf800,0xf800,0xf800,0xf800,0xf800,0xf800,0xf800,0x6013,
		0x001f,0x001f,0x001f,0x2293,0x7d00,0xf800,0xf800,0xf800,0xf800,0xf800,0xf800,0xf800,0xf800,0x8c80,0x56a0,0x56a0,
		0x56a0,0x56a0,0xab40,0xf800,0xf800,0xf800,0xf800,0xf800,0xf800,0xf800,0xf800,0xf800,0xc806,0x001f,0x001f,0x001f,
		0x093a,0x56a0,0x56a0,0xc240,0xf800,0xf800,0xf800,0xf800,0xf800,0xf800,0xf800,0xf800,0xf800,0xf800,0xc806,0x7011,
		0x800f,0xe821,0xf800,0xf800,0xf800,0xf800,0xf800,0xf800,0xf800,0xf800,0xf800,0xf800,0xf800,0x900d,0x001f,0x001f,
		0x001f,0x4a0f,0xf840,0xf800,0xf800,0xf800,0xf800,0xf800,0xf800,0xf800,0xf800,0xf800,0xf800,0xf800,0xf800,0xf800,
		0xf800,0xf800,0xf800,0xf800,0xf800,0xf800,0xf800,0xf840,0x5e60,0x5680,0xd1a0,0xf800,0xf800,0xf800,0xf800,0xf800,
		0xf800,0xf800,0xf800,0x980c,0x001f,0x001f,0x001f,0x081e,0xf020,0xf800,0xf800,0xf800,0xf800,0xf800,0xf800,0xf800,
		0xf800,0xf800,0xf800,0x6812,0x001f,0x001f,0x001f,0x001f,0x8267,0xf800,0xf800,0xf800,0xf800,0xf800,0xf800,0xf800,
		0xf800,0xf800,0xf800,0x900d,0x001f,0x001f,0x001f,0x22b3,0x56a0,0x56a0,0x56a0,0x56a0,0x56a0,0x56a0,0x56a0,0x56a0,
		0x56a0,0x56a0,0x56a0,0x56a0,0x56a0,0x56a0,0x56a0,0x56a0,0x56a0,0x56a0,0x56a0,0x56a0,0x56a0,0x56a0,0x56a0,0x56a0,
		0x56a0,0x56a0,0x56a0,0x56a0,0x56a0,0x56a0,0x56a0,0x56a0,0x56a0,0x56a0,0x56a0,0x56a0,0x56a0,0x56a0,0x56a0,0x56a0,
		0x56a0,0x56a0,0xa3a0,0xf800,0xf800,0xf800,0xf800,0xf800,0xf800,0xe802,0xf800,0xf800,0xf800,0xf800,0xf800,0xf800,
		0xf800,0xf800,0xf800,0xf800,0xf800,0xf800,0xf800,0xf800,0xf800,0xf800,0xf800,0xf800,0xf800,0xf800,0xf800,0xf800,
		0xf800,0xf800,0xf800,0xf800,0xf800,0x001f,0x001f,0x001f,0x001f,0x344b,0x56a0,0x7d40,0xe8a0,0xf800,0xf800,0xb009,
		0x181c,0x001f,0x001f,0x001f,0x001f,0x001f,0x001f,0xf800,0xf800,0xf800,0xf800,0xf800,0xf800,0xf800,0xf800,0xf800,
		0xf800,0x201b,0x001f,0x001f,0x001f,0x4527,0x56a0,0xab20,0xf800,0xf800,0xf800,0xf800,0xf800,0xf800,0xf800,0xf800,
		0xf800,0xf800,0xc806,0x001f,0x001f,0x001f,0x44c8,0xd1a0,0xf800,0xf800,0xf800,0xf800,0xf800,0xf800,0xf800,0xf800,
		0xf800,0xf800,0x181c,0x001f,0x001f,0x001f,0x9206,0xf800,0xf800,0xf800,0xf800,0xf800,0xf800,0xf800,0xf800,0xf800,
		0xf800,0xb009,0x001f,0x001f,0x001f,0x3c6a,0x56a0,0xca00,0xf800,0xf800,0xf800,0xf800,0xf800,0xf800,0xf800,0xf800,
		0xf800,0xa80a,0x001f,0x001f,0x001f,0x1a35,0xe0e0,0xf800,0xf800,0xf800,0xf800,0xf800,0xf800,0xf800,0xf800,0xc007,
		0x4017,0x3019,0x3019,0x4932,0xc9e0,0xf800,0xf800,0xf800,0xf800,0xf800,0xf800,0xf800,0xf800,0xb300,0x56a0,0x56a0,
		0x56a0,0x56a0,0xa360,0xf800,0xf800,0xf800,0xf800,0xf800,0xf800,0xf800,0xf800,0xf800,0xc806,0x001f,0x001f,0x001f,
		0x091b,0x56a0,0x56a0,0xc240,0xf800,0xf800,0xf800,0xf800,0xf800,0xf800,0xf800,0xf800,0xf800,0xf001,0x081e,0x001f,
		0x001f,0x39b3,0xf080,0xf800,0xf800,0xf800,0xf800,0xf800,0xf800,0xf800,0xf800,0xf800,0xf800,0xc806,0x001f,0x001f,
		0x001f,0x3c4b,0xd1c0,0xf800,0xf800,0xf800,0xf800,0xf800,0xf800,0xf800,0xf800,0xf800,0xf800,0xb808,0xe802,0xf800,
		0xf800,0xf800,0xf800,0xf800,0xf800,0xf800,0xf800,0xab20,0x56a0,0x7d20,0xf800,0xf800,0xf800,0xf800,0xf800,0xf800,
		0xf800,0xf800,0xf800,0x7810,0x001f,0x001f,0x001f,0x001f,0xa8e7,0xf800,0xf800,0xf800,0xf800,0xf800,0xf800,0xf800,
		0xf800,0xf800,0xf800,0xd005,0x001f,0x001f,0x001f,0x001f,0x9343,0xf800,0xf800,0xf800,0xf800,0xf800,0xf800,0xf800,
		0xf800,0xf800,0xf800,0x900d,0x001f,0x001f,0x001f,0x1a54,0x56a0,0x56a0,0x56a0,0x56a0,0x56a0,0x56a0,0x56a0,0x56a0,
		0x56a0,0x56a0,0x56a0,0x56a0,0x56a0,0x56a0,0x56a0,0x56a0,0x56a0,0x56a0,0x56a0,0x56a0,0x56a0,0x56a0,0x56a0,0x56a0,
		0x56a0,0x56a0,0x56a0,0x56a0,0x56a0,0x56a0,0x56a0,0x56a0,0x56a0,0x56a0,0x56a0,0x56a0,0x56a0,0x56a0,0x56a0,0x56a0,
		0x56a0,0x56a0,0xa360,0xf800,0xf800,0xf800,0xf800,0xf800,0xb009,0x001f,0xc806,0xf800,0xf800,0xf800,0xf800,0xf800,
		0xf800,0xf800,0xf800,0xf800,0xf800,0xf800,0xf800,0xf800,0xf001,0x98ca,0xe8a0,0xf800,0xf800,0xf800,0xf800,0xf800,
		0xf800,0xf800,0xf800,0xf800,0xf800,0x081e,0x001f,0x001f,0x001f,0x2bae,0x56a0,0x56a0,0x5e60,0x7560,0x187a,0x001f,
		0x001f,0x001f,0x001f,0x001f,0x001f,0x001f,0x081e,0xf800,0xf800,0xf800,0xf800,0xf800,0xf800,0xf800,0xf800,0xf800,
		0xf800,0x201b,0x001f,0x001f,0x001f,0x344b,0x56a0,0x9440,0xf800,0xf800,0xf800,0xf800,0xf800,0xf800,0xf800,0xf800,
		0xf800,0xf800,0x7810,0x001f,0x001f,0x001f,0x3ce8,0x9420,0xf800,0xf800,0xf800,0xf800,0xf800,0xf800,0xf800,0xf800,
		0xf800,0xf800,0x281a,0x001f,0x001f,0x001f,0xd0c3,0xf800,0xf800,0xf800,0xf800,0xf800,0xf800,0xf800,0xf800,0xf800,
		0xf800,0x7011,0x001f,0x001f,0x001f,0x22f2,0x56a0,0xba80,0xf800,0xf800,0xf800,0xf800,0xf800,0xf800,0xf800,0xf800,
		0xf800,0xa80a,0x001f,0x001f,0x001f,0x3993,0xf800,0xf800,0xf800,0xf800,0xf800,0xf800,0xf800,0xf800,0xf800,0xf800,
		0xf800,0xf800,0xf800,0xf800,0xf800,0xf800,0xf800,0xf800,0xf800,0xf800,0xf800,0xf800,0xf800,0xca20,0x4546,0x4de3,
		0x56a0,0x56a0,0xab60,0xf800,0xf800,0xf800,0xf800,0xf800,0xf800,0xf800,0xf800,0xf800,0xc806,0x001f,0x001f,0x001f,
		0x08db,0x56a0,0x56a0,0xc240,0xf800,0xf800,0xf800,0xf800,0xf800,0xf800,0xf800,0xf800,0xf800,0xb009,0x001f,0x001f,
		0x001f,0x11d7,0x9c00,0xf800,0xf800,0xf800,0xf800,0xf800,0xf800,0xf800,0xf800,0xf800,0xf800,0xd804,0x001f,0x001f,
		0x005e,0x5641,0xc220,0xf800,0xf800,0xf800,0xf800,0xf800,0xf800,0xf800,0xf800,0xf800,0xd005,0x001f,0x201b,0xd804,
		0xf800,0xf800,0xf800,0xf800,0xf800,0xf800,0xd180,0x5e60,0x56a0,0xb300,0xf800,0xf800,0xf800,0xf800,0xf800,0xf800,
		0xf800,0xf800,0xf800,0x880e,0x001f,0x001f,0x001f,0x001f,0x4855,0xf800,0xf800,0xf800,0xf800,0xf800,0xf800,0xf800,
		0xf800,0xf800,0xf800,0xf800,0x201b,0x001f,0x001f,0x091b,0x9be0,0xf800,0xf800,0xf800,0xf800,0xf800,0xf800,0xf800,
		0xf800,0xf800,0xf800,0x900d,0x001f,0x001f,0x001f,0x091b,0x5680,0x56a0,0x56a0,0x56a0,0x56a0,0x56a0,0x56a0,0x56a0,
		0x56a0,0x56a0,0x56a0,0x56a0,0x56a0,0x56a0,0x56a0,0x56a0,0x56a0,0x56a0,0x56a0,0x56a0,0x56a0,0x56a0,0x56a0,0x56a0,
		0x56a0,0x56a0,0x56a0,0x56a0,0x56a0,0x56a0,0x56a0,0x56a0,0x56a0,0x56a0,0x56a0,0x56a0,0x56a0,0x56a0,0x56a0,0x56a0,
		0x56a0,0x56a0,0xab40,0xf800,0xf800,0xf800,0xf800,0xf800,0x800f,0x001f,0x3818,0xf800,0xf800,0xf800,0xf800,0xf800,
		0xf800,0xf800,0xf800,0xf800,0xf800,0xf800,0xf800,0xf800,0x5814,0x3cc8,0xbac0,0xf800,0xf800,0xf800,0xf800,0xf800,
		0xf800,0xf800,0xf800,0xf800,0xf800,0x101d,0x001f,0x001f,0x001f,0x2b11,0x56a0,0x56a0,0x56a0,0x4527,0x001f,0x001f,
		0x001f,0x281a,0x4816,0x6013,0x7011,0x800f,0xb808,0xf800,0xf800,0xf800,0xf800,0xf800,0xf800,0xf800,0xf800,0xf800,
		0xf800,0x201b,0x001f,0x001f,0x001f,0x22b3,0x56a0,0x8c80,0xf800,0xf800,0xf800,0xf800,0xf800,0xf800,0xf800,0xf800,
		0xf800,0xf800,0x5814,0x001f,0x001f,0x001f,0x3cc8,0x7580,0xf800,0xf800,0xf800,0xf800,0xf800,0xf800,0xf800,0xf800,
		0xf800,0xf800,0x3019,0x001f,0x001f,0x001f,0xf800,0xf800,0xf800,0xf800,0xf800,0xf800,0xf800,0xf800,0xf800,0xf800,
		0xf800,0x4816,0x001f,0x001f,0x001f,0x08bc,0x5641,0xb300,0xf800,0xf800,0xf800,0xf800,0xf800,0xf800,0xf800,0xf800,
		0xf800,0xa80a,0x001f,0x001f,0x001f,0x68ef,0xf800,0xf800,0xf800,0xf800,0xf800,0xf800,0xf800,0xf800,0xf800,0xf800,
		0xf800,0xf800,0xf800,0xf800,0xf800,0xf800,0xf800,0xf800,0xf800,0xf800,0xf800,0xf800,0xf800,0xa8c8,0x001f,0x007e,
		0x4585,0x56a0,0xab40,0xf800,0xf800,0xf800,0xf800,0xf800,0xf800,0xf800,0xf800,0xf800,0xc806,0x001f,0x001f,0x001f,
		0x08bc,0x56a0,0x56a0,0xc220,0xf800,0xf800,0xf800,0xf800,0xf800,0xf800,0xf800,0xf800,0xf800,0xa00b,0x001f,0x001f,
		0x001f,0x091a,0x5e40,0xf840,0xf800,0xf800,0xf800,0xf800,0xf800,0xf800,0xf800,0xf800,0xf800,0xf001,0x001f,0x001f,
		0x22d2,0x56a0,0xca00,0xf800,0xf800,0xf800,0xf800,0xf800,0xf800,0xf800,0xf800,0xf800,0xb808,0x001f,0x001f,0x101d,
		0xb048,0xf800,0xf800,0xf800,0xf820,0xb2e0,0x5e60,0x56a0,0x56a0,0xe120,0xf800,0xf800,0xf800,0xf800,0xf800,0xf800,
		0xf800,0xf800,0xf800,0xa00b,0x001f,0x001f,0x001f,0x001f,0x081e,0xf800,0xf800,0xf800,0xf800,0xf800,0xf800,0xf800,
		0xf800,0xf800,0xf800,0xf800,0x5015,0x001f,0x001f,0x33ec,0x9be0,0xf800,0xf800,0xf800,0xf800,0xf800,0xf800,0xf800,
		0xf800,0xf800,0xf800,0x900d,0x001f,0x001f,0x001f,0x001f,0x2bae,0x56a0,0x56a0,0x4e02,0x2b50,0x1a74,0x5641,0x56a0,
		0x56a0,0x56a0,0x56a0,0x56a0,0x56a0,0x56a0,0x56a0,0x56a0,0x56a0,0x56a0,0x56a0,0x56a0,0x56a0,0x56a0,0x56a0,0x56a0,
		0x56a0,0x56a0,0x56a0,0x56a0,0x56a0,0x56a0,0x56a0,0x56a0,0x56a0,0x56a0,0x56a0,0x56a0,0x56a0,0x56a0,0x56a0,0x56a0,
		0x56a0,0x56a0,0xb2c0,0xf800,0xf800,0xf800,0xf800,0xf800,0x7810,0x001f,0x001f,0xc806,0xf800,0xf800,0xf800,0xf800,
		0xf800,0xf800,0xf800,0xf800,0xf800,0xf800,0xf800,0xc806,0x113a,0x5680,0xab40,0xf800,0xf800,0xf800,0xf800,0xf800,
		0xf800,0xf800,0xf800,0xf800,0xf800,0x181c,0x001f,0x001f,0x001f,0x19f6,0x56a0,0x56a0,0x56a0,0x3c8a,0x4017,0xa80a,
		0xe802,0xf800,0xf800,0xf800,0xf800,0xf800,0xf800,0xf800,0xf800,0xf800,0xf800,0xf800,0xf800,0xf800,0xf800,0xf800,
		0xf800,0x181c,0x001f,0x001f,0x001f,0x001f,0x2b30,0x83a3,0xf800,0xf800,0xf800,0xf800,0xf800,0xf800,0xf800,0xf800,
		0xf800,0xf800,0x4816,0x001f,0x001f,0x001f,0x344b,0x6620,0xf800,0xf800,0xf800,0xf800,0xf800,0xf800,0xf800,0xf800,
		0xf800,0xf800,0x4017,0x001f,0x001f,0x181c,0xf800,0xf800,0xf800,0xf800,0xf800,0xf800,0xf800,0xf800,0xf800,0xf800,
		0xf800,0x3019,0x001f,0x001f,0x001f,0x001f,0x2293,0xab20,0xf800,0xf800,0xf800,0xf800,0xf800,0xf800,0xf800,0xf800,
		0xf800,0xa80a,0x001f,0x001f,0x001f,0x802f,0xf800,0xf800,0xf800,0xf800,0xf800,0xf800,0xf800,0xf800,0xf800,0xf800,
		0xf800,0xf800,0xf800,0xf800,0xf800,0xf800,0xf800,0xf800,0xf800,0xf800,0xf800,0xf800,0xf800,0x6013,0x001f,0x001f,
		0x22b3,0x56a0,0xab20,0xf800,0xf800,0xf800,0xf800,0xf800,0xf800,0xf800,0xf800,0xf800,0xc806,0x001f,0x001f,0x001f,
		0x009d,0x56a0,0x56a0,0xca00,0xf800,0xf800,0xf800,0xf800,0xf800,0xf800,0xf800,0xf800,0xf800,0x980c,0x001f,0x001f,
		0x001f,0x007d,0x56a0,0xd1a0,0xf800,0xf800,0xf800,0xf800,0xf800,0xf800,0xf800,0xf800,0xf800,0xe003,0x001f,0x007d,
		0x4e02,0x56a0,0xc9e0,0xf800,0xf800,0xf800,0xf800,0xf800,0xf800,0xf800,0xf800,0xf800,0xa80a,0x001f,0x001f,0x001f,
		0x003f,0x5d23,0x84e0,0x7d20,0x5e60,0x56a0,0x56a0,0x56a0,0x56a0,0xf040,0xf800,0xf800,0xf800,0xf800,0xf800,0xf800,
		0xf800,0xf800,0xf800,0xd005,0x001f,0x001f,0x001f,0x001f,0x001f,0xc826,0xf800,0xf800,0xf800,0xf800,0xf800,0xf800,
		0xf800,0xf800,0xf800,0xf800,0x7011,0x001f,0x11b7,0x5680,0x9be0,0xf800,0xf800,0xf800,0xf800,0xf800,0xf800,0xf800,
		0xf800,0xf800,0xf800,0x900d,0x001f,0x001f,0x001f,0x001f,0x001f,0x093a,0x1198,0x003e,0x001f,0x001f,0x2311,0x56a0,
		0x56a0,0x56a0,0x56a0,0x56a0,0x56a0,0x56a0,0x56a0,0x56a0,0x56a0,0x56a0,0x56a0,0x56a0,0x56a0,0x56a0,0x56a0,0x56a0,
		0x56a0,0x56a0,0x56a0,0x56a0,0x56a0,0x56a0,0x56a0,0x56a0,0x56a0,0x56a0,0x56a0,0x56a0,0x56a0,0x56a0,0x56a0,0x56a0,
		0x56a0,0x56a0,0xc260,0xf800,0xf800,0xf800,0xf800,0xf800,0x7011,0x001f,0x001f,0x5015,0xf800,0xf800,0xf800,0xf800,
		0xf800,0xf800,0xf800,0xf800,0xf800,0xf800,0xf800,0x4816,0x342c,0x56a0,0xa3a0,0xf800,0xf800,0xf800,0xf800,0xf800,
		0xf800,0xf800,0xf800,0xf800,0xf800,0x201b,0x001f,0x001f,0x001f,0x003f,0x3c89,0x56a0,0x7580,0xd901,0xf800,0xf800,
		0xf800,0xf800,0xf800,0xf800,0xf800,0xf800,0xf800,0xf800,0xf800,0xf800,0xf800,0xf800,0xf800,0xf800,0xf800,0xf800,
		0xf800,0x181c,0x001f,0x001f,0x001f,0x001f,0x001f,0x68d0,0xf800,0xf800,0xf800,0xf800,0xf800,0xf800,0xf800,0xf800,
		0xf800,0xf800,0x4017,0x001f,0x001f,0x001f,0x22d2,0x5680,0xf800,0xf800,0xf800,0xf800,0xf800,0xf800,0xf800,0xf800,
		0xf800,0xf800,0x4816,0x001f,0x001f,0x201b,0xf800,0xf800,0xf800,0xf800,0xf800,0xf800,0xf800,0xf800,0xf800,0xf800,
		0xf800,0x281a,0x001f,0x001f,0x001f,0x001f,0x001f,0x906b,0xf800,0xf800,0xf800,0xf800,0xf800,0xf800,0xf800,0xf800,
		0xf800,0xa80a,0x001f,0x001f,0x001f,0x880e,0xf800,0xf800,0xf800,0xf800,0xf800,0xf800,0xf800,0xf800,0xf800,0xf800,
		0xf800,0xf800,0xf800,0xf800,0xf800,0xf800,0xf800,0xf800,0xf800,0xf800,0xf800,0xf800,0xc007,0x081e,0x001f,0x001f,
		0x2293,0x56a0,0xb300,0xf800,0xf800,0xf800,0xf800,0xf800,0xf800,0xf800,0xf800,0xf800,0xc806,0x001f,0x001f,0x001f,
		0x001f,0x4dc4,0x56a0,0xc9e0,0xf800,0xf800,0xf800,0xf800,0xf800,0xf800,0xf800,0xf800,0xf800,0xa00b,0x001f,0x001f,
		0x001f,0x001f,0x4dc4,0xbaa0,0xf800,0xf800,0xf800,0xf800,0xf800,0xf800,0xf800,0xf800,0xf800,0xd005,0x001f,0x344b,
		0x56a0,0x56a0,0xd1c0,0xf800,0xf800,0xf800,0xf800,0xf800,0xf800,0xf800,0xf800,0xf800,0xa00b,0x001f,0x001f,0x001f,
		0x001f,0x08db,0x2b8e,0x4e02,0x56a0,0x56a0,0x56a0,0x56a0,0x5e40,0xf800,0xf800,0xf800,0xf800,0xf800,0xf800,0xf800,
		0xf800,0xf800,0xf800,0xf800,0x081e,0x001f,0x001f,0x001f,0x001f,0x980c,0xf800,0xf800,0xf800,0xf800,0xf800,0xf800,
		0xf800,0xf800,0xf800,0xf800,0x7810,0x009d,0x4de3,0x56a0,0x9be0,0xf800,0xf800,0xf800,0xf800,0xf800,0xf800,0xf800,
		0xf800,0xf800,0xf800,0x900d,0x001f,0x001f,0x001f,0x001f,0x001f,0x001f,0x001f,0x001f,0x001f,0x001f,0x19f6,0x56a0,
		0x56a0,0x56a0,0x56a0,0x56a0,0x56a0,0x56a0,0x56a0,0x56a0,0x56a0,0x56a0,0x56a0,0x56a0,0x56a0,0x56a0,0x56a0,0x56a0,
		0x56a0,0x56a0,0x56a0,0x56a0,0x56a0,0x56a0,0x56a0,0x56a0,0x56a0,0x56a0,0x56a0,0x56a0,0x56a0,0x56a0,0x56a0,0x56a0,
		0x56a0,0x56a0,0xc9e0,0xf800,0xf800,0xf800,0xf800,0xf800,0x6812,0x001f,0x001f,0x001f,0xe003,0xf800,0xf800,0xf800,
		0xf800,0xf800,0xf800,0xf800,0xf800,0xf800,0xc806,0x08bc,0x5660,0x56a0,0xa3a0,0xf800,0xf800,0xf800,0xf800,0xf800,
		0xf800,0xf800,0xf800,0xf800,0xf800,0x3818,0x001f,0x001f,0x001f,0x001f,0x001f,0x6a4a,0xf040,0xf800,0xf800,0xf800,
		0xf800,0xf800,0xf800,0xf800,0xf800,0xf800,0xf800,0xf800,0xf800,0xf800,0xf800,0xf800,0xf800,0xf800,0xf800,0xf800,
		0xf800,0x201b,0x001f,0x001f,0x001f,0x001f,0x001f,0x712d,0xf800,0xf800,0xf800,0xf800,0xf800,0xf800,0xf800,0xf800,
		0xf800,0xf800,0x4017,0x001f,0x001f,0x001f,0x001f,0x4565,0xf040,0xf800,0xf800,0xf800,0xf800,0xf800,0xf800,0xf800,
		0xf800,0xf800,0x5015,0x001f,0x001f,0x101d,0xf800,0xf800,0xf800,0xf800,0xf800,0xf800,0xf800,0xf800,0xf800,0xf800,
		0xf800,0x3019,0x001f,0x001f,0x001f,0x001f,0x001f,0x980c,0xf800,0xf800,0xf800,0xf800,0xf800,0xf800,0xf800,0xf800,
		0xf800,0xa80a,0x001f,0x001f,0x001f,0x800f,0xf800,0xf800,0xf800,0xf800,0xf800,0xf800,0xf800,0xf800,0xf800,0xb808,
		0x3019,0x3019,0x3019,0x3019,0x3019,0x3019,0x3019,0x3019,0x3019,0x3019,0x3019,0x281a,0x001f,0x001f,0x001f,0x001f,
		0x4507,0x56a0,0xb2c0,0xf800,0xf800,0xf800,0xf800,0xf800,0xf800,0xf800,0xf800,0xf800,0xc806,0x001f,0x001f,0x001f,
		0x001f,0x08bc,0x3c8a,0xd1a0,0xf800,0xf800,0xf800,0xf800,0xf800,0xf800,0xf800,0xf800,0xf800,0xa80a,0x001f,0x001f,
		0x001f,0x001f,0x11b7,0xa283,0xf800,0xf800,0xf800,0xf800,0xf800,0xf800,0xf800,0xf800,0xf800,0xa80a,0x2b30,0x56a0,
		0x56a0,0x56a0,0xd1a0,0xf800,0xf800,0xf800,0xf800,0xf800,0xf800,0xf800,0xf800,0xf800,0xa00b,0x001f,0x001f,0x001f,
		0x001f,0x001f,0x001f,0x007d,0x4527,0x56a0,0x56a0,0x56a0,0x6620,0xf800,0xf800,0xf800,0xf800,0xf800,0xf800,0xf800,
		0xf800,0xf800,0xf800,0xf800,0x4017,0x001f,0x001f,0x001f,0x001f,0x6812,0xf800,0xf800,0xf800,0xf800,0xf800,0xf800,
		0xf800,0xf800,0xf800,0xf800,0x6870,0x4565,0x56a0,0x56a0,0x9be0,0xf800,0xf800,0xf800,0xf800,0xf800,0xf800,0xf800,
		0xf800,0xf800,0xf800,0x900d,0x001f,0x001f,0x001f,0x001f,0x001f,0x001f,0x001f,0x001f,0x001f,0x001f,0x2b50,0x56a0,
		0x56a0,0x56a0,0x56a0,0x56a0,0x56a0,0x56a0,0x56a0,0x56a0,0x56a0,0x56a0,0x56a0,0x56a0,0x56a0,0x56a0,0x56a0,0x56a0,
		0x56a0,0x56a0,0x56a0,0x56a0,0x56a0,0x56a0,0x56a0,0x56a0,0x56a0,0x56a0,0x56a0,0x56a0,0x56a0,0x56a0,0x56a0,0x56a0,
		0x56a0,0x56a0,0xd160,0xf800,0xf800,0xf800,0xf800,0xf800,0x6013,0x001f,0x001f,0x001f,0x7011,0xf800,0xf800,0xf800,
		0xf800,0xf800,0xf800,0xf800,0xf800,0xf800,0x4816,0x33ae,0x56a0,0x56a0,0xa380,0xf800,0xf800,0xf800,0xf800,0xf800,
		0xf800,0xf800,0xf800,0xf800,0xf800,0x5015,0x001f,0x001f,0x001f,0x001f,0x3019,0xf800,0xf800,0xf800,0xf800,0xf800,
		0xf800,0xf800,0xf800,0xf800,0x6812,0x001f,0x281a,0xf800,0xf800,0xf800,0xf800,0xf800,0xf800,0xf800,0xf800,0xf800,
		0xf800,0x3019,0x001f,0x001f,0x001f,0x001f,0x001f,0x92c4,0xf800,0xf800,0xf800,0xf800,0xf800,0xf800,0xf800,0xf800,
		0xf800,0xf800,0x4017,0x001f,0x001f,0x001f,0x001f,0x1a55,0xf820,0xf800,0xf800,0xf800,0xf800,0xf800,0xf800,0xf800,
		0xf800,0xf800,0x5814,0x001f,0x001f,0x001f,0xe802,0xf800,0xf800,0xf800,0xf800,0xf800,0xf800,0xf800,0xf800,0xf800,
		0xf800,0x4017,0x001f,0x001f,0x001f,0x001f,0x001f,0xb009,0xf800,0xf800,0xf800,0xf800,0xf800,0xf800,0xf800,0xf800,
		0xf800,0xa80a,0x001f,0x001f,0x001f,0x6013,0xf800,0xf800,0xf800,0xf800,0xf800,0xf800,0xf800,0xf800,0xf800,0xa80a,
		0x001f,0x001f,0x001f,0x001f,0x001f,0x001f,0x001f,0x001f,0x001f,0x001f,0x001f,0x001f,0x001f,0x001f,0x001f,0x2bae,
		0x56a0,0x56a0,0xc260,0xf800,0xf800,0xf800,0xf800,0xf800,0xf800,0xf800,0xf800,0xf800,0xd005,0x001f,0x001f,0x001f,
		0x001f,0x001f,0x001f,0xc8e3,0xf800,0xf800,0xf800,0xf800,0xf800,0xf800,0xf800,0xf800,0xf800,0xa80a,0x001f,0x001f,
		0x001f,0x001f,0x001f,0x7810,0xf800,0xf800,0xf800,0xf800,0xf800,0xf800,0xf800,0xf800,0xf800,0x81c9,0x5680,0x56a0,
		0x56a0,0x56a0,0xd960,0xf800,0xf800,0xf800,0xf800,0xf800,0xf800,0xf800,0xf800,0xf800,0xa80a,0x001f,0x001f,0x001f,
		0x001f,0x001f,0x001f,0x001f,0x1a15,0x56a0,0x56a0,0x56a0,0x5680,0xf820,0xf800,0xf800,0xf800,0xf800,0xf800,0xf800,
		0xf800,0xf800,0xf800,0xf800,0x800f,0x001f,0x001f,0x001f,0x001f,0x5015,0xf800,0xf800,0xf800,0xf800,0xf800,0xf800,
		0xf800,0xf800,0xf800,0xf800,0x7463,0x56a0,0x56a0,0x56a0,0x9be0,0xf800,0xf800,0xf800,0xf800,0xf800,0xf800,0xf800,
		0xf800,0xf800,0xf800,0x980c,0x001f,0x001f,0x001f,0x001f,0x001f,0x001f,0x001f,0x001f,0x001f,0x093a,0x5641,0x56a0,
		0x56a0,0x56a0,0x56a0,0x56a0,0x56a0,0x56a0,0x56a0,0x56a0,0x56a0,0x56a0,0x56a0,0x56a0,0x56a0,0x56a0,0x56a0,0x56a0,
		0x56a0,0x56a0,0x56a0,0x56a0,0x56a0,0x56a0,0x56a0,0x56a0,0x56a0,0x56a0,0x56a0,0x56a0,0x56a0,0x56a0,0x56a0,0x56a0,
		0x56a0,0x56a0,0xe0e1,0xf800,0xf800,0xf800,0xf800,0xf800,0x5814,0x001f,0x001f,0x001f,0x081e,0xf001,0xf800,0xf800,
		0xf800,0xf800,0xf800,0xf800,0xf800,0xd804,0x08db,0x5660,0x56a0,0x56a0,0xab40,0xf800,0xf800,0xf800,0xf800,0xf800,
		0xf800,0xf800,0xf800,0xf800,0xf800,0x6013,0x001f,0x001f,0x001f,0x001f,0xc806,0xf800,0xf800,0xf800,0xf800,0xf800,
		0xf800,0xf800,0xf800,0x980c,0x001f,0x001f,0x001f,0xe003,0xf800,0xf800,0xf800,0xf800,0xf800,0xf800,0xf800,0xf800,
		0xf800,0x4017,0x001f,0x001f,0x001f,0x001f,0x2b50,0xa380,0xf800,0xf800,0xf800,0xf800,0xf800,0xf800,0xf800,0xf800,
		0xf800,0xf800,0x4017,0x001f,0x001f,0x001f,0x001f,0x1159,0xf800,0xf800,0xf800,0xf800,0xf800,0xf800,0xf800,0xf800,
		0xf800,0xf800,0x6812,0x001f,0x001f,0x001f,0xb009,0xf800,0xf800,0xf800,0xf800,0xf800,0xf800,0xf800,0xf800,0xf800,
		0xf800,0x7011,0x001f,0x001f,0x001f,0x001f,0x001f,0xe003,0xf800,0xf800,0xf800,0xf800,0xf800,0xf800,0xf800,0xf800,
		0xf800,0xb009,0x001f,0x001f,0x001f,0x281a,0xf800,0xf800,0xf800,0xf800,0xf800,0xf800,0xf800,0xf800,0xf800,0xf001,
		0x201b,0x001f,0x001f,0x001f,0x001f,0x001f,0x001f,0x001f,0x001f,0x001f,0x001f,0x001f,0x001f,0x08bc,0x3c6a,0x56a0,
		0x56a0,0x56a0,0xc9e0,0xf800,0xf800,0xf800,0xf800,0xf800,0xf800,0xf800,0xf800,0xf800,0xd804,0x001f,0x001f,0x001f,
		0x001f,0x001f,0x001f,0xd0a3,0xf800,0xf800,0xf800,0xf800,0xf800,0xf800,0xf800,0xf800,0xf800,0xb009,0x001f,0x001f,
		0x001f,0x001f,0x001f,0x880e,0xf800,0xf800,0xf800,0xf800,0xf800,0xf800,0xf800,0xf800,0xf800,0x6dc0,0x56a0,0x56a0,
		0x56a0,0x56a0,0xe8c0,0xf800,0xf800,0xf800,0xf800,0xf800,0xf800,0xf800,0xf800,0xf800,0xb009,0x001f,0x001f,0x001f,
		0x001f,0x001f,0x001f,0x001f,0x2293,0x56a0,0x56a0,0x56a0,0x56a0,0xe0e0,0xf800,0xf800,0xf800,0xf800,0xf800,0xf800,
		0xf800,0xf800,0xf800,0xf800,0xd804,0x001f,0x001f,0x001f,0x001f,0x4017,0xf800,0xf800,0xf800,0xf800,0xf800,0xf800,
		0xf800,0xf800,0xf800,0xf060,0x5e60,0x56a0,0x56a0,0x56a0,0x9be0,0xf800,0xf800,0xf800,0xf800,0xf800,0xf800,0xf800,
		0xf800,0xf800,0xf800,0xb808,0x001f,0x001f,0x001f,0x001f,0x001f,0x001f,0x001f,0x001f,0x19f6,0x4e22,0x56a0,0x56a0,
		0x56a0,0x56a0,0x56a0,0x56a0,0x56a0,0x56a0,0x56a0,0x56a0,0x56a0,0x56a0,0x56a0,0x56a0,0x56a0,0x56a0,0x56a0,0x56a0,
		0x56a0,0x56a0,0x56a0,0x56a0,0x56a0,0x56a0,0x56a0,0x56a0,0x56a0,0x56a0,0x56a0,0x56a0,0x56a0,0x56a0,0x56a0,0x56a0,
		0x56a0,0x56a0,0xf080,0xf800,0xf800,0xf800,0xf800,0xf800,0x6013,0x001f,0x001f,0x001f,0x001f,0x900d,0xf800,0xf800,
		0xf800,0xf800,0xf800,0xf800,0xf800,0x792d,0x4507,0x56a0,0x56a0,0x56a0,0xbac0,0xf800,0xf800,0xf800,0xf800,0xf800,
		0xf800,0xf800,0xf800,0xf800,0xf800,0x7810,0x001f,0x001f,0x001f,0x281a,0xf800,0xf800,0xf800,0xf800,0xf800,0xf800,
		0xf800,0xf800,0xf800,0x5015,0x001f,0x001f,0x001f,0xe003,0xf800,0xf800,0xf800,0xf800,0xf800,0xf800,0xf800,0xf800,
		0xf800,0x7810,0x001f,0x001f,0x003f,0x33ae,0x56a0,0xb300,0xf800,0xf800,0xf800,0xf800,0xf800,0xf800,0xf800,0xf800,
		0xf800,0xf800,0x4017,0x001f,0x001f,0x001f,0x005e,0x4449,0xf800,0xf800,0xf800,0xf800,0xf800,0xf800,0xf800,0xf800,
		0xf800,0xf800,0x7011,0x001f,0x001f,0x001f,0x5814,0xf800,0xf800,0xf800,0xf800,0xf800,0xf800,0xf800,0xf800,0xf800,
		0xf800,0xc806,0x001f,0x001f,0x001f,0x001f,0x181c,0xf800,0xf800,0xf800,0xf800,0xf800,0xf800,0xf800,0xf800,0xf800,
		0xf800,0xc007,0x001f,0x001f,0x003e,0x1a15,0xe0a1,0xf800,0xf800,0xf800,0xf800,0xf800,0xf800,0xf800,0xf800,0xf800,
		0xd005,0x181c,0x001f,0x001f,0x001f,0x001f,0x001f,0x001f,0x001f,0x5015,0xd804,0xb028,0x2ad1,0x5622,0x56a0,0x56a0,
		0x56a0,0x56a0,0xd960,0xf800,0xf800,0xf800,0xf800,0xf800,0xf800,0xf800,0xf800,0xf800,0xe003,0x001f,0x001f,0x001f,
		0x001f,0x001f,0x08dc,0xd900,0xf800,0xf800,0xf800,0xf800,0xf800,0xf800,0xf800,0xf800,0xf800,0xd0a3,0x007e,0x001f,
		0x001f,0x001f,0x001f,0xa00b,0xf800,0xf800,0xf800,0xf800,0xf800,0xf800,0xf800,0xf800,0xd1c0,0x56a0,0x56a0,0x56a0,
		0x56a0,0x56a0,0xf820,0xf800,0xf800,0xf800,0xf800,0xf800,0xf800,0xf800,0xf800,0xf800,0xc806,0x001f,0x001f,0x001f,
		0x001f,0x001f,0x001f,0x08dc,0x4dc4,0x56a0,0x56a0,0x56a0,0x56a0,0xbaa0,0xf800,0xf800,0xf800,0xf800,0xf800,0xf800,
		0xf800,0xf800,0xf800,0xf800,0xf800,0x3019,0x001f,0x001f,0x001f,0x4816,0xf800,0xf800,0xf800,0xf800,0xf800,0xf800,
		0xf800,0xf800,0xf800,0xb2e0,0x56a0,0x56a0,0x56a0,0x56a0,0x9c00,0xf800,0xf800,0xf800,0xf800,0xf800,0xf800,0xf800,
		0xf800,0xf800,0xf800,0xf800,0x281a,0x001f,0x001f,0x001f,0x281a,0x4816,0x08dc,0x340c,0x5680,0x56a0,0x56a0,0x56a0,
		0x56a0,0x56a0,0x56a0,0x56a0,0x56a0,0x56a0,0x56a0,0x56a0,0x56a0,0x56a0,0x56a0,0x56a0,0x56a0,0x56a0,0x56a0,0x56a0,
		0x56a0,0x56a0,0x56a0,0x56a0,0x56a0,0x56a0,0x56a0,0x56a0,0x56a0,0x56a0,0x56a0,0x56a0,0x56a0,0x56a0,0x56a0,0x56a0,
		0x56a0,0x5e40,0xf800,0xf800,0xf800,0xf800,0xf800,0xf800,0x7050,0x08bc,0x091a,0x11b8,0x2311,0x5408,0xf800,0xf800,
		0xf800,0xf800,0xf800,0xf800,0xf060,0x5e60,0x56a0,0x56a0,0x56a0,0x56a0,0xc9e0,0xf800,0xf800,0xf800,0xf800,0xf800,
		0xf800,0xf800,0xf800,0xf800,0xf800,0xa02b,0x08dc,0x08fb,0x19f6,0x6a4a,0xf800,0xf800,0xf800,0xf800,0xf800,0xf800,
		0xf800,0xf800,0xf800,0x5853,0x001f,0x001f,0x001f,0xf800,0xf800,0xf800,0xf800,0xf800,0xf800,0xf800,0xf800,0xf800,
		0xf800,0xe003,0x30b7,0x2311,0x4dc4,0x56a0,0x56a0,0xc260,0xf800,0xf800,0xf800,0xf800,0xf800,0xf800,0xf800,0xf800,
		0xf800,0xf800,0x58b2,0x1198,0x22b3,0x340c,0x4e02,0x6da0,0xf800,0xf800,0xf800,0xf800,0xf800,0xf800,0xf800,0xf800,
		0xf800,0xf800,0x886d,0x1159,0x11d7,0x2311,0x3c0b,0xe880,0xf800,0xf800,0xf800,0xf800,0xf800,0xf800,0xf800,0xf800,
		0xf800,0xf800,0x58d1,0x001f,0x001f,0x001f,0x884d,0xf800,0xf800,0xf800,0xf800,0xf800,0xf800,0xf800,0xf800,0xf800,
		0xf800,0xe042,0x33ad,0x4507,0x5641,0x56a0,0xa3a0,0xf800,0xf800,0xf800,0xf800,0xf800,0xf800,0xf800,0xf800,0xf800,
		0xf800,0xf040,0x792c,0x189a,0x001f,0x001f,0x181c,0x6013,0xc825,0xf800,0xf800,0xf800,0xa360,0x56a0,0x56a0,0x56a0,
		0x56a0,0x56a0,0xe8c0,0xf800,0xf800,0xf800,0xf800,0xf800,0xf800,0xf800,0xf800,0xf800,0xe802,0x08db,0x08fb,0x1198,
		0x22b3,0x33ed,0x5641,0xf080,0xf800,0xf800,0xf800,0xf800,0xf800,0xf800,0xf800,0xf800,0xf800,0xe8a0,0x5641,0x340c,
		0x1a54,0x08dc,0x001f,0xd804,0xf800,0xf800,0xf800,0xf800,0xf800,0xf800,0xf800,0xf800,0x7d20,0x56a0,0x56a0,0x56a0,
		0x56a0,0x6da0,0xf800,0xf800,0xf800,0xf800,0xf800,0xf800,0xf800,0xf800,0xf800,0xf800,0xe802,0x10db,0x08fb,0x1159,
		0x1a16,0x22d2,0x342c,0x5641,0x56a0,0x56a0,0x56a0,0x56a0,0x56a0,0x84c0,0xf800,0xf800,0xf800,0xf800,0xf800,0xf800,
		0xf800,0xf800,0xf800,0xf800,0xf800,0xb8c5,0x091a,0x003e,0x001f,0x880e,0xf800,0xf800,0xf800,0xf800,0xf800,0xf800,
		0xf800,0xf800,0xf080,0x6600,0x56a0,0x56a0,0x56a0,0x56a0,0x8c60,0xf800,0xf800,0xf800,0xf800,0xf800,0xf800,0xf800,
		0xf800,0xf800,0xf800,0xf800,0xe802,0x7810,0x6812,0xb847,0xf800,0xf800,0x9420,0x56a0,0x56a0,0x56a0,0x56a0,0x56a0,
		0x56a0,0x56a0,0x56a0,0x56a0,0x56a0,0x56a0,0x56a0,0x56a0,0x56a0,0x56a0,0x56a0,0x56a0,0x56a0,0x56a0,0x56a0,0x56a0,
		0x56a0,0x56a0,0x56a0,0x56a0,0x56a0,0x56a0,0x56a0,0x56a0,0x56a0,0x56a0,0x56a0,0x56a0,0x56a0,0x56a0,0x56a0,0x56a0,
		0x56a0,0x84c0,0xf800,0xf800,0xf800,0xf800,0xf800,0xf800,0xbaa0,0x56a0,0x56a0,0x56a0,0x56a0,0x56a0,0xc260,0xf800,
		0xf800,0xf800,0xf800,0xf800,0xab20,0x56a0,0x56a0,0x56a0,0x56a0,0x5e40,0xf060,0xf800,0xf800,0xf800,0xf800,0xf800,
		0xf800,0xf800,0xf800,0xf800,0xf800,0xe8a0,0x6620,0x56a0,0x56a0,0x84a0,0xf800,0xf800,0xf800,0xf800,0xf800,0xf800,
		0xf800,0xf800,0xf800,0xd1a0,0x5602,0x4de3,0x93e0,0xf800,0xf800,0xf800,0xf800,0xf800,0xf800,0xf800,0xf800,0xf800,
		0xf800,0xf800,0xf800,0xc220,0x56a0,0x56a0,0x56a0,0xd1a0,0xf800,0xf800,0xf800,0xf800,0xf800,0xf800,0xf800,0xf800,
		0xf800,0xf800,0xa3a0,0x56a0,0x56a0,0x56a0,0x56a0,0x8c80,0xf800,0xf800,0xf800,0xf800,0xf800,0xf800,0xf800,0xf800,
		0xf800,0xf800,0xd1a0,0x56a0,0x56a0,0x56a0,0x56a0,0x9be0,0xf800,0xf800,0xf800,0xf800,0xf800,0xf800,0xf800,0xf800,
		0xf800,0xf800,0xf820,0xab00,0x8402,0xb2e0,0xf800,0xf800,0xf800,0xf800,0xf800,0xf800,0xf800,0xf800,0xf800,0xf800,
		0xf800,0xf800,0xd1c0,0x5e40,0x56a0,0x56a0,0x5e40,0xe8c0,0xf800,0xf800,0xf800,0xf800,0xf800,0xf800,0xf800,0xf800,
		0xf800,0xf800,0xf800,0xf800,0xf080,0xf040,0xf800,0xf800,0xf800,0xf800,0xf800,0xf800,0xc240,0x56a0,0x56a0,0x56a0,
		0x56a0,0x6dc0,0xf800,0xf800,0xf800,0xf800,0xf800,0xf800,0xf800,0xf800,0xf800,0xf800,0xf840,0x5e60,0x56a0,0x56a0,
		0x56a0,0x56a0,0x5e60,0xf800,0xf800,0xf800,0xf800,0xf800,0xf800,0xf800,0xf800,0xf800,0xf800,0xf800,0x5e40,0x56a0,
		0x56a0,0x56a0,0x7d00,0xf800,0xf800,0xf800,0xf800,0xf800,0xf800,0xf800,0xf800,0xbaa0,0x56a0,0x56a0,0x56a0,0x56a0,
		0x5e60,0xca20,0xf800,0xf800,0xf800,0xf800,0xf800,0xf800,0xf800,0xf800,0xf800,0xf800,0xf800,0xbaa0,0x6dc0,0x56a0,
		0x56a0,0x56a0,0x56a0,0x56a0,0x56a0,0x56a0,0x56a0,0x56a0,0x56a0,0x5680,0xd980,0xf800,0xf800,0xf800,0xf800,0xf800,
		0xf800,0xf800,0xf800,0xf800,0xf800,0xf800,0xca00,0x9400,0xb2e0,0xf800,0xf800,0xf800,0xf800,0xf800,0xf800,0xf800,
		0xf800,0xf800,0x84a0,0x56a0,0x56a0,0x56a0,0x56a0,0x56a0,0x7d40,0xf800,0xf800,0xf800,0xf800,0xf800,0xf800,0xf800,
		0xf800,0xf800,0xf800,0xf800,0xf800,0xf800,0xf800,0xf800,0xf800,0xf800,0xca00,0x56a0,0x56a0,0x56a0,0x56a0,0x56a0,
		0x56a0,0x56a0,0x56a0,0x56a0,0x56a0,0x56a0,0x56a0,0x56a0,0x56a0,0x56a0,0x56a0,0x56a0,0x56a0,0x56a0,0x56a0,0x56a0,
		0x56a0,0x56a0,0x56a0,0x56a0,0x56a0,0x56a0,0x56a0,0x56a0,0x56a0,0x56a0,0x56a0,0x56a0,0x56a0,0x56a0,0x56a0,0x56a0,
		0x6dc0,0xd940,0xf800,0xf800,0xf800,0xf800,0xf800,0xf800,0xf820,0x8c60,0x56a0,0x56a0,0x56a0,0x56a0,0x7580,0xf800,
		0xf800,0xf800,0xf800,0xf820,0x65e0,0x56a0,0x56a0,0x56a0,0x5e60,0xc9e0,0xf800,0xf800,0xf800,0xf800,0xf800,0xf800,
		0xf800,0xf800,0xf800,0xf800,0xf800,0xf800,0xe8c0,0x7540,0x56a0,0x6dc0,0xf800,0xf800,0xf800,0xf800,0xf800,0xf800,
		0xf800,0xf800,0xf800,0xf800,0xe100,0xd1c0,0xf820,0xf800,0xf800,0xf800,0xf800,0xf800,0xf800,0xf800,0xf800,0xf800,
		0xf800,0xf800,0xf800,0xd980,0x56a0,0x56a0,0x7d20,0xf820,0xf800,0xf800,0xf800,0xf800,0xf800,0xf800,0xf800,0xf800,
		0xf800,0xf800,0xe8a0,0x5e40,0x56a0,0x56a0,0x56a0,0xc260,0xf800,0xf800,0xf800,0xf800,0xf800,0xf800,0xf800,0xf800,
		0xf800,0xf800,0xf800,0xa3a0,0x56a0,0x56a0,0x56a0,0x5680,0xd960,0xf800,0xf800,0xf800,0xf800,0xf800,0xf800,0xf800,
		0xf800,0xf800,0xf800,0xf800,0xf800,0xf800,0xf800,0xf800,0xf800,0xf800,0xf800,0xf800,0xf800,0xf800,0xf800,0xf800,
		0xf800,0xf800,0xf800,0xd960,0x5680,0x56a0,0x56a0,0x84a0,0xf800,0xf800,0xf800,0xf800,0xf800,0xf800,0xf800,0xf800,
		0xf800,0xf800,0xf800,0xf800,0xf800,0xf800,0xf800,0xf800,0xf800,0xf800,0xf800,0xf800,0x9be0,0x56a0,0x56a0,0x56a0,
		0x6600,0xc9e0,0xf800,0xf800,0xf800,0xf800,0xf800,0xf800,0xf800,0xf800,0xf800,0xf800,0xf800,0xc240,0x6620,0x56a0,
		0x56a0,0x56a0,0x7d20,0xf800,0xf800,0xf800,0xf800,0xf800,0xf800,0xf800,0xf800,0xf800,0xf800,0xf800,0xa380,0x56a0,
		0x56a0,0x7580,0xe8c0,0xf800,0xf800,0xf800,0xf800,0xf800,0xf800,0xf800,0xd960,0x5e60,0x56a0,0x56a0,0x56a0,0x5e40,
		0xd1a0,0xf800,0xf800,0xf800,0xf800,0xf800,0xf800,0xf800,0xf800,0xf800,0xf800,0xf800,0xf800,0xf800,0xf800,0xc240,
		0x6620,0x56a0,0x56a0,0x56a0,0x56a0,0x56a0,0x56a0,0x56a0,0x56a0,0x56a0,0x7d40,0xf820,0xf800,0xf800,0xf800,0xf800,
		0xf800,0xf800,0xf800,0xf800,0xf800,0xf800,0xf800,0xf800,0xf800,0xf800,0xf800,0xf800,0xf800,0xf800,0xf800,0xf800,
		0xf800,0xa3a0,0x56a0,0x56a0,0x56a0,0x56a0,0x56a0,0x56a0,0x5680,0xf080,0xf800,0xf800,0xf800,0xf800,0xf800,0xf800,
		0xf800,0xf800,0xf800,0xf800,0xf800,0xf800,0xf800,0xf800,0xf800,0xf800,0xba80,0x56a0,0x56a0,0x56a0,0x56a0,0x56a0,
		0x56a0,0x56a0,0x56a0,0x56a0,0x56a0,0x56a0,0x56a0,0x56a0,0x56a0,0x56a0,0x56a0,0x56a0,0x56a0,0x56a0,0x56a0,0x56a0,
		0x56a0,0x56a0,0x56a0,0x56a0,0x56a0,0x56a0,0x56a0,0x56a0,0x56a0,0x56a0,0x56a0,0x56a0,0x56a0,0x56a0,0x5680,0xab40,
		0xf820,0xf800,0xf800,0xf800,0xf800,0xf800,0xf800,0xf800,0xf800,0xf800,0xc9e0,0x5e60,0x56a0,0x56a0,0x56a0,0xc220,
		0xf800,0xf800,0xf800,0xba80,0x56a0,0x56a0,0x56a0,0x5e80,0xd1a0,0xf800,0xf800,0xf800,0xf800,0xf800,0xf800,0xf800,
		0xf800,0xf800,0xf800,0xf800,0xf800,0xf800,0xf800,0xf060,0x6dc0,0x56a0,0xd1a0,0xf800,0xf800,0xf800,0xf800,0xf800,
		0xf800,0xf800,0xf800,0xf800,0xf800,0xf800,0xf800,0xf800,0xf800,0xf800,0xf800,0xf800,0xf800,0xf800,0xf800,0xf800,
		0xf800,0xf800,0xf800,0x9bc0,0x56a0,0x84c0,0xf840,0xf800,0xf800,0xf800,0xf800,0xf800,0xf800,0xf800,0xf800,0xf800,
		0xf800,0xf800,0xf800,0xab40,0x56a0,0x56a0,0x8c80,0xf800,0xf800,0xf800,0xf800,0xf800,0xf800,0xf800,0xf800,0xf800,
		0xf800,0xf800,0xf800,0xf800,0x84e0,0x56a0,0x56a0,0x56a0,0x6dc0,0xe8a0,0xf800,0xf800,0xf800,0xf800,0xf800,0xf800,
		0xf800,0xf800,0xf800,0xf800,0xf800,0xf800,0xf800,0xf800,0xf800,0xf800,0xf800,0xf800,0xf800,0xf800,0xf800,0xf800,
		0xf800,0xf800,0xf800,0xf800,0x6600,0x56a0,0x56a0,0x56a0,0xab60,0xf800,0xf800,0xf800,0xf800,0xf800,0xf800,0xf800,
		0xf800,0xf800,0xf800,0xf800,0xf800,0xf800,0xf800,0xf800,0xf800,0xf800,0xf800,0xd1a0,0x5e80,0x56a0,0x56a0,0x84c0,
		0xf060,0xf800,0xf800,0xf800,0xf800,0xf800,0xf800,0xf800,0xf800,0xf800,0xf800,0xf800,0xf800,0xf800,0xe8a0,0x7d20,
		0x56a0,0x56a0,0xa3a0,0xf800,0xf800,0xf800,0xf800,0xf800,0xf800,0xf800,0xf800,0xf800,0xf800,0xf800,0xf800,0xe100,
		0xe120,0xf800,0xf800,0xf800,0xf800,0xf800,0xf800,0xf800,0xf800,0xd940,0x6600,0x56a0,0x56a0,0x56a0,0x56a0,0xb2c0,
		0xf800,0xf800,0xf800,0xf800,0xf800,0xf800,0xf800,0xf800,0xf800,0xf800,0xf800,0xf800,0xf800,0xf800,0xf800,0xf800,
		0xb2c0,0x56a0,0x56a0,0x56a0,0x56a0,0x56a0,0x56a0,0x56a0,0x56a0,0x56a0,0x56a0,0x9440,0xf800,0xf800,0xf800,0xf800,
		0xf800,0xf800,0xf800,0xf800,0xf800,0xf800,0xf800,0xf800,0xf800,0xf800,0xf800,0xf800,0xf800,0xf800,0xf800,0xf800,
		0x9420,0x56a0,0x56a0,0x56a0,0x56a0,0x56a0,0x56a0,0x56a0,0x56a0,0xa380,0xf800,0xf800,0xf800,0xf800,0xf800,0xf800,
		0xf800,0xf800,0xf800,0xf800,0xf800,0xf800,0xf800,0xf800,0xf800,0xf820,0x7580,0x56a0,0x56a0,0x56a0,0x56a0,0x56a0,
		0x56a0,0x56a0,0x56a0,0x56a0,0x56a0,0x56a0,0x56a0,0x56a0,0x56a0,0x56a0,0x56a0,0x56a0,0x56a0,0x56a0,0x56a0,0x56a0,
		0x56a0,0x56a0,0x56a0,0x56a0,0x56a0,0x56a0,0x56a0,0x56a0,0x56a0,0x56a0,0x56a0,0x56a0,0x56a0,0x56a0,0x7540,0xf800,
		0xf800,0xf800,0xf800,0xf800,0xf800,0xf800,0xf800,0xf800,0xf800,0xf800,0xf800,0x7d00,0x56a0,0x56a0,0x56a0,0x6dc0,
		0xf820,0xf800,0xf820,0x6de0,0x56a0,0x56a0,0x56a0,0x7d40,0xf800,0xf800,0xf800,0xf800,0xf800,0xf800,0xf800,0xf800,
		0xf800,0xf800,0xf800,0xf800,0xf800,0xf800,0xf800,0xf800,0x8c80,0x56a0,0x7d40,0xf800,0xf800,0xf800,0xf800,0xf800,
		0xf800,0xf800,0xf800,0xf800,0xf800,0xf800,0xf800,0xf800,0xf800,0xf800,0xf800,0xf800,0xf800,0xf800,0xf800,0xf800,
		0xf800,0xf800,0xd960,0x5e80,0x56a0,0xca20,0xf800,0xf800,0xf800,0xf800,0xf800,0xf800,0xf800,0xf800,0xf800,0xf800,
		0xf800,0xf800,0xf800,0xd940,0x56a0,0x56a0,0xe8a0,0xf800,0xf800,0xf800,0xf800,0xf800,0xf800,0xf800,0xf800,0xf800,
		0xf800,0xf800,0xf800,0xf800,0xb2e0,0x56a0,0x56a0,0x56a0,0x56a0,0x7540,0xf060,0xf800,0xf800,0xf800,0xf800,0xf800,
		0xf800,0xf800,0xf800,0xf800,0xf800,0xf800,0xf800,0xe8c0,0xf800,0xf800,0xf800,0xf800,0xf800,0xf800,0xf800,0xf800,
		0xf800,0xf800,0xf800,0xd1a0,0x56a0,0x56a0,0x56a0,0x56a0,0x56a0,0xab40,0xf800,0xf800,0xf800,0xf800,0xf800,0xf800,
		0xf800,0xf800,0xf800,0xf800,0xf800,0xf800,0xf800,0xf800,0xf800,0xf800,0xc220,0x5e40,0x56a0,0x56a0,0x56a0,0xab20,
		0xf800,0xf800,0xf800,0xf800,0xf800,0xf800,0xf800,0xf800,0xf800,0xf800,0xf800,0xf800,0xf800,0xf800,0xf800,0xb300,
		0x56a0,0x56a0,0xa3a0,0xf800,0xf800,0xe8c0,0xbaa0,0xd980,0xf800,0xf800,0xf800,0xf800,0xf800,0xf800,0xf800,0xf800,
		0xf800,0xf800,0xf800,0xf800,0xf800,0xf800,0xf800,0xf800,0xca00,0x5e40,0x56a0,0x56a0,0x56a0,0x56a0,0x56a0,0xc9e0,
		0xf800,0xf800,0xf800,0xf800,0xf800,0xf800,0xf800,0xf800,0xf800,0xf800,0xf800,0xf800,0xf800,0xf800,0xf800,0xf800,
		0xca20,0x56a0,0x56a0,0x56a0,0x56a0,0x56a0,0x56a0,0x56a0,0x56a0,0x56a0,0x56a0,0x56a0,0x9420,0xf840,0xf800,0xf800,
		0xf800,0xf800,0xf800,0xf800,0xf800,0xf800,0xf800,0xf800,0xf800,0xf800,0xf800,0xf800,0xf800,0xf800,0xe120,0x7d20,
		0x56a0,0x56a0,0x56a0,0x56a0,0x56a0,0x56a0,0x56a0,0x56a0,0x56a0,0x5e60,0xd960,0xf800,0xf800,0xf800,0xf800,0xf800,
		0xf800,0xf800,0xf800,0xf800,0xf800,0xf800,0xf800,0xf800,0xf060,0x84c0,0x56a0,0x56a0,0x56a0,0x56a0,0x56a0,0x56a0,
		0x56a0,0x56a0,0x56a0,0x56a0,0x56a0,0x56a0,0x56a0,0x56a0,0x56a0,0x56a0,0x56a0,0x56a0,0x56a0,0x56a0,0x56a0,0x56a0,
		0x56a0,0x56a0,0x56a0,0x56a0,0x56a0,0x56a0,0x56a0,0x56a0,0x56a0,0x56a0,0x56a0,0x56a0,0x56a0,0x56a0,0x6600,0xf840,
		0xf800,0xf800,0xf800,0xf800,0xf800,0xf800,0xf800,0xf800,0xf800,0xf800,0xf060,0x6600,0x56a0,0x56a0,0x56a0,0x56a0,
		0xa360,0xf800,0xa360,0x56a0,0x56a0,0x56a0,0x56a0,0x5e40,0xe8a0,0xf800,0xf800,0xf800,0xf800,0xf800,0xf800,0xf800,
		0xf800,0xf800,0xf800,0xf800,0xf800,0xf800,0xf800,0xe8a0,0x6620,0x56a0,0x56a0,0x9440,0xf820,0xf800,0xf800,0xf800,
		0xf800,0xf800,0xf800,0xf800,0xf800,0xf800,0xe8e0,0x8c80,0x9c00,0xf820,0xf800,0xf800,0xf800,0xf800,0xf800,0xf800,
		0xf800,0xd180,0x6620,0x56a0,0x56a0,0xa380,0xf800,0xf800,0xf800,0xf800,0xf800,0xf800,0xf800,0xf800,0xf800,0xf800,
		0xf800,0xf800,0xf800,0xb2e0,0x56a0,0x56a0,0xe120,0xf800,0xf800,0xf800,0xf800,0xf800,0xf800,0xf800,0xf800,0xf800,
		0xf800,0xf800,0xf800,0xf800,0x8ca0,0x56a0,0x56a0,0x56a0,0x56a0,0x56a0,0x6da0,0xe120,0xf800,0xf800,0xf800,0xf800,
		0xf800,0xf800,0xf800,0xf800,0xf800,0xe100,0x7540,0x5e60,0xf840,0xf800,0xf800,0xf800,0xf800,0xf800,0xf800,0xf800,
		0xf800,0xf820,0xb2c0,0x5e40,0x56a0,0x56a0,0x56a0,0x56a0,0x56a0,0x56a0,0x84c0,0xe8c0,0xf800,0xf800,0xf800,0xf800,
		0xf800,0xf800,0xf800,0xf800,0xf800,0xf800,0xf800,0xf800,0xe8c0,0x8c80,0x56a0,0x56a0,0x56a0,0x56a0,0x56a0,0x6da0,
		0xf040,0xf800,0xf800,0xf800,0xf800,0xf800,0xf800,0xf800,0xf800,0xf800,0xf800,0xf800,0xf800,0xf800,0xf800,0x7d00,
		0x56a0,0x56a0,0x56a0,0x6de0,0x6620,0x56a0,0x56a0,0x56a0,0x8c60,0xe8c0,0xf800,0xf800,0xf800,0xf800,0xf800,0xf800,
		0xf800,0xf800,0xf800,0xf800,0xf800,0xf800,0xf080,0x9420,0x56a0,0x56a0,0x56a0,0x56a0,0x56a0,0x56a0,0x56a0,0x8c60,
		0xf800,0xf800,0xf800,0xf800,0xf800,0xf800,0xf800,0xf800,0xf800,0xf800,0xf800,0xf800,0xf800,0xf800,0xf800,0xf800,
		0x8ca0,0x56a0,0x56a0,0x56a0,0x56a0,0x56a0,0x56a0,0x56a0,0x56a0,0x56a0,0x56a0,0x56a0,0x56a0,0x7580,0xd960,0xf800,
		0xf800,0xf800,0xf800,0xf800,0xf800,0xf800,0xf800,0xf800,0xf800,0xf800,0xf800,0xf800,0xf080,0xa360,0x5e60,0x56a0,
		0x56a0,0x56a0,0x56a0,0x56a0,0x56a0,0x56a0,0x56a0,0x56a0,0x56a0,0x56a0,0x6600,0xd980,0xf800,0xf800,0xf800,0xf800,
		0xf800,0xf800,0xf800,0xf800,0xf800,0xf800,0xf800,0xd1c0,0x6de0,0x56a0,0x56a0,0x56a0,0x56a0,0x56a0,0x56a0,0x56a0,
		0x56a0,0x56a0,0x56a0,0x56a0,0x56a0,0x56a0,0x56a0,0x56a0,0x56a0,0x56a0,0x56a0,0x56a0,0x56a0,0x56a0,0x56a0,0x56a0,
		0x56a0,0x56a0,0x56a0,0x56a0,0x56a0,0x56a0,0x56a0,0x56a0,0x56a0,0x56a0,0x56a0,0x56a0,0x56a0,0x56a0,0x56a0,0x7d20,
		0xd1c0,0xf820,0xf800,0xf800,0xf800,0xf800,0xf800,0xf800,0xe8c0,0xc260,0x6da0,0x56a0,0x56a0,0x56a0,0x56a0,0x56a0,
		0x56a0,0x5e40,0x56a0,0x56a0,0x56a0,0x56a0,0x56a0,0x56a0,0x65e0,0xbac0,0xe0e0,0xf800,0xf800,0xf800,0xf800,0xf800,
		0xf800,0xf800,0xf800,0xf800,0xf800,0xe100,0xb2e0,0x65e0,0x56a0,0x56a0,0x56a0,0x56a0,0x7d40,0xd1c0,0xf800,0xf800,
		0xf800,0xf800,0xf800,0xf800,0xe8a0,0xa360,0x5e60,0x56a0,0x56a0,0x84a0,0xe8a0,0xf800,0xf800,0xf800,0xf800,0xe8c0,
		0xa3a0,0x5680,0x56a0,0x56a0,0x56a0,0x5680,0x9be0,0xd960,0xf800,0xf800,0xf800,0xf800,0xf800,0xf800,0xf800,0xf800,
		0xf060,0xd1a0,0x9c00,0x5680,0x56a0,0x56a0,0x7580,0xd1c0,0xf840,0xf800,0xf800,0xf800,0xf800,0xf800,0xf800,0xf800,
		0xf800,0xe8a0,0xc9e0,0x84a0,0x56a0,0x56a0,0x56a0,0x56a0,0x56a0,0x56a0,0x56a0,0x5e80,0x9be0,0xe8e0,0xf800,0xf800,
		0xf800,0xf800,0xf800,0xf080,0xab40,0x5e60,0x56a0,0x56a0,0xd1a0,0xf800,0xf800,0xf800,0xf800,0xf040,0xd980,0xb2c0,
		0x9440,0x5e40,0x56a0,0x56a0,0x56a0,0x56a0,0x56a0,0x56a0,0x56a0,0x56a0,0x56a0,0x5e60,0x9420,0xd960,0xf800,0xf800,
		0xf800,0xf800,0xf800,0xf800,0xf800,0xf820,0xd1c0,0x8c60,0x5e80,0x56a0,0x56a0,0x56a0,0x56a0,0x56a0,0x56a0,0x56a0,
		0x7580,0xc260,0xe8a0,0xf800,0xf800,0xf800,0xf800,0xf800,0xf800,0xf800,0xf800,0xf800,0xf040,0xd180,0x84a0,0x56a0,
		0x56a0,0x56a0,0x56a0,0x56a0,0x56a0,0x56a0,0x56a0,0x56a0,0x56a0,0x5e80,0x8c60,0xd1c0,0xf820,0xf800,0xf800,0xf800,
		0xf800,0xf800,0xf800,0xf800,0xd960,0x9be0,0x5e60,0x56a0,0x56a0,0x56a0,0x56a0,0x56a0,0x56a0,0x56a0,0x56a0,0x56a0,
		0x7d00,0xba80,0xe100,0xf800,0xf800,0xf800,0xf800,0xf800,0xf800,0xf800,0xf800,0xf800,0xf800,0xf080,0xd1c0,0x84c0,
		0x56a0,0x56a0,0x56a0,0x56a0,0x56a0,0x56a0,0x56a0,0x56a0,0x56a0,0x56a0,0x56a0,0x56a0,0x56a0,0x56a0,0x56a0,0x84e0,
		0xca20,0xf060,0xf800,0xf800,0xf800,0xf800,0xf800,0xf800,0xf800,0xf060,0xc9e0,0x9420,0x5e60,0x56a0,0x56a0,0x56a0,
		0x56a0,0x56a0,0x56a0,0x56a0,0x56a0,0x56a0,0x56a0,0x56a0,0x56a0,0x56a0,0x56a0,0x5e80,0x9bc0,0xe8c0,0xf800,0xf800,
		0xf800,0xf800,0xf800,0xf800,0xf040,0xca00,0x7d00,0x56a0,0x56a0,0x56a0,0x56a0,0x56a0,0x56a0,0x56a0,0x56a0,0x56a0,
		0x56a0,0x56a0,0x56a0,0x56a0,0x56a0,0x56a0,0x56a0,0x56a0,0x56a0,0x56a0,0x56a0,0x56a0,0x56a0,0x56a0,0x56a0,0x56a0,
		0x56a0,0x56a0,0x56a0,0x56a0,0x56a0,0x56a0,0x56a0,0x56a0,0x56a0,0x56a0,0x56a0,0x56a0,0x56a0,0x56a0,0x56a0,0x56a0,
		0x56a0,0x5e60,0x7580,0x7d00,0x84c0,0x7d00,0x7560,0x6600,0x56a0,0x56a0,0x56a0,0x56a0,0x56a0,0x56a0,0x56a0,0x56a0,
		0x56a0,0x56a0,0x56a0,0x56a0,0x56a0,0x56a0,0x56a0,0x56a0,0x56a0,0x56a0,0x56a0,0x5e60,0x7560,0x7d20,0x84c0,0x8c80,
		0x8c80,0x84c0,0x84e0,0x7540,0x5e40,0x56a0,0x56a0,0x56a0,0x56a0,0x56a0,0x56a0,0x56a0,0x56a0,0x56a0,0x6600,0x8ca0,
		0x9be0,0xa3a0,0x9420,0x7d40,0x5e80,0x56a0,0x56a0,0x56a0,0x56a0,0x56a0,0x5e60,0x84c0,0x9bc0,0x9400,0x7d00,0x5680,
		0x56a0,0x56a0,0x56a0,0x56a0,0x56a0,0x56a0,0x56a0,0x56a0,0x5e40,0x7560,0x7d00,0x8ca0,0x84a0,0x7d00,0x7540,0x6dc0,
		0x5680,0x56a0,0x56a0,0x56a0,0x56a0,0x56a0,0x56a0,0x56a0,0x5e80,0x7580,0x7d20,0x84c0,0x84c0,0x7d00,0x7540,0x7580,
		0x6620,0x56a0,0x56a0,0x56a0,0x56a0,0x56a0,0x56a0,0x56a0,0x56a0,0x56a0,0x56a0,0x56a0,0x56a0,0x56a0,0x7580,0x9440,
		0xa3a0,0x9400,0x7d00,0x5e80,0x56a0,0x56a0,0x56a0,0x56a0,0x65e0,0x84c0,0x7d00,0x7580,0x65e0,0x5680,0x56a0,0x56a0,
		0x56a0,0x56a0,0x56a0,0x56a0,0x56a0,0x56a0,0x56a0,0x56a0,0x56a0,0x56a0,0x56a0,0x56a0,0x56a0,0x56a0,0x5e40,0x84e0,
		0x9440,0x9bc0,0x9bc0,0x9440,0x7d20,0x5e60,0x56a0,0x56a0,0x56a0,0x56a0,0x56a0,0x56a0,0x56a0,0x56a0,0x56a0,0x56a0,
		0x56a0,0x56a0,0x56a0,0x6620,0x6da0,0x7540,0x7d00,0x84c0,0x84c0,0x7d00,0x7540,0x6dc0,0x56a0,0x56a0,0x56a0,0x56a0,
		0x56a0,0x56a0,0x56a0,0x56a0,0x56a0,0x56a0,0x56a0,0x56a0,0x56a0,0x56a0,0x56a0,0x56a0,0x5e60,0x7d00,0x9440,0x9bc0,
		0x9bc0,0x9440,0x84e0,0x5e40,0x56a0,0x56a0,0x56a0,0x56a0,0x56a0,0x56a0,0x56a0,0x56a0,0x56a0,0x56a0,0x56a0,0x56a0,
		0x56a0,0x56a0,0x56a0,0x5e40,0x6da0,0x7540,0x7d00,0x84c0,0x84c0,0x7d00,0x7540,0x7580,0x5e60,0x56a0,0x56a0,0x56a0,
		0x56a0,0x56a0,0x56a0,0x56a0,0x56a0,0x56a0,0x56a0,0x56a0,0x56a0,0x56a0,0x56a0,0x56a0,0x56a0,0x56a0,0x56a0,0x56a0,
		0x56a0,0x5680,0x7560,0x8c80,0x9400,0xa3a0,0x9400,0x8c80,0x7540,0x5680,0x56a0,0x56a0,0x56a0,0x56a0,0x56a0,0x56a0,
		0x56a0,0x56a0,0x56a0,0x56a0,0x56a0,0x56a0,0x56a0,0x56a0,0x56a0,0x56a0,0x56a0,0x56a0,0x56a0,0x56a0,0x7580,0x9440,
		0x9bc0,0x9bc0,0x9440,0x7d20,0x5e80,0x56a0,0x56a0,0x56a0,0x56a0,0x56a0,0x56a0,0x56a0,0x56a0,0x56a0,0x56a0,0x56a0,
		0x56a0,0x56a0,0x56a0,0x56a0,0x56a0,0x56a0,0x56a0,0x56a0,0x56a0,0x56a0,0x56a0,0x56a0,0x56a0,0x56a0,0x56a0,0x56a0,
		0x56a0,0x56a0,0x56a0,0x56a0,0x56a0,0x56a0,0x56a0,0x56a0,0x56a0,0x56a0,0x56a0,0x56a0,0x56a0,0x56a0,0x56a0,0x56a0,
		0x56a0,0x56a0,0x56a0,0x56a0,0x56a0,0x56a0,0x56a0,0x56a0,0x56a0,0x56a0,0x56a0,0x56a0,0x56a0,0x56a0,0x56a0,0x56a0,
		0x56a0,0x56a0,0x56a0,0x56a0,0x56a0,0x56a0,0x56a0,0x56a0,0x56a0,0x56a0,0x56a0,0x56a0,0x56a0,0x56a0,0x56a0,0x56a0,
		0x56a0,0x56a0,0x56a0,0x56a0,0x56a0,0x56a0,0x56a0,0x56a0,0x56a0,0x56a0,0x56a0,0x56a0,0x56a0,0x56a0,0x56a0,0x56a0,
		0x56a0,0x56a0,0x56a0,0x56a0,0x56a0,0x56a0,0x56a0,0x56a0,0x56a0,0x56a0,0x56a0,0x56a0,0x56a0,0x56a0,0x56a0,0x56a0,
		0x56a0,0x56a0,0x56a0,0x56a0,0x56a0,0x56a0,0x56a0,0x56a0,0x56a0,0x56a0,0x56a0,0x56a0,0x56a0,0x56a0,0x56a0,0x56a0,
		0x56a0,0x56a0,0x56a0,0x56a0,0x56a0,0x56a0,0x56a0,0x56a0,0x56a0,0x56a0,0x56a0,0x56a0,0x56a0,0x56a0,0x56a0,0x56a0,
		0x56a0,0x56a0,0x56a0,0x56a0,0x56a0,0x56a0,0x56a0,0x56a0,0x56a0,0x56a0,0x56a0,0x56a0,0x56a0,0x56a0,0x56a0,0x56a0,
		0x56a0,0x56a0,0x56a0,0x56a0,0x56a0,0x56a0,0x56a0,0x56a0,0x56a0,0x56a0,0x56a0,0x56a0,0x56a0,0x56a0,0x56a0,0x56a0,
		0x56a0,0x56a0,0x56a0,0x56a0,0x56a0,0x56a0,0x56a0,0x56a0,0x56a0,0x56a0,0x56a0,0x56a0,0x56a0,0x56a0,0x56a0,0x56a0,
		0x56a0,0x56a0,0x56a0,0x56a0,0x56a0,0x56a0,0x56a0,0x56a0,0x56a0,0x56a0,0x56a0,0x56a0,0x56a0,0x56a0,0x56a0,0x56a0,
		0x56a0,0x56a0,0x56a0,0x56a0,0x56a0,0x56a0,0x56a0,0x56a0,0x56a0,0x56a0,0x56a0,0x56a0,0x56a0,0x56a0,0x56a0,0x56a0,
		0x56a0,0x56a0,0x56a0,0x56a0,0x56a0,0x56a0,0x56a0,0x56a0,0x56a0,0x56a0,0x56a0,0x56a0,0x56a0,0x56a0,0x56a0,0x56a0,
		0x56a0,0x56a0,0x56a0,0x56a0,0x56a0,0x56a0,0x56a0,0x56a0,0x56a0,0x56a0,0x56a0,0x56a0,0x56a0,0x56a0,0x56a0,0x56a0,
		0x56a0,0x56a0,0x56a0,0x56a0,0x56a0,0x56a0,0x56a0,0x56a0,0x56a0,0x56a0,0x56a0,0x56a0,0x56a0,0x56a0,0x56a0,0x56a0,
		0x56a0,0x56a0,0x56a0,0x56a0,0x56a0,0x56a0,0x56a0,0x56a0,0x56a0,0x56a0,0x56a0,0x56a0,0x56a0,0x56a0,0x56a0,0x56a0,
		0x56a0,0x56a0,0x56a0,0x56a0,0x56a0,0x56a0,0x56a0,0x56a0,0x56a0,0x56a0,0x56a0,0x56a0,0x56a0,0x56a0,0x56a0,0x56a0,
		0x56a0,0x56a0,0x56a0,0x56a0,0x56a0,0x56a0,0x56a0,0x56a0,0x56a0,0x56a0,0x56a0,0x56a0,0x56a0,0x56a0,0x56a0,0x56a0,
		0x56a0,0x56a0,0x56a0,0x56a0,0x56a0,0x56a0,0x56a0,0x56a0,0x56a0,0x56a0,0x56a0,0x56a0,0x56a0,0x56a0,0x56a0,0x56a0,
		0x56a0,0x56a0,0x56a0,0x56a0,0x56a0,0x56a0,0x56a0,0x56a0,0x56a0,0x56a0,0x56a0,0x56a0,0x56a0,0x56a0,0x56a0,0x56a0,
		0x56a0,0x56a0,0x56a0,0x56a0,0x56a0,0x56a0,0x56a0,0x56a0,0x56a0,0x56a0,0x56a0,0x56a0,0x56a0,0x56a0,0x56a0,0x56a0,
		0x56a0,0x56a0,0x56a0,0x56a0,0x56a0,0x56a0,0x56a0,0x56a0,0x56a0,0x56a0,0x56a0,0x56a0,0x56a0,0x56a0,0x56a0,0x56a0,
		0x56a0,0x56a0,0x56a0,0x56a0,0x56a0,0x56a0,0x56a0,0x56a0,0x56a0,0x56a0,0x56a0,0x56a0,0x56a0,0x56a0,0x56a0,0x56a0,
		0x56a0,0x56a0,0x56a0,0x56a0,0x56a0,0x56a0,0x56a0,0x56a0,0x56a0,0x56a0,0x56a0,0x56a0,0x56a0,0x56a0,0x56a0,0x56a0,
		0x56a0,0x56a0,0x56a0,0x56a0,0x56a0,0x56a0,0x56a0,0x56a0,0x56a0,0x56a0,0x56a0,0x56a0,0x56a0,0x56a0,0x56a0,0x56a0,
		0x56a0,0x56a0,0x56a0,0x56a0,0x56a0,0x56a0,0x56a0,0x56a0,0x56a0,0x56a0,0x56a0,0x56a0,0x56a0,0x56a0,0x56a0,0x56a0,
		0x56a0,0x56a0,0x56a0,0x56a0,0x56a0,0x56a0,0x56a0,0x56a0,0x56a0,0x56a0,0x56a0,0x56a0,0x56a0,0x56a0,0x56a0,0x56a0,
		0x56a0,0x56a0,0x56a0,0x56a0,0x56a0,0x56a0,0x56a0,0x56a0,0x56a0,0x56a0,0x56a0,0x56a0,0x56a0,0x56a0,0x56a0,0x56a0,
		0x56a0,0x56a0,0x56a0,0x56a0,0x56a0,0x56a0,0x56a0,0x56a0,0x56a0,0x56a0,0x56a0,0x56a0,0x56a0,0x56a0,0x56a0,0x56a0,
		0x56a0,0x56a0,0x56a0,0x56a0,0x56a0,0x56a0,0x56a0,0x56a0,0x56a0,0x56a0,0x56a0,0x56a0,0x56a0,0x56a0,0x56a0,0x56a0,
		0x56a0,0x56a0,0x56a0,0x56a0,0x56a0,0x56a0,0x56a0,0x56a0,0x56a0,0x56a0,0x56a0,0x56a0,0x56a0,0x56a0,0x56a0,0x56a0,
		0x56a0,0x56a0,0x56a0,0x56a0,0x56a0,0x56a0,0x56a0,0x56a0,0x56a0,0x56a0,0x56a0,0x56a0,0x56a0,0x56a0,0x56a0,0x56a0,
		0x56a0,0x56a0,0x56a0,0x56a0,0x56a0,0x56a0,0x56a0,0x56a0,0x56a0,0x56a0,0x56a0,0x56a0,0x56a0,0x56a0,0x56a0,0x56a0,
		0x56a0,0x56a0,0x56a0,0x56a0,0x56a0,0x56a0,0x56a0,0x56a0,0x56a0,0x56a0,0x56a0,0x56a0,0x56a0,0x56a0,0x56a0,0x56a0,
		0x56a0,0x56a0,0x56a0,0x56a0,0x56a0,0x56a0,0x56a0,0x56a0,0x56a0,0x56a0,0x56a0,0x56a0,0x56a0,0x56a0,0x56a0,0x56a0,
		0x56a0,0x56a0,0x56a0,0x56a0,0x56a0,0x56a0,0x56a0,0x56a0,0x56a0,0x56a0,0x56a0,0x56a0,0x56a0,0x56a0,0x56a0,0x56a0,
		0x56a0,0x56a0,0x56a0,0x56a0,0x56a0,0x56a0,0x56a0,0x56a0,0x56a0,0x56a0,0x56a0,0x56a0,0x56a0,0x56a0,0x56a0,0x56a0,
		0x56a0,0x56a0,0x56a0,0x56a0,0x56a0,0x56a0,0x56a0,0x56a0,0x56a0,0x56a0,0x56a0,0x56a0,0x56a0,0x56a0,0x56a0,0x56a0,
		0x56a0,0x56a0,0x56a0,0x56a0,0x56a0,0x56a0,0x56a0,0x56a0,0x56a0,0x56a0,0x56a0,0x56a0,0x56a0,0x56a0,0x56a0,0x56a0,
		0x56a0,0x56a0,0x56a0,0x56a0,0x56a0,0x56a0,0x56a0,0x56a0,0x56a0,0x56a0,0x56a0,0x56a0,0x56a0,0x56a0,0x56a0,0x56a0,
		0x56a0,0x56a0,0x56a0,0x56a0,0x56a0,0x56a0,0x56a0,0x56a0,0x56a0,0x56a0,0x56a0,0x56a0,0x56a0,0x56a0,0x56a0,0x56a0,
		0x56a0,0x56a0,0x56a0,0x56a0,0x56a0,0x56a0,0x56a0,0x56a0,0x56a0,0x56a0,0x56a0,0x56a0,0x56a0,0x56a0,0x56a0,0x56a0,
		0x56a0,0x56a0,0x56a0,0x56a0,0x56a0,0x56a0,0x56a0,0x56a0,0x56a0,0x56a0,0x56a0,0x56a0,0x56a0,0x56a0,0x56a0,0x56a0,
		0x56a0,0x56a0,0x56a0,0x56a0,0x56a0,0x56a0,0x56a0,0x56a0,0x56a0,0x56a0,0x56a0,0x56a0,0x56a0,0x56a0,0x56a0,0x56a0,
		0x56a0,0x56a0,0x56a0,0x56a0,0x56a0,0x56a0,0x56a0,0x56a0,0x56a0,0x56a0,0x56a0,0x56a0,0x56a0,0x56a0,0x56a0,0x56a0,
		0x56a0,0x56a0,0x56a0,0x56a0,0x56a0,0x56a0,0x56a0,0x56a0,0x56a0,0x56a0,0x56a0,0x56a0,0x56a0,0x56a0,0x56a0,0x56a0,
		0x56a0,0x56a0,0x56a0,0x56a0,0x56a0,0x56a0,0x56a0,0x56a0,0x56a0,0x56a0,0x56a0,0x56a0,0x56a0,0x56a0,0x56a0,0x56a0,
		0x56a0,0x56a0,0x56a0,0x56a0,0x56a0,0x56a0,0x56a0,0x56a0,0x56a0,0x56a0,0x56a0,0x56a0,0x56a0,0x56a0,0x56a0,0x56a0,
		0x56a0,0x56a0,0x56a0,0x56a0,0x56a0,0x56a0,0x56a0,0x56a0,0x56a0,0x56a0,0x56a0,0x56a0,0x56a0,0x56a0,0x56a0,0x56a0,
		0x56a0,0x56a0,0x56a0,0x56a0,0x56a0,0x56a0,0x56a0,0x56a0,0x56a0,0x56a0,0x56a0,0x56a0,0x56a0,0x56a0,0x56a0,0x56a0,
		0x56a0,0x56a0,0x56a0,0x56a0,0x56a0,0x56a0,0x56a0,0x56a0,0x56a0,0x56a0,0x56a0,0x56a0,0x56a0,0x56a0,0x56a0,0x56a0,
		0x56a0,0x56a0,0x56a0,0x56a0,0x56a0,0x56a0,0x56a0,0x56a0,0x56a0,0x56a0,0x56a0,0x56a0,0x56a0,0x56a0,0x56a0,0x56a0,
		0x56a0,0x56a0,0x56a0,0x56a0,0x56a0,0x56a0,0x56a0,0x56a0,0x56a0,0x56a0,0x56a0,0x56a0,0x56a0,0x56a0,0x56a0,0x56a0,
		0x56a0,0x56a0,0x56a0,0x56a0,0x56a0,0x56a0,0x56a0,0x56a0,0x56a0,0x56a0,0x56a0,0x56a0,0x56a0,0x56a0,0x56a0,0x56a0,
		0x56a0,0x56a0,0x56a0,0x56a0,0x56a0,0x56a0,0x56a0,0x56a0,0x56a0,0x56a0,0x56a0,0x56a0,0x56a0,0x56a0,0x56a0,0x56a0,
		0x56a0,0x56a0,0x56a0,0x56a0,0x56a0,0x56a0,0x56a0,0x56a0,0x56a0,0x56a0,0x56a0,0x56a0,0x56a0,0x56a0,0x56a0,0x56a0,
		0x56a0,0x56a0,0x56a0,0x56a0,0x56a0,0x56a0,0x56a0,0x56a0,0x56a0,0x56a0,0x56a0,0x56a0,0x56a0,0x56a0,0x56a0,0x56a0,
		0x56a0,0x56a0,0x56a0,0x56a0,0x56a0,0x56a0,0x56a0,0x56a0,0x56a0,0x56a0,0x56a0,0x56a0,0x56a0,0x56a0,0x56a0,0x56a0,
		0x56a0,0x56a0,0x56a0,0x56a0,0x56a0,0x56a0,0x56a0,0x56a0,0x56a0,0x56a0,0x56a0,0x56a0,0x56a0,0x56a0,0x56a0,0x56a0,
		0x56a0,0x56a0,0x56a0,0x56a0,0x56a0,0x56a0,0x56a0,0x56a0,0x56a0,0x56a0,0x56a0,0x56a0,0x56a0,0x56a0,0x56a0,0x56a0,
		0x56a0,0x56a0,0x56a0,0x56a0,0x56a0,0x56a0,0x56a0,0x56a0,0x56a0,0x56a0,0x56a0,0x56a0,0x56a0,0x56a0,0x56a0,0x56a0,
		0x56a0,0x56a0,0x56a0,0x56a0,0x56a0,0x56a0,0x56a0,0x56a0,0x56a0,0x56a0,0x56a0,0x56a0,0x56a0,0x56a0,0x56a0,0x56a0,
		0x56a0,0x56a0,0x56a0,0x56a0,0x56a0,0x56a0,0x56a0,0x56a0,0x56a0,0x56a0,0x56a0,0x56a0,0x56a0,0x56a0,0x56a0,0x56a0,
		0x56a0,0x56a0,0x56a0,0x56a0,0x56a0,0x56a0,0x56a0,0x56a0,0x56a0,0x56a0,0x56a0,0x56a0,0x56a0,0x56a0,0x56a0,0x56a0,
		0x56a0,0x56a0,0x56a0,0x56a0,0x56a0,0x56a0,0x56a0,0x56a0,0x56a0,0x56a0,0x56a0,0x56a0,0x56a0,0x56a0,0x56a0,0x56a0,
		0x56a0,0x56a0,0x56a0,0x56a0,0x56a0,0x56a0,0x56a0,0x56a0,0x56a0,0x56a0,0x56a0,0x56a0,0x56a0,0x56a0,0x56a0,0x56a0,
		0x56a0,0x56a0,0x56a0,0x56a0,0x56a0,0x56a0,0x56a0,0x56a0,0x56a0,0x56a0,0x56a0,0x56a0,0x56a0,0x56a0,0x56a0,0x56a0,
		0x56a0,0x56a0,0x56a0,0x56a0,0x56a0,0x56a0,0x56a0,0x56a0,0x56a0,0x56a0,0x56a0,0x56a0,0x56a0,0x56a0,0x56a0,0x56a0,
		0x56a0,0x56a0,0x56a0,0x56a0,0x56a0,0x56a0,0x56a0,0x56a0,0x56a0,0x56a0,0x56a0,0x56a0,0x56a0,0x56a0,0x56a0,0x56a0,
		0x56a0,0x56a0,0x56a0,0x56a0,0x56a0,0x56a0,0x56a0,0x56a0,0x56a0,0x56a0,0x56a0,0x56a0,0x56a0,0x56a0,0x56a0,0x56a0,
		0x56a0,0x56a0,0x56a0,0x56a0,0x56a0,0x56a0,0x56a0,0x56a0,0x56a0,0x56a0,0x56a0,0x56a0,0x56a0,0x56a0,0x56a0,0x56a0,
		0x56a0,0x56a0,0x56a0,0x56a0,0x56a0,0x56a0,0x56a0,0x56a0,0x56a0,0x56a0,0x56a0,0x56a0,0x56a0,0x56a0,0x56a0,0x56a0,
		0x56a0,0x56a0,0x56a0,0x56a0,0x56a0,0x56a0,0x56a0,0x56a0,0x56a0,0x56a0,0x56a0,0x56a0,0x56a0,0x56a0,0x56a0,0x56a0,
		0x56a0,0x56a0,0x56a0,0x56a0,0x56a0,0x56a0,0x56a0,0x56a0,0x56a0,0x56a0,0x56a0,0x56a0,0x56a0,0x56a0,0x56a0,0x56a0,
		0x56a0,0x56a0,0x56a0,0x56a0,0x56a0,0x56a0,0x56a0,0x56a0,0x56a0,0x56a0,0x56a0,0x56a0,0x56a0,0x56a0,0x56a0,0x56a0,
		0x56a0,0x56a0,0x56a0,0x56a0,0x56a0,0x56a0,0x56a0,0x56a0,0x56a0,0x56a0,0x56a0,0x56a0,0x56a0,0x56a0,0x56a0,0x56a0,
		0x56a0,0x56a0,0x56a0,0x56a0,0x56a0,0x56a0,0x56a0,0x56a0,0x56a0,0x56a0,0x56a0,0x56a0,0x56a0,0x56a0,0x56a0,0x56a0,
		0x56a0,0x56a0,0x56a0,0x56a0,0x56a0,0x56a0,0x56a0,0x56a0,0x56a0,0x56a0,0x56a0,0x56a0,0x56a0,0x56a0,0x56a0,0x56a0,
		0x56a0,0x56a0,0x56a0,0x56a0,0x56a0,0x56a0,0x56a0,0x56a0,0x56a0,0x56a0,0x56a0,0x56a0,0x56a0,0x56a0,0x56a0,0x56a0,
		0x56a0,0x56a0,0x56a0,0x56a0,0x56a0,0x56a0,0x56a0,0x56a0,0x56a0,0x56a0,0x56a0,0x56a0,0x56a0,0x56a0,0x56a0,0x56a0,
		0x56a0,0x56a0,0x56a0,0x56a0,0x56a0,0x56a0,0x56a0,0x56a0,0x56a0,0x56a0,0x56a0,0x56a0,0x56a0,0x56a0,0x56a0,0x56a0,
		0x56a0,0x56a0,0x56a0,0x56a0,0x56a0,0x56a0,0x56a0,0x56a0,0x56a0,0x56a0,0x56a0,0x56a0,0x56a0,0x56a0,0x56a0,0x56a0,
		0x56a0,0x56a0,0x56a0,0x56a0,0x56a0,0x56a0,0x56a0,0x56a0,0x56a0,0x56a0,0x56a0,0x56a0,0x56a0,0x56a0,0x56a0,0x56a0,
		0x56a0,0x56a0,0x56a0,0x56a0,0x56a0,0x56a0,0x56a0,0x56a0,0x56a0,0x56a0,0x56a0,0x56a0,0x56a0,0x56a0,0x56a0,0x56a0,
		0x56a0,0x56a0,0x56a0,0x56a0,0x56a0,0x56a0,0x56a0,0x56a0,0x56a0,0x56a0,0x56a0,0x56a0,0x56a0,0x56a0,0x56a0,0x56a0,
		0x56a0,0x56a0,0x56a0,0x56a0,0x56a0,0x56a0,0x56a0,0x56a0,0x56a0,0x56a0,0x56a0,0x56a0,0x56a0,0x56a0,0x56a0,0x56a0,
		0x56a0,0x56a0,0x56a0,0x56a0,0x56a0,0x56a0,0x56a0,0x56a0,0x56a0,0x56a0,0x56a0,0x56a0,0x56a0,0x56a0,0x56a0,0x56a0,
		0x56a0,0x56a0,0x56a0,0x56a0,0x56a0,0x56a0,0x56a0,0x56a0,0x56a0,0x56a0,0x56a0,0x56a0,0x56a0,0x56a0,0x56a0,0x56a0,
		0x56a0,0x56a0,0x56a0,0x56a0,0x56a0,0x56a0,0x56a0,0x56a0,0x56a0,0x56a0,0x56a0,0x56a0,0x56a0,0x56a0,0x56a0,0x56a0,
		0x56a0,0x56a0,0x56a0,0x56a0,0x56a0,0x56a0,0x56a0,0x56a0,0x56a0,0x56a0,0x56a0,0x56a0,0x56a0,0x56a0,0x56a0,0x56a0,
		0x56a0,0x56a0,0x56a0,0x56a0,0x56a0,0x56a0,0x56a0,0x56a0,0x56a0,0x56a0,0x56a0,0x56a0,0x56a0,0x56a0,0x56a0,0x56a0,
		0x56a0,0x56a0,0x56a0,0x56a0,0x56a0,0x56a0,0x56a0,0x56a0,0x56a0,0x56a0,0x56a0,0x56a0,0x56a0,0x56a0,0x56a0,0x56a0,
		0x56a0,0x56a0,0x56a0,0x56a0,0x56a0,0x56a0,0x56a0,0x56a0,0x56a0,0x56a0,0x56a0,0x56a0,0x56a0,0x56a0,0x56a0,0x56a0,
		0x56a0,0x56a0,0x56a0,0x56a0,0x56a0,0x56a0,0x56a0,0x56a0,0x56a0,0x56a0,0x56a0,0x56a0,0x56a0,0x56a0,0x56a0,0x56a0,
		0x56a0,0x56a0,0x56a0,0x56a0,0x56a0,0x56a0,0x56a0,0x56a0,0x56a0,0x56a0,0x56a0,0x56a0,0x56a0,0x56a0,0x56a0,0x56a0,
		0x56a0,0x56a0,0x56a0,0x56a0,0x56a0,0x56a0,0x56a0,0x56a0,0x56a0,0x56a0,0x56a0,0x56a0,0x56a0,0x56a0,0x56a0,0x56a0,
		0x56a0,0x56a0,0x56a0,0x56a0,0x56a0,0x56a0,0x56a0,0x56a0,0x56a0,0x56a0,0x56a0,0x56a0,0x56a0,0x56a0,0x56a0,0x56a0,
		0x56a0,0x56a0,0x56a0,0x56a0,0x56a0,0x56a0,0x56a0,0x56a0,0x56a0,0x56a0,0x56a0,0x56a0,0x56a0,0x56a0,0x56a0,0x56a0,
		0x56a0,0x56a0,0x56a0,0x56a0,0x56a0,0x56a0,0x56a0,0x56a0,0x56a0,0x56a0,0x56a0,0x56a0,0x56a0,0x56a0,0x56a0,0x56a0,
		0x56a0,0x56a0,0x56a0,0x56a0,0x56a0,0x56a0,0x56a0,0x56a0,0x56a0,0x56a0,0x56a0,0x56a0,0x56a0,0x56a0,0x56a0,0x56a0,
		0x56a0,0x56a0,0x56a0,0x56a0,0x56a0,0x56a0,0x56a0,0x56a0,0x56a0,0x56a0,0x56a0,0x56a0,0x56a0,0x56a0,0x56a0,0x56a0,
		0x56a0,0x56a0,0x56a0,0x56a0,0x56a0,0x56a0,0x56a0,0x56a0,0x56a0,0x56a0,0x56a0,0x56a0,0x56a0,0x56a0,0x56a0,0x56a0,
		0x56a0,0x56a0,0x56a0,0x56a0,0x56a0,0x56a0,0x56a0,0x56a0,0x56a0,0x56a0,0x56a0,0x56a0,0x56a0,0x56a0,0x56a0,0x56a0,
		0x56a0,0x56a0,0x56a0,0x56a0,0x56a0,0x56a0,0x56a0,0x56a0,0x56a0,0x56a0,0x56a0,0x56a0,0x56a0,0x56a0,0x56a0,0x56a0,
		0x56a0,0x56a0,0x56a0,0x56a0,0x56a0,0x56a0,0x56a0,0x56a0,0x56a0,0x56a0,0x56a0,0x56a0,0x56a0,0x56a0,0x56a0,0x56a0,
		0x56a0,0x56a0,0x56a0,0x56a0,0x56a0,0x56a0,0x56a0,0x56a0,0x56a0,0x56a0,0x56a0,0x56a0,0x56a0,0x56a0,0x56a0,0x56a0,
		0x56a0,0x56a0,0x56a0,0x56a0,0x56a0,0x56a0,0x56a0,0x56a0,0x56a0,0x56a0,0x56a0,0x56a0,0x56a0,0x56a0,0x56a0,0x56a0,
		0x56a0,0x56a0,0x56a0,0x56a0,0x56a0,0x56a0,0x56a0,0x56a0,0x56a0,0x56a0,0x56a0,0x56a0,0x56a0,0x56a0,0x56a0,0x56a0,
		0x56a0,0x56a0,0x56a0,0x56a0,0x56a0,0x56a0,0x56a0,0x56a0,0x56a0,0x56a0,0x56a0,0x56a0,0x56a0,0x56a0,0x56a0,0x56a0,
		0x56a0,0x56a0,0x56a0,0x56a0,0x56a0,0x56a0,0x56a0,0x56a0,0x56a0,0x56a0,0x56a0,0x56a0,0x56a0,0x56a0,0x56a0,0x56a0,
		0x56a0,0x56a0,0x56a0,0x56a0,0x56a0,0x56a0,0x56a0,0x56a0,0x56a0,0x56a0,0x56a0,0x56a0,0x56a0,0x56a0,0x56a0,0x56a0,
		0x56a0,0x56a0,0x56a0,0x56a0,0x56a0,0x56a0,0x56a0,0x56a0,0x56a0,0x56a0,0x56a0,0x56a0,0x56a0,0x56a0,0x56a0,0x56a0,
		0x56a0,0x56a0,0x56a0,0x56a0,0x56a0,0x56a0,0x56a0,0x56a0,0x56a0,0x56a0,0x56a0,0x56a0,0x56a0,0x56a0,0x56a0,0x56a0,
		0x56a0,0x56a0,0x56a0,0x56a0,0x56a0,0x56a0,0x56a0,0x56a0,0x56a0,0x56a0,0x56a0,0x56a0,0x56a0,0x56a0,0x56a0,0x56a0,
		0x56a0,0x56a0,0x56a0,0x56a0,0x56a0,0x56a0,0x56a0,0x56a0,0x56a0,0x56a0,0x56a0,0x56a0,0x56a0,0x56a0,0x56a0,0x56a0,
		0x56a0,0x56a0,0x56a0,0x56a0,0x56a0,0x56a0,0x56a0,0x56a0,0x56a0,0x56a0,0x56a0,0x56a0,0x56a0,0x56a0,0x56a0,0x56a0,
		0x56a0,0x56a0,0x56a0,0x56a0,0x56a0,0x56a0,0x56a0,0x56a0,0x56a0,0x56a0,0x56a0,0x56a0,0x56a0,0x56a0,0x56a0,0x56a0,
		0x56a0,0x56a0,0x56a0,0x56a0,0x56a0,0x56a0,0x56a0,0x56a0,0x56a0,0x56a0,0x56a0,0x56a0,0x56a0,0x56a0,0x56a0,0x56a0,
		0x56a0,0x56a0,0x56a0,0x56a0,0x56a0,0x56a0,0x56a0,0x56a0,0x56a0,0x56a0,0x56a0,0x56a0,0x56a0,0x56a0,0x56a0,0x56a0,
		0x56a0,0x56a0,0x56a0,0x56a0,0x56a0,0x56a0,0x56a0,0x56a0,0x56a0,0x56a0,0x56a0,0x56a0,0x56a0,0x56a0,0x56a0,0x56a0,
		0x56a0,0x56a0,0x56a0,0x56a0,0x56a0,0x56a0,0x56a0,0x56a0,0x56a0,0x56a0,0x56a0,0x56a0,0x56a0,0x56a0,0x56a0,0x56a0,
		0x56a0,0x56a0,0x56a0,0x56a0,0x56a0,0x56a0,0x56a0,0x56a0,0x56a0,0x56a0,0x56a0,0x56a0,0x56a0,0x56a0,0x56a0,0x56a0,
		0x56a0,0x56a0,0x56a0,0x56a0,0x56a0,0x56a0,0x56a0,0x56a0,0x56a0,0x56a0,0x56a0,0x56a0,0x56a0,0x56a0,0x56a0,0x56a0,
		0x56a0,0x56a0,0x56a0,0x56a0,0x56a0,0x56a0,0x56a0,0x56a0,0x56a0,0x56a0,0x56a0,0x56a0,0x56a0,0x56a0,0x56a0,0x56a0,
		0x56a0,0x56a0,0x56a0,0x56a0,0x56a0,0x56a0,0x56a0,0x56a0,0x56a0,0x56a0,0x56a0,0x56a0,0x56a0,0x56a0,0x56a0,0x56a0,
		0x56a0,0x56a0,0x56a0,0x56a0,0x56a0,0x56a0,0x56a0,0x56a0,0x56a0,0x56a0,0x56a0,0x56a0,0x56a0,0x56a0,0x56a0,0x56a0,
		0x56a0,0x56a0,0x56a0,0x56a0,0x56a0,0x56a0,0x56a0,0x56a0,0x56a0,0x56a0,0x56a0,0x56a0,0x56a0,0x56a0,0x56a0,0x56a0,
		0x56a0,0x56a0,0x56a0,0x56a0,0x56a0,0x56a0,0x56a0,0x56a0,0x56a0,0x56a0,0x56a0,0x56a0,0x56a0,0x56a0,0x56a0,0x56a0,
		0x56a0,0x56a0,0x56a0,0x56a0,0x56a0,0x56a0,0x56a0,0x56a0,0x56a0,0x56a0,0x56a0,0x56a0,0x56a0,0x56a0,0x56a0,0x56a0,
		0x56a0,0x56a0,0x56a0,0x56a0,0x56a0,0x56a0,0x56a0,0x56a0,0x56a0,0x56a0,0x56a0,0x56a0,0x56a0,0x56a0,0x56a0,0x56a0,
		0x56a0,0x56a0,0x56a0,0x56a0,0x56a0,0x56a0,0x56a0,0x56a0,0x56a0,0x56a0,0x56a0,0x56a0,0x56a0,0x56a0,0x56a0,0x56a0,
		0x56a0,0x56a0,0x56a0,0x56a0,0x56a0,0x56a0,0x56a0,0x56a0,0x56a0,0x56a0,0x56a0,0x56a0,0x56a0,0x56a0,0x56a0,0x56a0,
		0x56a0,0x56a0,0x56a0,0x56a0,0x56a0,0x56a0,0x56a0,0x56a0,0x56a0,0x56a0,0x56a0,0x56a0,0x56a0,0x56a0,0x56a0,0x56a0,
		0x56a0,0x56a0,0x56a0,0x56a0,0x56a0,0x56a0,0x56a0,0x56a0,0x56a0,0x56a0,0x56a0,0x56a0,0x56a0,0x56a0,0x56a0,0x56a0,
		0x56a0,0x56a0,0x56a0,0x56a0,0x56a0,0x56a0,0x56a0,0x56a0,0x56a0,0x56a0,0x56a0,0x56a0,0x56a0,0x56a0,0x56a0,0x56a0,
		0x56a0,0x56a0,0x56a0,0x56a0,0x56a0,0x56a0,0x56a0,0x56a0,0x56a0,0x56a0,0x56a0,0x56a0,0x56a0,0x56a0,0x56a0,0x56a0,
		0x56a0,0x56a0,0x56a0,0x56a0,0x56a0,0x56a0,0x56a0,0x56a0,0x56a0,0x56a0,0x56a0,0x56a0,0x56a0,0x56a0,0x56a0,0x56a0,
		0x56a0,0x56a0,0x56a0,0x56a0,0x56a0,0x56a0,0x56a0,0x56a0,0x56a0,0x56a0,0x56a0,0x56a0,0x56a0,0x56a0,0x56a0,0x56a0,
		0x56a0,0x56a0,0x56a0,0x56a0,0x56a0,0x56a0,0x56a0,0x56a0,0x56a0,0x56a0,0x56a0,0x56a0,0x56a0,0x56a0,0x56a0,0x56a0,
		0x56a0,0x56a0,0x56a0,0x56a0,0x56a0,0x56a0,0x56a0,0x56a0,0x56a0,0x56a0,0x56a0,0x56a0,0x56a0,0x56a0,0x56a0,0x56a0,
		0x56a0,0x56a0,0x56a0,0x56a0,0x56a0,0x56a0,0x56a0,0x56a0,0x56a0,0x56a0,0x56a0,0x56a0,0x56a0,0x56a0,0x56a0,0x56a0,
		0x56a0,0x56a0,0x56a0,0x56a0,0x56a0,0x56a0,0x56a0,0x56a0,0x56a0,0x56a0,0x56a0,0x56a0,0x56a0,0x56a0,0x56a0,0x56a0,
		0x56a0,0x56a0,0x56a0,0x56a0,0x56a0,0x56a0,0x56a0,0x56a0,0x56a0,0x56a0,0x56a0,0x56a0,0x56a0,0x56a0,0x56a0,0x56a0,
		0x56a0,0x56a0,0x56a0,0x56a0,0x56a0,0x56a0,0x56a0,0x56a0,0x56a0,0x56a0,0x56a0,0x56a0,0x56a0,0x56a0,0x56a0,0x56a0,
		0x56a0,0x56a0,0x56a0,0x56a0,0x56a0,0x56a0,0x56a0,0x56a0,0x56a0,0x56a0,0x56a0,0x5680,0x65e0,0x6600,0x5e80,0x56a0,
		0x56a0,0x56a0,0x56a0,0x56a0,0x56a0,0x56a0,0x56a0,0x56a0,0x56a0,0x56a0,0x56a0,0x56a0,0x56a0,0x56a0,0x56a0,0x56a0,
		0x56a0,0x56a0,0x56a0,0x56a0,0x56a0,0x56a0,0x56a0,0x56a0,0x5e40,0x6620,0x6620,0x5680,0x56a0,0x56a0,0x56a0,0x56a0,
		0x56a0,0x56a0,0x56a0,0x56a0,0x56a0,0x56a0,0x56a0,0x56a0,0x56a0,0x56a0,0x56a0,0x56a0,0x56a0,0x56a0,0x56a0,0x56a0,
		0x56a0,0x56a0,0x56a0,0x56a0,0x56a0,0x56a0,0x56a0,0x56a0,0x56a0,0x56a0,0x56a0,0x56a0,0x56a0,0x56a0,0x56a0,0x56a0,
		0x56a0,0x56a0,0x56a0,0x56a0,0x56a0,0x56a0,0x56a0,0x56a0,0x56a0,0x56a0,0x56a0,0x56a0,0x56a0,0x56a0,0x56a0,0x56a0,
		0x56a0,0x56a0,0x56a0,0x56a0,0x56a0,0x56a0,0x56a0,0x56a0,0x56a0,0x56a0,0x56a0,0x56a0,0x56a0,0x56a0,0x56a0,0x56a0,
		0x56a0,0x56a0,0x56a0,0x56a0,0x56a0,0x56a0,0x56a0,0x56a0,0x56a0,0x56a0,0x56a0,0x56a0,0x56a0,0x56a0,0x56a0,0x56a0,
		0x56a0,0x56a0,0x56a0,0x56a0,0x56a0,0x56a0,0x56a0,0x56a0,0x56a0,0x56a0,0x56a0,0x56a0,0x56a0,0x56a0,0x56a0,0x56a0,
		0x56a0,0x56a0,0x56a0,0x56a0,0x56a0,0x56a0,0x56a0,0x56a0,0x56a0,0x56a0,0x56a0,0x56a0,0x56a0,0x56a0,0x56a0,0x56a0,
		0x56a0,0x56a0,0x56a0,0x56a0,0x56a0,0x56a0,0x56a0,0x56a0,0x56a0,0x56a0,0x56a0,0x56a0,0x56a0,0x56a0,0x56a0,0x56a0,
		0x56a0,0x56a0,0x56a0,0x56a0,0x56a0,0x56a0,0x56a0,0x56a0,0x56a0,0x56a0,0x56a0,0x56a0,0x56a0,0x56a0,0x56a0,0x56a0,
		0x56a0,0x56a0,0x56a0,0x56a0,0x56a0,0x56a0,0x56a0,0x56a0,0x56a0,0x56a0,0x56a0,0x56a0,0x56a0,0x56a0,0x56a0,0x56a0,
		0x56a0,0x56a0,0x56a0,0x56a0,0x56a0,0x56a0,0x56a0,0x56a0,0x56a0,0x56a0,0x56a0,0x56a0,0x56a0,0x56a0,0x56a0,0x56a0,
		0x56a0,0x56a0,0x56a0,0x56a0,0x56a0,0x56a0,0x56a0,0x56a0,0x56a0,0x56a0,0x56a0,0x56a0,0x56a0,0x56a0,0x56a0,0x56a0,
		0x56a0,0x56a0,0x56a0,0x56a0,0x56a0,0x56a0,0x56a0,0x56a0,0x56a0,0x56a0,0x56a0,0x56a0,0x56a0,0x56a0,0x56a0,0x56a0,
		0x56a0,0x56a0,0x56a0,0x56a0,0x56a0,0x56a0,0x56a0,0x56a0,0x56a0,0x56a0,0x56a0,0x56a0,0x56a0,0x56a0,0x56a0,0x56a0,
		0x56a0,0x56a0,0x56a0,0x56a0,0x56a0,0x56a0,0x56a0,0x56a0,0x56a0,0x56a0,0x56a0,0x56a0,0x56a0,0x56a0,0x56a0,0x56a0,
		0x56a0,0x56a0,0x56a0,0x56a0,0x56a0,0x56a0,0x56a0,0x56a0,0x56a0,0x56a0,0x56a0,0x56a0,0x56a0,0x56a0,0x56a0,0x56a0,
		0x56a0,0x56a0,0x56a0,0x56a0,0x56a0,0x56a0,0x56a0,0x56a0,0x56a0,0x56a0,0x56a0,0x56a0,0x56a0,0x56a0,0x56a0,0x56a0,
		0x56a0,0x56a0,0x56a0,0x56a0,0x56a0,0x56a0,0x5e40,0x8c60,0xb2c0,0xd1a0,0xe8a0,0xf800,0xf800,0xf800,0xf800,0xf060,
		0xd1a0,0x8c60,0x56a0,0x56a0,0x56a0,0x56a0,0x56a0,0x56a0,0x56a0,0x56a0,0x56a0,0x56a0,0x56a0,0x56a0,0x56a0,0x56a0,
		0x56a0,0x56a0,0x56a0,0x56a0,0x6da0,0xb2e0,0xe120,0xf820,0xf800,0xf800,0xf800,0xf820,0xe100,0xbaa0,0x7540,0x56a0,
		0x56a0,0x56a0,0x56a0,0x56a0,0x56a0,0x56a0,0x56a0,0x56a0,0x56a0,0x56a0,0x56a0,0x56a0,0x56a0,0x56a0,0x56a0,0x56a0,
		0x56a0,0x56a0,0x56a0,0x56a0,0x56a0,0x56a0,0x56a0,0x56a0,0x56a0,0x56a0,0x56a0,0x56a0,0x56a0,0x56a0,0x56a0,0x56a0,
		0x56a0,0x56a0,0x56a0,0x56a0,0x56a0,0x56a0,0x56a0,0x56a0,0x56a0,0x56a0,0x56a0,0x6dc0,0x84a0,0x9400,0x7580,0x56a0,
		0x56a0,0x56a0,0x56a0,0x56a0,0x56a0,0x56a0,0x56a0,0x56a0,0x56a0,0x56a0,0x56a0,0x56a0,0x56a0,0x56a0,0x56a0,0x56a0,
		0x56a0,0x56a0,0x56a0,0x56a0,0x56a0,0x56a0,0x56a0,0x56a0,0x56a0,0x56a0,0x56a0,0x56a0,0x56a0,0x56a0,0x56a0,0x56a0,
		0x56a0,0x56a0,0x56a0,0x56a0,0x56a0,0x56a0,0x56a0,0x56a0,0x56a0,0x56a0,0x56a0,0x56a0,0x56a0,0x56a0,0x56a0,0x56a0,
		0x56a0,0x56a0,0x56a0,0x56a0,0x56a0,0x56a0,0x56a0,0x56a0,0x56a0,0x56a0,0x56a0,0x56a0,0x56a0,0x56a0,0x56a0,0x56a0,
		0x56a0,0x56a0,0x56a0,0x56a0,0x56a0,0x56a0,0x56a0,0x56a0,0x56a0,0x56a0,0x56a0,0x56a0,0x56a0,0x56a0,0x56a0,0x56a0,
		0x56a0,0x56a0,0x56a0,0x56a0,0x56a0,0x56a0,0x56a0,0x56a0,0x56a0,0x56a0,0x56a0,0x56a0,0x56a0,0x56a0,0x56a0,0x56a0,
		0x56a0,0x56a0,0x56a0,0x56a0,0x56a0,0x56a0,0x56a0,0x56a0,0x56a0,0x56a0,0x56a0,0x56a0,0x56a0,0x56a0,0x56a0,0x56a0,
		0x56a0,0x56a0,0x56a0,0x56a0,0x56a0,0x56a0,0x56a0,0x56a0,0x56a0,0x56a0,0x56a0,0x56a0,0x56a0,0x56a0,0x56a0,0x56a0,
		0x56a0,0x56a0,0x56a0,0x56a0,0x56a0,0x56a0,0x56a0,0x56a0,0x56a0,0x56a0,0x56a0,0x56a0,0x56a0,0x56a0,0x56a0,0x56a0,
		0x56a0,0x56a0,0x56a0,0x56a0,0x56a0,0x56a0,0x56a0,0x56a0,0x56a0,0x56a0,0x56a0,0x56a0,0x56a0,0x56a0,0x56a0,0x56a0,
		0x56a0,0x56a0,0x56a0,0x56a0,0x56a0,0x56a0,0x56a0,0x56a0,0x56a0,0x56a0,0x56a0,0x56a0,0x56a0,0x56a0,0x56a0,0x56a0,
		0x56a0,0x56a0,0x56a0,0x56a0,0x56a0,0x56a0,0x56a0,0x56a0,0x56a0,0x56a0,0x56a0,0x56a0,0x56a0,0x56a0,0x56a0,0x56a0,
		0x56a0,0x56a0,0x56a0,0x56a0,0x56a0,0x56a0,0x56a0,0x56a0,0x56a0,0x56a0,0x56a0,0x56a0,0x56a0,0x56a0,0x56a0,0x56a0,
		0x56a0,0x56a0,0x56a0,0x56a0,0x56a0,0x56a0,0x56a0,0x56a0,0x56a0,0x56a0,0x56a0,0x56a0,0x56a0,0x56a0,0x56a0,0x56a0,
		0x56a0,0x56a0,0x56a0,0x56a0,0x56a0,0x9420,0xf080,0xf800,0xf800,0xf800,0xf800,0xf800,0xf800,0xf800,0xf800,0xf800,
		0xf800,0xf800,0x9be0,0x56a0,0x56a0,0x56a0,0x56a0,0x56a0,0x56a0,0x56a0,0x56a0,0x56a0,0x56a0,0x56a0,0x56a0,0x56a0,
		0x56a0,0x56a0,0x56a0,0x8c80,0xf820,0xf800,0xf800,0xf800,0xf800,0xf800,0xf800,0xf800,0xf800,0xf800,0xf800,0xab20,
		0x56a0,0x56a0,0x56a0,0x56a0,0x56a0,0x56a0,0x56a0,0x56a0,0x56a0,0x56a0,0x56a0,0x56a0,0x56a0,0x56a0,0x56a0,0x56a0,
		0x56a0,0x56a0,0x56a0,0x56a0,0x56a0,0x56a0,0x56a0,0x56a0,0x56a0,0x56a0,0x56a0,0x56a0,0x56a0,0x56a0,0x56a0,0x56a0,
		0x56a0,0x56a0,0x56a0,0x56a0,0x56a0,0x56a0,0x56a0,0x56a0,0x7d40,0xb2c0,0xe8e0,0xf800,0xf800,0xf800,0xe8a0,0x56a0,
		0x56a0,0x56a0,0x56a0,0x56a0,0x56a0,0x56a0,0x56a0,0x56a0,0x56a0,0x56a0,0x56a0,0x56a0,0x56a0,0x56a0,0x56a0,0x56a0,
		0x56a0,0x56a0,0x56a0,0x56a0,0x56a0,0x56a0,0x56a0,0x56a0,0x56a0,0x56a0,0x56a0,0x56a0,0x56a0,0x56a0,0x56a0,0x56a0,
		0x56a0,0x56a0,0x56a0,0x56a0,0x56a0,0x56a0,0x56a0,0x56a0,0x56a0,0x56a0,0x56a0,0x56a0,0x56a0,0x56a0,0x56a0,0x56a0,
		0x56a0,0x56a0,0x56a0,0x56a0,0x56a0,0x56a0,0x56a0,0x56a0,0x56a0,0x56a0,0x56a0,0x56a0,0x56a0,0x56a0,0x56a0,0x56a0,
		0x56a0,0x56a0,0x56a0,0x56a0,0x56a0,0x56a0,0x56a0,0x56a0,0x56a0,0x56a0,0x56a0,0x56a0,0x56a0,0x56a0,0x56a0,0x56a0,
		0x56a0,0x56a0,0x56a0,0x56a0,0x56a0,0x56a0,0x56a0,0x56a0,0x56a0,0x56a0,0x56a0,0x56a0,0x56a0,0x56a0,0x56a0,0x56a0,
		0x56a0,0x56a0,0x56a0,0x56a0,0x56a0,0x56a0,0x56a0,0x56a0,0x56a0,0x56a0,0x56a0,0x56a0,0x56a0,0x56a0,0x56a0,0x56a0,
		0x56a0,0x56a0,0x56a0,0x56a0,0x56a0,0x56a0,0x56a0,0x56a0,0x56a0,0x56a0,0x56a0,0x56a0,0x56a0,0x56a0,0x56a0,0x56a0,
		0x56a0,0x56a0,0x56a0,0x56a0,0x56a0,0x56a0,0x56a0,0x56a0,0x56a0,0x56a0,0x56a0,0x56a0,0x56a0,0x56a0,0x56a0,0x56a0,
		0x56a0,0x56a0,0x56a0,0x56a0,0x56a0,0x56a0,0x56a0,0x56a0,0x56a0,0x56a0,0x56a0,0x56a0,0x56a0,0x56a0,0x56a0,0x56a0,
		0x56a0,0x56a0,0x56a0,0x56a0,0x56a0,0x56a0,0x56a0,0x56a0,0x56a0,0x56a0,0x56a0,0x56a0,0x56a0,0x56a0,0x56a0,0x56a0,
		0x56a0,0x56a0,0x56a0,0x56a0,0x56a0,0x56a0,0x56a0,0x56a0,0x56a0,0x56a0,0x56a0,0x56a0,0x56a0,0x56a0,0x56a0,0x56a0,
		0x56a0,0x56a0,0x56a0,0x56a0,0x56a0,0x56a0,0x56a0,0x56a0,0x56a0,0x56a0,0x56a0,0x56a0,0x56a0,0x56a0,0x56a0,0x56a0,
		0x56a0,0x56a0,0x56a0,0x56a0,0x56a0,0x56a0,0x56a0,0x56a0,0x56a0,0x56a0,0x56a0,0x56a0,0x56a0,0x56a0,0x56a0,0x56a0,
		0x56a0,0x56a0,0x56a0,0x56a0,0x84c0,0xf800,0xf800,0xf800,0xf800,0xf800,0xf800,0xf800,0xf800,0xf800,0xf800,0xf800,
		0xf800,0xf800,0xe8a0,0x5e60,0x56a0,0x56a0,0x56a0,0x56a0,0x56a0,0x56a0,0x56a0,0x56a0,0x56a0,0x56a0,0x56a0,0x56a0,
		0x56a0,0x56a0,0x6dc0,0xf840,0xf800,0xf800,0xf800,0xf800,0xf800,0xf800,0xf800,0xf800,0xf800,0xf800,0xf800,0xf800,
		0x84a0,0x56a0,0x56a0,0x56a0,0x56a0,0x56a0,0x56a0,0x56a0,0x56a0,0x56a0,0x56a0,0x56a0,0x56a0,0x56a0,0x56a0,0x56a0,
		0x56a0,0x56a0,0x56a0,0x56a0,0x56a0,0x56a0,0x56a0,0x56a0,0x56a0,0x56a0,0x56a0,0x56a0,0x56a0,0x56a0,0x56a0,0x56a0,
		0x56a0,0x56a0,0x56a0,0x56a0,0x56a0,0x5e60,0x9bc0,0xe120,0xf800,0xf800,0xf800,0xf800,0xf800,0xf800,0xf800,0x5e60,
		0x56a0,0x56a0,0x56a0,0x56a0,0x56a0,0x56a0,0x56a0,0x56a0,0x56a0,0x56a0,0x56a0,0x56a0,0x56a0,0x56a0,0x56a0,0x56a0,
		0x56a0,0x56a0,0x56a0,0x56a0,0x56a0,0x56a0,0x56a0,0x56a0,0x56a0,0x56a0,0x56a0,0x56a0,0x56a0,0x56a0,0x56a0,0x56a0,
		0x56a0,0x56a0,0x56a0,0x56a0,0x56a0,0x56a0,0x56a0,0x56a0,0x56a0,0x56a0,0x56a0,0x56a0,0x56a0,0x56a0,0x56a0,0x56a0,
		0x56a0,0x56a0,0x56a0,0x56a0,0x56a0,0x56a0,0x56a0,0x56a0,0x56a0,0x56a0,0x56a0,0x56a0,0x56a0,0x56a0,0x56a0,0x56a0,
		0x56a0,0x56a0,0x56a0,0x56a0,0x56a0,0x56a0,0x56a0,0x56a0,0x56a0,0x56a0,0x56a0,0x56a0,0x56a0,0x56a0,0x56a0,0x56a0,
		0x56a0,0x56a0,0x56a0,0x56a0,0x56a0,0x56a0,0x56a0,0x56a0,0x56a0,0x56a0,0x56a0,0x56a0,0x56a0,0x56a0,0x56a0,0x56a0,
		0x56a0,0x56a0,0x56a0,0x56a0,0x56a0,0x56a0,0x56a0,0x56a0,0x56a0,0x56a0,0x56a0,0x56a0,0x56a0,0x56a0,0x56a0,0x56a0,
		0x56a0,0x56a0,0x56a0,0x56a0,0x56a0,0x56a0,0x56a0,0x56a0,0x56a0,0x56a0,0x56a0,0x56a0,0x56a0,0x56a0,0x56a0,0x56a0,
		0x56a0,0x56a0,0x56a0,0x56a0,0x56a0,0x56a0,0x56a0,0x56a0,0x56a0,0x56a0,0x56a0,0x56a0,0x56a0,0x56a0,0x56a0,0x56a0,
		0x56a0,0x56a0,0x56a0,0x56a0,0x56a0,0x56a0,0x56a0,0x56a0,0x56a0,0x56a0,0x56a0,0x56a0,0x56a0,0x56a0,0x56a0,0x56a0,
		0x56a0,0x56a0,0x56a0,0x56a0,0x56a0,0x56a0,0x56a0,0x56a0,0x56a0,0x56a0,0x56a0,0x56a0,0x56a0,0x56a0,0x56a0,0x56a0,
		0x56a0,0x56a0,0x56a0,0x56a0,0x56a0,0x56a0,0x56a0,0x56a0,0x56a0,0x56a0,0x56a0,0x56a0,0x56a0,0x56a0,0x56a0,0x56a0,
		0x56a0,0x56a0,0x56a0,0x56a0,0x56a0,0x56a0,0x56a0,0x56a0,0x56a0,0x56a0,0x56a0,0x56a0,0x56a0,0x56a0,0x56a0,0x56a0,
		0x56a0,0x56a0,0x56a0,0x56a0,0x56a0,0x56a0,0x56a0,0x56a0,0x56a0,0x56a0,0x56a0,0x56a0,0x56a0,0x56a0,0x56a0,0x56a0,
		0x56a0,0x56a0,0x56a0,0x56a0,0xc9e0,0xf800,0xf800,0xf800,0xf800,0xf800,0xf800,0xf800,0xf800,0xf800,0xf800,0xf800,
		0xf800,0xf800,0xf800,0x9c00,0x56a0,0x56a0,0x56a0,0x56a0,0x56a0,0x56a0,0x56a0,0x56a0,0x56a0,0x56a0,0x56a0,0x56a0,
		0x56a0,0x56a0,0xc260,0xf800,0xf800,0xf800,0xf800,0xf800,0xf800,0xf800,0xf800,0xf800,0xf800,0xf800,0xf800,0xf800,
		0xba80,0x56a0,0x56a0,0x56a0,0x56a0,0x56a0,0x56a0,0x56a0,0x56a0,0x56a0,0x56a0,0x56a0,0x56a0,0x56a0,0x56a0,0x56a0,
		0x56a0,0x56a0,0x56a0,0x56a0,0x56a0,0x56a0,0x56a0,0x56a0,0x56a0,0x56a0,0x56a0,0x56a0,0x56a0,0x56a0,0x56a0,0x56a0,
		0x56a0,0x56a0,0x56a0,0x6620,0xab40,0xf080,0xf800,0xf800,0xf800,0xf800,0xf800,0xf800,0xf800,0xf800,0xf800,0x5680,
		0x56a0,0x56a0,0x56a0,0x56a0,0x56a0,0x56a0,0x56a0,0x56a0,0x56a0,0x56a0,0x56a0,0x56a0,0x56a0,0x56a0,0x56a0,0x56a0,
		0x56a0,0x56a0,0x56a0,0x56a0,0x56a0,0x56a0,0x56a0,0x56a0,0x56a0,0x56a0,0x56a0,0x56a0,0x56a0,0x56a0,0x56a0,0x56a0,
		0x56a0,0x56a0,0x56a0,0x56a0,0x56a0,0x56a0,0x56a0,0x56a0,0x56a0,0x56a0,0x56a0,0x56a0,0x56a0,0x56a0,0x56a0,0x56a0,
		0x56a0,0x56a0,0x56a0,0x56a0,0x56a0,0x56a0,0x56a0,0x56a0,0x56a0,0x56a0,0x56a0,0x56a0,0x56a0,0x56a0,0x56a0,0x56a0,
		0x56a0,0x56a0,0x56a0,0x56a0,0x56a0,0x56a0,0x56a0,0x56a0,0x56a0,0x56a0,0x56a0,0x56a0,0x56a0,0x56a0,0x56a0,0x56a0,
		0x56a0,0x56a0,0x56a0,0x56a0,0x56a0,0x56a0,0x56a0,0x56a0,0x56a0,0x56a0,0x56a0,0x56a0,0x56a0,0x56a0,0x56a0,0x56a0,
		0x56a0,0x56a0,0x56a0,0x56a0,0x56a0,0x56a0,0x56a0,0x56a0,0x56a0,0x56a0,0x56a0,0x56a0,0x56a0,0x56a0,0x56a0,0x56a0,
		0x56a0,0x56a0,0x56a0,0x56a0,0x56a0,0x56a0,0x56a0,0x56a0,0x56a0,0x56a0,0x56a0,0x56a0,0x56a0,0x56a0,0x56a0,0x56a0,
		0x56a0,0x56a0,0x56a0,0x56a0,0x56a0,0x56a0,0x56a0,0x56a0,0x56a0,0x56a0,0x56a0,0x56a0,0x56a0,0x56a0,0x56a0,0x56a0,
		0x56a0,0x56a0,0x56a0,0x56a0,0x56a0,0x56a0,0x56a0,0x56a0,0x56a0,0x56a0,0x56a0,0x56a0,0x56a0,0x56a0,0x56a0,0x56a0,
		0x56a0,0x56a0,0x56a0,0x56a0,0x56a0,0x56a0,0x56a0,0x56a0,0x56a0,0x56a0,0x56a0,0x56a0,0x56a0,0x56a0,0x56a0,0x56a0,
		0x56a0,0x56a0,0x56a0,0x56a0,0x56a0,0x56a0,0x56a0,0x56a0,0x56a0,0x56a0,0x56a0,0x56a0,0x56a0,0x56a0,0x56a0,0x56a0,
		0x56a0,0x56a0,0x56a0,0x56a0,0x56a0,0x56a0,0x56a0,0x56a0,0x56a0,0x56a0,0x56a0,0x56a0,0x56a0,0x56a0,0x56a0,0x56a0,
		0x56a0,0x56a0,0x56a0,0x56a0,0x56a0,0x56a0,0x56a0,0x56a0,0x56a0,0x56a0,0x56a0,0x56a0,0x56a0,0x56a0,0x56a0,0x56a0,
		0x56a0,0x56a0,0x56a0,0x56a0,0xe100,0xf800,0xf800,0xf800,0xf800,0xf800,0xf800,0xf800,0xf800,0xf800,0xf800,0xf800,
		0xf800,0xf800,0xf800,0xe120,0x56a0,0x56a0,0x56a0,0x56a0,0x56a0,0x56a0,0x56a0,0x56a0,0x56a0,0x56a0,0x56a0,0x56a0,
		0x56a0,0x65e0,0xf820,0xf800,0xf800,0xf800,0xf800,0xf800,0xf800,0xf800,0xf800,0xf800,0xf800,0xf800,0xf800,0xf800,
		0xca00,0x56a0,0x56a0,0x56a0,0x56a0,0x56a0,0x56a0,0x56a0,0x56a0,0x56a0,0x56a0,0x56a0,0x56a0,0x56a0,0x56a0,0x56a0,
		0x56a0,0x56a0,0x56a0,0x56a0,0x56a0,0x56a0,0x56a0,0x56a0,0x56a0,0x56a0,0x56a0,0x56a0,0x56a0,0x56a0,0x56a0,0x56a0,
		0x56a0,0x5e80,0xa3a0,0xf060,0xf800,0xf800,0xf800,0xf800,0xf800,0xf800,0xf800,0xf800,0xf800,0xf800,0xf820,0x56a0,
		0x56a0,0x56a0,0x56a0,0x56a0,0x56a0,0x56a0,0x56a0,0x56a0,0x56a0,0x56a0,0x56a0,0x56a0,0x56a0,0x56a0,0x56a0,0x56a0,
		0x56a0,0x56a0,0x56a0,0x56a0,0x56a0,0x56a0,0x56a0,0x56a0,0x56a0,0x56a0,0x56a0,0x56a0,0x56a0,0x56a0,0x56a0,0x56a0,
		0x56a0,0x56a0,0x56a0,0x56a0,0x56a0,0x56a0,0x56a0,0x56a0,0x56a0,0x56a0,0x56a0,0x56a0,0x56a0,0x56a0,0x56a0,0x56a0,
		0x56a0,0x56a0,0x56a0,0x56a0,0x56a0,0x56a0,0x56a0,0x56a0,0x56a0,0x56a0,0x56a0,0x56a0,0x56a0,0x56a0,0x56a0,0x56a0,
		0x56a0,0x56a0,0x56a0,0x56a0,0x56a0,0x56a0,0x56a0,0x56a0,0x56a0,0x56a0,0x56a0,0x56a0,0x56a0,0x56a0,0x56a0,0x56a0,
		0x56a0,0x56a0,0x56a0,0x56a0,0x56a0,0x56a0,0x56a0,0x56a0,0x56a0,0x56a0,0x56a0,0x56a0,0x56a0,0x56a0,0x56a0,0x56a0,
		0x56a0,0x56a0,0x56a0,0x56a0,0x56a0,0x56a0,0x56a0,0x56a0,0x56a0,0x56a0,0x56a0,0x56a0,0x56a0,0x56a0,0x56a0,0x56a0,
		0x56a0,0x56a0,0x56a0,0x56a0,0x56a0,0x56a0,0x56a0,0x56a0,0x56a0,0x56a0,0x56a0,0x56a0,0x56a0,0x56a0,0x56a0,0x56a0,
		0x56a0,0x56a0,0x56a0,0x56a0,0x56a0,0x56a0,0x56a0,0x56a0,0x56a0,0x56a0,0x56a0,0x56a0,0x56a0,0x56a0,0x56a0,0x56a0,
		0x56a0,0x56a0,0x56a0,0x56a0,0x56a0,0x56a0,0x56a0,0x56a0,0x56a0,0x56a0,0x56a0,0x56a0,0x56a0,0x56a0,0x56a0,0x56a0,
		0x56a0,0x56a0,0x56a0,0x56a0,0x56a0,0x56a0,0x56a0,0x56a0,0x56a0,0x56a0,0x56a0,0x56a0,0x56a0,0x56a0,0x56a0,0x56a0,
		0x56a0,0x56a0,0x56a0,0x56a0,0x56a0,0x56a0,0x56a0,0x56a0,0x56a0,0x56a0,0x56a0,0x56a0,0x56a0,0x56a0,0x56a0,0x56a0,
		0x56a0,0x56a0,0x56a0,0x56a0,0x56a0,0x56a0,0x56a0,0x56a0,0x56a0,0x56a0,0x56a0,0x56a0,0x56a0,0x56a0,0x56a0,0x56a0,
		0x56a0,0x56a0,0x56a0,0x56a0,0x56a0,0x56a0,0x56a0,0x56a0,0x56a0,0x56a0,0x56a0,0x56a0,0x56a0,0x56a0,0x56a0,0x56a0,
		0x56a0,0x56a0,0x56a0,0x56a0,0xca00,0xf800,0xf800,0xf800,0xf800,0xf800,0xf800,0xf800,0xf800,0xf800,0xf800,0xf800,
		0xf800,0xf800,0xf800,0xf800,0x7d00,0x56a0,0x56a0,0x56a0,0x56a0,0x56a0,0x56a0,0x56a0,0x56a0,0x56a0,0x56a0,0x56a0,
		0x56a0,0xab20,0xf800,0xf800,0xf800,0xf800,0xf800,0xf800,0xf800,0xf800,0xf800,0xf800,0xf800,0xf800,0xf800,0xf800,
		0xb300,0x56a0,0x56a0,0x56a0,0x56a0,0x56a0,0x56a0,0x56a0,0x56a0,0x56a0,0x56a0,0x56a0,0x56a0,0x56a0,0x56a0,0x56a0,
		0x56a0,0x56a0,0x56a0,0x56a0,0x56a0,0x56a0,0x56a0,0x56a0,0x56a0,0x56a0,0x56a0,0x56a0,0x56a0,0x56a0,0x56a0,0x56a0,
		0x6620,0xd1a0,0xf800,0xf800,0xf800,0xf800,0xf800,0xf800,0xf800,0xf800,0xf800,0xf800,0xf800,0xf800,0xf840,0x56a0,
		0x56a0,0x56a0,0x56a0,0x56a0,0x56a0,0x56a0,0x56a0,0x56a0,0x56a0,0x56a0,0x56a0,0x56a0,0x56a0,0x56a0,0x56a0,0x56a0,
		0x56a0,0x56a0,0x56a0,0x56a0,0x56a0,0x56a0,0x56a0,0x56a0,0x56a0,0x56a0,0x56a0,0x56a0,0x56a0,0x56a0,0x56a0,0x56a0,
		0x56a0,0x56a0,0x56a0,0x56a0,0x56a0,0x56a0,0x56a0,0x56a0,0x56a0,0x56a0,0x56a0,0x56a0,0x56a0,0x56a0,0x56a0,0x56a0,
		0x56a0,0x56a0,0x56a0,0x56a0,0x56a0,0x56a0,0x56a0,0x56a0,0x56a0,0x56a0,0x56a0,0x56a0,0x56a0,0x56a0,0x56a0,0x56a0,
		0x56a0,0x56a0,0x56a0,0x56a0,0x56a0,0x56a0,0x56a0,0x56a0,0x56a0,0x56a0,0x56a0,0x56a0,0x56a0,0x56a0,0x56a0,0x56a0,
		0x56a0,0x56a0,0x56a0,0x56a0,0x56a0,0x56a0,0x56a0,0x56a0,0x56a0,0x56a0,0x56a0,0x56a0,0x56a0,0x56a0,0x56a0,0x56a0,
		0x56a0,0x56a0,0x56a0,0x56a0,0x56a0,0x56a0,0x56a0,0x56a0,0x56a0,0x56a0,0x56a0,0x56a0,0x56a0,0x56a0,0x56a0,0x56a0,
		0x56a0,0x56a0,0x56a0,0x56a0,0x56a0,0x56a0,0x56a0,0x56a0,0x56a0,0x56a0,0x56a0,0x56a0,0x56a0,0x56a0,0x56a0,0x56a0,
		0x56a0,0x56a0,0x56a0,0x56a0,0x56a0,0x56a0,0x56a0,0x56a0,0x56a0,0x56a0,0x56a0,0x56a0,0x56a0,0x56a0,0x56a0,0x56a0,
		0x56a0,0x56a0,0x56a0,0x56a0,0x56a0,0x56a0,0x56a0,0x56a0,0x56a0,0x56a0,0x56a0,0x56a0,0x56a0,0x56a0,0x56a0,0x56a0,
		0x56a0,0x56a0,0x56a0,0x56a0,0x56a0,0x56a0,0x56a0,0x56a0,0x56a0,0x56a0,0x56a0,0x56a0,0x56a0,0x56a0,0x56a0,0x56a0,
		0x56a0,0x56a0,0x56a0,0x56a0,0x56a0,0x56a0,0x56a0,0x56a0,0x56a0,0x56a0,0x56a0,0x56a0,0x56a0,0x56a0,0x56a0,0x56a0,
		0x56a0,0x56a0,0x56a0,0x56a0,0x56a0,0x56a0,0x56a0,0x56a0,0x56a0,0x56a0,0x56a0,0x56a0,0x56a0,0x56a0,0x56a0,0x56a0,
		0x56a0,0x56a0,0x56a0,0x56a0,0x56a0,0x56a0,0x56a0,0x56a0,0x56a0,0x56a0,0x56a0,0x56a0,0x56a0,0x56a0,0x56a0,0x56a0,
		0x56a0,0x56a0,0x56a0,0x56a0,0x7540,0xf840,0xf800,0xf800,0xf800,0xf800,0xf800,0xf800,0xf800,0xf800,0xf800,0xf800,
		0xf800,0xf800,0xf800,0xf800,0xc240,0x56a0,0x56a0,0x56a0,0x56a0,0x56a0,0x56a0,0x56a0,0x56a0,0x56a0,0x56a0,0x56a0,
		0x5680,0xe8a0,0xf800,0xf800,0xf800,0xf800,0xf800,0xf800,0xf800,0xf800,0xf800,0xf800,0xf800,0xf800,0xf800,0xe0e0,
		0x6620,0x56a0,0x56a0,0x56a0,0x56a0,0x56a0,0x56a0,0x56a0,0x56a0,0x56a0,0x56a0,0x56a0,0x56a0,0x56a0,0x56a0,0x56a0,
		0x56a0,0x56a0,0x56a0,0x56a0,0x56a0,0x56a0,0x56a0,0x56a0,0x56a0,0x56a0,0x56a0,0x56a0,0x56a0,0x56a0,0x56a0,0x56a0,
		0xca20,0xf800,0xf800,0xf800,0xf800,0xf800,0xf800,0xf800,0xf800,0xf800,0xf800,0xf800,0xf800,0xf800,0xf060,0x56a0,
		0x56a0,0x56a0,0x56a0,0x56a0,0x56a0,0x56a0,0x56a0,0x56a0,0x56a0,0x56a0,0x56a0,0x56a0,0x56a0,0x56a0,0x56a0,0x56a0,
		0x56a0,0x56a0,0x56a0,0x56a0,0x56a0,0x56a0,0x56a0,0x56a0,0x56a0,0x56a0,0x56a0,0x56a0,0x56a0,0x56a0,0x56a0,0x56a0,
		0x56a0,0x56a0,0x56a0,0x56a0,0x56a0,0x56a0,0x56a0,0x56a0,0x56a0,0x56a0,0x56a0,0x56a0,0x56a0,0x56a0,0x56a0,0x56a0,
		0x56a0,0x56a0,0x56a0,0x56a0,0x56a0,0x56a0,0x56a0,0x56a0,0x56a0,0x56a0,0x56a0,0x56a0,0x56a0,0x56a0,0x56a0,0x56a0,
		0x56a0,0x56a0,0x56a0,0x56a0,0x56a0,0x56a0,0x56a0,0x56a0,0x56a0,0x56a0,0x56a0,0x56a0,0x56a0,0x56a0,0x56a0,0x56a0,
		0x56a0,0x56a0,0x56a0,0x56a0,0x56a0,0x56a0,0x56a0,0x56a0,0x56a0,0x56a0,0x56a0,0x56a0,0x56a0,0x56a0,0x56a0,0x56a0,
		0x56a0,0x56a0,0x56a0,0x56a0,0x56a0,0x56a0,0x56a0,0x56a0,0x56a0,0x56a0,0x56a0,0x56a0,0x56a0,0x56a0,0x56a0,0x56a0,
		0x56a0,0x56a0,0x56a0,0x56a0,0x56a0,0x56a0,0x56a0,0x56a0,0x56a0,0x56a0,0x56a0,0x56a0,0x56a0,0x56a0,0x56a0,0x56a0,
		0x56a0,0x56a0,0x56a0,0x56a0,0x56a0,0x56a0,0x56a0,0x56a0,0x56a0,0x56a0,0x56a0,0x56a0,0x56a0,0x56a0,0x56a0,0x56a0,
		0x56a0,0x56a0,0x56a0,0x56a0,0x56a0,0x56a0,0x56a0,0x56a0,0x56a0,0x56a0,0x56a0,0x56a0,0x56a0,0x56a0,0x56a0,0x56a0,
		0x56a0,0x56a0,0x56a0,0x56a0,0x56a0,0x56a0,0x56a0,0x56a0,0x56a0,0x56a0,0x56a0,0x56a0,0x56a0,0x56a0,0x56a0,0x56a0,
		0x56a0,0x56a0,0x56a0,0x56a0,0x56a0,0x56a0,0x56a0,0x56a0,0x56a0,0x56a0,0x56a0,0x56a0,0x56a0,0x56a0,0x56a0,0x56a0,
		0x56a0,0x56a0,0x56a0,0x56a0,0x56a0,0x56a0,0x56a0,0x56a0,0x56a0,0x56a0,0x56a0,0x56a0,0x56a0,0x56a0,0x56a0,0x56a0,
		0x56a0,0x56a0,0x56a0,0x56a0,0x56a0,0x56a0,0x56a0,0x56a0,0x56a0,0x56a0,0x56a0,0x56a0,0x56a0,0x56a0,0x56a0,0x56a0,
		0x56a0,0x56a0,0x56a0,0x56a0,0x56a0,0x7560,0xe8c0,0xf800,0xf800,0xf800,0xf800,0xf800,0xf800,0xf800,0xf800,0xf800,
		0xe802,0xd005,0xc007,0xc806,0xd025,0x5da2,0x56a0,0x56a0,0x56a0,0x56a0,0x56a0,0x56a0,0x56a0,0x56a0,0x56a0,0x56a0,
		0x84a0,0xf800,0xf800,0xf800,0xf800,0xf800,0xf800,0xf800,0xf800,0xf800,0xf800,0xe003,0xd005,0xc806,0xd044,0x6502,
		0x5680,0x56a0,0x56a0,0x56a0,0x56a0,0x56a0,0x56a0,0x56a0,0x56a0,0x56a0,0x56a0,0x56a0,0x56a0,0x56a0,0x56a0,0x56a0,
		0x56a0,0x56a0,0x56a0,0x56a0,0x56a0,0x56a0,0x56a0,0x56a0,0x56a0,0x56a0,0x56a0,0x56a0,0x56a0,0x56a0,0x56a0,0x65e0,
		0xf800,0xf800,0xf800,0xf800,0xf800,0xf800,0xf800,0xf800,0xf800,0xf800,0xf800,0xf800,0xf800,0xf800,0xf080,0x56a0,
		0x56a0,0x56a0,0x56a0,0x56a0,0x56a0,0x56a0,0x56a0,0x56a0,0x56a0,0x56a0,0x56a0,0x56a0,0x56a0,0x56a0,0x56a0,0x56a0,
		0x56a0,0x56a0,0x56a0,0x56a0,0x56a0,0x56a0,0x56a0,0x56a0,0x56a0,0x56a0,0x56a0,0x56a0,0x56a0,0x56a0,0x56a0,0x56a0,
		0x56a0,0x56a0,0x56a0,0x56a0,0x56a0,0x56a0,0x56a0,0x56a0,0x56a0,0x56a0,0x56a0,0x56a0,0x56a0,0x56a0,0x56a0,0x56a0,
		0x56a0,0x56a0,0x56a0,0x56a0,0x56a0,0x56a0,0x56a0,0x56a0,0x56a0,0x56a0,0x56a0,0x56a0,0x56a0,0x56a0,0x56a0,0x56a0,
		0x56a0,0x56a0,0x56a0,0x56a0,0x56a0,0x56a0,0x56a0,0x56a0,0x56a0,0x56a0,0x56a0,0x56a0,0x56a0,0x56a0,0x56a0,0x56a0,
		0x56a0,0x56a0,0x56a0,0x56a0,0x56a0,0x56a0,0x56a0,0x56a0,0x56a0,0x56a0,0x56a0,0x56a0,0x56a0,0x56a0,0x56a0,0x56a0,
		0x56a0,0x56a0,0x56a0,0x56a0,0x56a0,0x56a0,0x56a0,0x56a0,0x56a0,0x56a0,0x56a0,0x56a0,0x56a0,0x56a0,0x56a0,0x56a0,
		0x56a0,0x56a0,0x56a0,0x56a0,0x56a0,0x56a0,0x56a0,0x56a0,0x56a0,0x56a0,0x56a0,0x56a0,0x56a0,0x56a0,0x56a0,0x56a0,
		0x56a0,0x56a0,0x56a0,0x56a0,0x56a0,0x56a0,0x56a0,0x56a0,0x56a0,0x56a0,0x56a0,0x56a0,0x56a0,0x56a0,0x56a0,0x56a0,
		0x56a0,0x56a0,0x56a0,0x56a0,0x56a0,0x56a0,0x56a0,0x56a0,0x56a0,0x56a0,0x56a0,0x56a0,0x56a0,0x56a0,0x56a0,0x56a0,
		0x56a0,0x56a0,0x56a0,0x56a0,0x56a0,0x56a0,0x56a0,0x56a0,0x56a0,0x56a0,0x56a0,0x56a0,0x56a0,0x56a0,0x56a0,0x56a0,
		0x56a0,0x56a0,0x56a0,0x56a0,0x56a0,0x56a0,0x56a0,0x56a0,0x56a0,0x56a0,0x56a0,0x56a0,0x56a0,0x56a0,0x56a0,0x56a0,
		0x56a0,0x56a0,0x56a0,0x56a0,0x56a0,0x56a0,0x56a0,0x56a0,0x56a0,0x56a0,0x56a0,0x56a0,0x56a0,0x56a0,0x56a0,0x56a0,
		0x56a0,0x56a0,0x56a0,0x56a0,0x56a0,0x56a0,0x56a0,0x56a0,0x56a0,0x56a0,0x56a0,0x56a0,0x56a0,0x56a0,0x56a0,0x56a0,
		0x56a0,0x56a0,0x56a0,0x56a0,0x56a0,0x56a0,0x6620,0xe8c0,0xf800,0xf800,0xf800,0xf800,0xa00b,0x6013,0x3019,0x001f,
		0x001f,0x001f,0x001f,0x001f,0x001f,0x001f,0x091a,0x344b,0x56a0,0x56a0,0x56a0,0x56a0,0x56a0,0x56a0,0x56a0,0x56a0,
		0xc220,0xf800,0xf800,0xf800,0xf800,0xf800,0xf800,0xf001,0x7810,0x201b,0x001f,0x001f,0x001f,0x001f,0x001f,0x001f,
		0x007d,0x1a35,0x3ca9,0x56a0,0x56a0,0x56a0,0x56a0,0x56a0,0x56a0,0x56a0,0x56a0,0x56a0,0x56a0,0x56a0,0x56a0,0x56a0,
		0x56a0,0x56a0,0x56a0,0x56a0,0x56a0,0x56a0,0x56a0,0x56a0,0x56a0,0x56a0,0x56a0,0x56a0,0x56a0,0x56a0,0x56a0,0x7560,
		0xf800,0xf800,0xf800,0xf800,0xf800,0xf800,0xf800,0xf800,0xf800,0xe003,0xa00b,0x7011,0x5015,0x4017,0x906b,0x56a0,
		0x56a0,0x56a0,0x56a0,0x56a0,0x56a0,0x56a0,0x56a0,0x56a0,0x56a0,0x56a0,0x56a0,0x56a0,0x56a0,0x56a0,0x56a0,0x56a0,
		0x56a0,0x56a0,0x56a0,0x56a0,0x56a0,0x56a0,0x56a0,0x56a0,0x56a0,0x56a0,0x56a0,0x56a0,0x56a0,0x56a0,0x56a0,0x56a0,
		0x56a0,0x56a0,0x56a0,0x56a0,0x56a0,0x56a0,0x56a0,0x56a0,0x56a0,0x56a0,0x56a0,0x56a0,0x56a0,0x56a0,0x56a0,0x56a0,
		0x56a0,0x56a0,0x56a0,0x56a0,0x56a0,0x56a0,0x56a0,0x56a0,0x56a0,0x56a0,0x56a0,0x56a0,0x56a0,0x56a0,0x56a0,0x56a0,
		0x56a0,0x56a0,0x56a0,0x56a0,0x56a0,0x56a0,0x56a0,0x56a0,0x56a0,0x56a0,0x56a0,0x56a0,0x56a0,0x56a0,0x56a0,0x56a0,
		0x56a0,0x56a0,0x56a0,0x56a0,0x56a0,0x56a0,0x56a0,0x56a0,0x56a0,0x56a0,0x56a0,0x56a0,0x56a0,0x56a0,0x56a0,0x56a0,
		0x56a0,0x56a0,0x56a0,0x56a0,0x56a0,0x56a0,0x56a0,0x56a0,0x56a0,0x56a0,0x56a0,0x56a0,0x56a0,0x56a0,0x56a0,0x56a0,
		0x56a0,0x56a0,0x56a0,0x56a0,0x56a0,0x56a0,0x56a0,0x56a0,0x56a0,0x56a0,0x56a0,0x56a0,0x56a0,0x56a0,0x56a0,0x56a0,
		0x56a0,0x56a0,0x56a0,0x56a0,0x56a0,0x56a0,0x56a0,0x56a0,0x56a0,0x56a0,0x56a0,0x56a0,0x56a0,0x56a0,0x56a0,0x56a0,
		0x56a0,0x56a0,0x56a0,0x56a0,0x56a0,0x56a0,0x56a0,0x56a0,0x56a0,0x56a0,0x56a0,0x56a0,0x56a0,0x56a0,0x56a0,0x56a0,
		0x56a0,0x56a0,0x56a0,0x56a0,0x56a0,0x56a0,0x56a0,0x56a0,0x56a0,0x56a0,0x56a0,0x56a0,0x56a0,0x56a0,0x56a0,0x56a0,
		0x56a0,0x56a0,0x56a0,0x56a0,0x56a0,0x56a0,0x56a0,0x56a0,0x56a0,0x56a0,0x56a0,0x56a0,0x56a0,0x56a0,0x56a0,0x56a0,
		0x56a0,0x56a0,0x56a0,0x56a0,0x56a0,0x56a0,0x56a0,0x56a0,0x56a0,0x56a0,0x56a0,0x56a0,0x56a0,0x56a0,0x56a0,0x56a0,
		0x56a0,0x56a0,0x56a0,0x56a0,0x56a0,0x56a0,0x56a0,0x56a0,0x56a0,0x56a0,0x56a0,0x56a0,0x56a0,0x56a0,0x56a0,0x56a0,
		0x56a0,0x56a0,0x56a0,0x56a0,0x56a0,0x56a0,0x56a0,0x9bc0,0xf800,0xf800,0xf800,0x4017,0x001f,0x001f,0x001f,0x001f,
		0x001f,0x001f,0x001f,0x001f,0x001f,0x001f,0x001f,0x001f,0x4507,0x56a0,0x56a0,0x56a0,0x56a0,0x56a0,0x56a0,0x6620,
		0xf820,0xf800,0xf800,0xf800,0xf800,0xf800,0xf001,0x4017,0x001f,0x001f,0x001f,0x001f,0x001f,0x001f,0x001f,0x001f,
		0x001f,0x001f,0x001f,0x33ed,0x56a0,0x56a0,0x56a0,0x56a0,0x56a0,0x56a0,0x56a0,0x56a0,0x56a0,0x56a0,0x56a0,0x56a0,
		0x56a0,0x56a0,0x56a0,0x56a0,0x56a0,0x56a0,0x56a0,0x56a0,0x56a0,0x56a0,0x56a0,0x56a0,0x56a0,0x56a0,0x56a0,0x5e80,
		0xe120,0xf800,0xf800,0xf800,0xf800,0xf800,0xc007,0x7011,0x281a,0x001f,0x001f,0x001f,0x001f,0x001f,0x3038,0x56a0,
		0x56a0,0x56a0,0x56a0,0x56a0,0x56a0,0x56a0,0x56a0,0x56a0,0x56a0,0x56a0,0x56a0,0x56a0,0x56a0,0x56a0,0x56a0,0x56a0,
		0x56a0,0x56a0,0x56a0,0x56a0,0x56a0,0x56a0,0x56a0,0x56a0,0x56a0,0x56a0,0x56a0,0x56a0,0x56a0,0x56a0,0x56a0,0x56a0,
		0x56a0,0x56a0,0x56a0,0x56a0,0x56a0,0x56a0,0x56a0,0x56a0,0x56a0,0x56a0,0x56a0,0x56a0,0x56a0,0x56a0,0x56a0,0x56a0,
		0x56a0,0x56a0,0x56a0,0x56a0,0x56a0,0x56a0,0x56a0,0x56a0,0x56a0,0x56a0,0x56a0,0x56a0,0x56a0,0x56a0,0x56a0,0x56a0,
		0x56a0,0x56a0,0x56a0,0x56a0,0x56a0,0x56a0,0x56a0,0x56a0,0x56a0,0x56a0,0x56a0,0x56a0,0x56a0,0x56a0,0x56a0,0x56a0,
		0x56a0,0x56a0,0x56a0,0x56a0,0x56a0,0x56a0,0x56a0,0x56a0,0x56a0,0x56a0,0x56a0,0x56a0,0x56a0,0x56a0,0x56a0,0x56a0,
		0x56a0,0x56a0,0x56a0,0x56a0,0x56a0,0x56a0,0x56a0,0x56a0,0x56a0,0x56a0,0x56a0,0x56a0,0x56a0,0x56a0,0x56a0,0x56a0,
		0x56a0,0x56a0,0x56a0,0x56a0,0x56a0,0x56a0,0x56a0,0x56a0,0x56a0,0x56a0,0x56a0,0x56a0,0x56a0,0x56a0,0x56a0,0x56a0,
		0x56a0,0x56a0,0x56a0,0x56a0,0x56a0,0x56a0,0x56a0,0x56a0,0x56a0,0x56a0,0x56a0,0x56a0,0x56a0,0x56a0,0x56a0,0x56a0,
		0x56a0,0x56a0,0x56a0,0x56a0,0x56a0,0x56a0,0x56a0,0x56a0,0x56a0,0x56a0,0x56a0,0x56a0,0x56a0,0x56a0,0x56a0,0x56a0,
		0x56a0,0x56a0,0x56a0,0x56a0,0x56a0,0x56a0,0x56a0,0x56a0,0x56a0,0x56a0,0x56a0,0x56a0,0x56a0,0x56a0,0x56a0,0x56a0,
		0x56a0,0x56a0,0x56a0,0x56a0,0x56a0,0x56a0,0x56a0,0x56a0,0x56a0,0x56a0,0x56a0,0x56a0,0x56a0,0x56a0,0x56a0,0x56a0,
		0x56a0,0x56a0,0x56a0,0x56a0,0x56a0,0x56a0,0x56a0,0x56a0,0x56a0,0x56a0,0x56a0,0x56a0,0x56a0,0x56a0,0x56a0,0x56a0,
		0x56a0,0x56a0,0x56a0,0x56a0,0x56a0,0x56a0,0x56a0,0x56a0,0x56a0,0x56a0,0x56a0,0x56a0,0x56a0,0x56a0,0x56a0,0x56a0,
		0x56a0,0x56a0,0x56a0,0x56a0,0x56a0,0x56a0,0x56a0,0x7560,0xf800,0xf800,0xa80a,0x001f,0x001f,0x001f,0x001f,0x001f,
		0x001f,0x001f,0x001f,0x001f,0x001f,0x001f,0x001f,0x001f,0x093a,0x5680,0x56a0,0x56a0,0x56a0,0x56a0,0x56a0,0x9bc0,
		0xf800,0xf800,0xf800,0xf800,0xf800,0xf800,0x7011,0x001f,0x001f,0x001f,0x001f,0x001f,0x001f,0x001f,0x001f,0x001f,
		0x001f,0x001f,0x001f,0x093a,0x56a0,0x56a0,0x56a0,0x56a0,0x56a0,0x56a0,0x56a0,0x56a0,0x56a0,0x56a0,0x56a0,0x56a0,
		0x56a0,0x56a0,0x56a0,0x56a0,0x56a0,0x56a0,0x56a0,0x56a0,0x56a0,0x56a0,0x56a0,0x56a0,0x56a0,0x56a0,0x56a0,0x56a0,
		0x5e40,0x9bc0,0xe120,0xd804,0x7810,0x181c,0x001f,0x001f,0x001f,0x001f,0x001f,0x001f,0x001f,0x001f,0x3058,0x56a0,
		0x56a0,0x56a0,0x56a0,0x56a0,0x56a0,0x56a0,0x56a0,0x56a0,0x56a0,0x56a0,0x56a0,0x56a0,0x56a0,0x56a0,0x56a0,0x56a0,
		0x56a0,0x56a0,0x56a0,0x56a0,0x56a0,0x56a0,0x56a0,0x56a0,0x56a0,0x56a0,0x56a0,0x56a0,0x56a0,0x56a0,0x56a0,0x56a0,
		0x56a0,0x56a0,0x56a0,0x56a0,0x56a0,0x56a0,0x56a0,0x56a0,0x56a0,0x56a0,0x56a0,0x56a0,0x56a0,0x56a0,0x56a0,0x56a0,
		0x56a0,0x56a0,0x56a0,0x56a0,0x56a0,0x56a0,0x56a0,0x56a0,0x56a0,0x56a0,0x56a0,0x56a0,0x56a0,0x56a0,0x56a0,0x56a0,
		0x56a0,0x56a0,0x56a0,0x56a0,0x56a0,0x56a0,0x56a0,0x56a0,0x56a0,0x56a0,0x56a0,0x56a0,0x56a0,0x56a0,0x56a0,0x56a0,
		0x56a0,0x56a0,0x56a0,0x56a0,0x56a0,0x56a0,0x56a0,0x56a0,0x56a0,0x56a0,0x56a0,0x56a0,0x56a0,0x56a0,0x56a0,0x56a0,
		0x56a0,0x56a0,0x56a0,0x56a0,0x56a0,0x56a0,0x56a0,0x56a0,0x56a0,0x56a0,0x56a0,0x56a0,0x56a0,0x56a0,0x56a0,0x56a0,
		0x56a0,0x56a0,0x56a0,0x56a0,0x56a0,0x56a0,0x56a0,0x56a0,0x56a0,0x56a0,0x56a0,0x56a0,0x56a0,0x56a0,0x56a0,0x56a0,
		0x56a0,0x56a0,0x56a0,0x56a0,0x56a0,0x56a0,0x56a0,0x56a0,0x56a0,0x56a0,0x56a0,0x56a0,0x56a0,0x56a0,0x56a0,0x56a0,
		0x56a0,0x56a0,0x56a0,0x56a0,0x56a0,0x56a0,0x56a0,0x56a0,0x56a0,0x56a0,0x56a0,0x56a0,0x56a0,0x56a0,0x56a0,0x56a0,
		0x56a0,0x56a0,0x56a0,0x56a0,0x56a0,0x56a0,0x56a0,0x56a0,0x56a0,0x56a0,0x56a0,0x56a0,0x56a0,0x56a0,0x56a0,0x56a0,
		0x56a0,0x56a0,0x56a0,0x56a0,0x56a0,0x56a0,0x56a0,0x56a0,0x56a0,0x56a0,0x56a0,0x56a0,0x56a0,0x56a0,0x56a0,0x56a0,
		0x56a0,0x56a0,0x56a0,0x56a0,0x56a0,0x56a0,0x56a0,0x56a0,0x56a0,0x56a0,0x56a0,0x56a0,0x56a0,0x56a0,0x56a0,0x56a0,
		0x56a0,0x56a0,0x56a0,0x56a0,0x56a0,0x56a0,0x56a0,0x56a0,0x56a0,0x56a0,0x56a0,0x56a0,0x56a0,0x56a0,0x56a0,0x56a0,
		0x56a0,0x56a0,0x56a0,0x56a0,0x56a0,0x56a0,0x56a0,0x5e40,0xf800,0xf800,0xa80a,0x001f,0x001f,0x001f,0x001f,0x001f,
		0x001f,0x001f,0x001f,0x001f,0x001f,0x001f,0x001f,0x001f,0x001f,0x340c,0x56a0,0x56a0,0x56a0,0x56a0,0x56a0,0xe120,
		0xf800,0xf800,0xf800,0xf800,0xf800,0xd804,0x001f,0x001f,0x001f,0x001f,0x001f,0x001f,0x001f,0x001f,0x001f,0x001f,
		0x001f,0x001f,0x001f,0x1198,0x56a0,0x56a0,0x56a0,0x56a0,0x56a0,0x56a0,0x56a0,0x56a0,0x56a0,0x56a0,0x56a0,0x56a0,
		0x56a0,0x56a0,0x56a0,0x56a0,0x56a0,0x56a0,0x56a0,0x56a0,0x56a0,0x56a0,0x56a0,0x56a0,0x56a0,0x56a0,0x56a0,0x56a0,
		0x56a0,0x4e02,0x2254,0x001f,0x001f,0x001f,0x001f,0x001f,0x001f,0x001f,0x001f,0x001f,0x001f,0x001f,0x3857,0x56a0,
		0x56a0,0x56a0,0x56a0,0x56a0,0x56a0,0x56a0,0x56a0,0x56a0,0x56a0,0x56a0,0x56a0,0x56a0,0x56a0,0x56a0,0x56a0,0x56a0,
		0x56a0,0x56a0,0x56a0,0x56a0,0x56a0,0x56a0,0x56a0,0x56a0,0x56a0,0x56a0,0x56a0,0x56a0,0x56a0,0x56a0,0x56a0,0x56a0,
		0x56a0,0x56a0,0x56a0,0x56a0,0x56a0,0x56a0,0x56a0,0x56a0,0x56a0,0x56a0,0x56a0,0x56a0,0x56a0,0x56a0,0x56a0,0x56a0,
		0x56a0,0x56a0,0x56a0,0x56a0,0x56a0,0x56a0,0x56a0,0x56a0,0x56a0,0x56a0,0x56a0,0x56a0,0x56a0,0x56a0,0x56a0,0x56a0,
		0x56a0,0x56a0,0x56a0,0x56a0,0x56a0,0x56a0,0x56a0,0x56a0,0x56a0,0x56a0,0x56a0,0x56a0,0x56a0,0x56a0,0x56a0,0x56a0,
		0x56a0,0x56a0,0x56a0,0x56a0,0x56a0,0x56a0,0x56a0,0x56a0,0x56a0,0x56a0,0x56a0,0x56a0,0x56a0,0x56a0,0x56a0,0x56a0,
		0x56a0,0x56a0,0x56a0,0x56a0,0x56a0,0x56a0,0x56a0,0x56a0,0x56a0,0x56a0,0x56a0,0x56a0,0x56a0,0x56a0,0x56a0,0x56a0,
		0x56a0,0x56a0,0x56a0,0x56a0,0x56a0,0x56a0,0x56a0,0x56a0,0x56a0,0x56a0,0x56a0,0x56a0,0x56a0,0x56a0,0x56a0,0x56a0,
		0x56a0,0x56a0,0x56a0,0x56a0,0x56a0,0x56a0,0x56a0,0x56a0,0x56a0,0x56a0,0x56a0,0x56a0,0x56a0,0x56a0,0x56a0,0x56a0,
		0x56a0,0x56a0,0x56a0,0x56a0,0x56a0,0x56a0,0x56a0,0x56a0,0x56a0,0x56a0,0x56a0,0x56a0,0x56a0,0x56a0,0x56a0,0x56a0,
		0x56a0,0x56a0,0x56a0,0x56a0,0x56a0,0x56a0,0x56a0,0x56a0,0x56a0,0x56a0,0x56a0,0x56a0,0x56a0,0x56a0,0x56a0,0x56a0,
		0x56a0,0x56a0,0x56a0,0x56a0,0x56a0,0x56a0,0x56a0,0x56a0,0x56a0,0x56a0,0x56a0,0x56a0,0x56a0,0x56a0,0x56a0,0x56a0,
		0x56a0,0x56a0,0x56a0,0x56a0,0x56a0,0x56a0,0x56a0,0x56a0,0x56a0,0x56a0,0x56a0,0x56a0,0x56a0,0x56a0,0x56a0,0x56a0,
		0x56a0,0x56a0,0x56a0,0x56a0,0x56a0,0x56a0,0x56a0,0x56a0,0x56a0,0x56a0,0x56a0,0x56a0,0x56a0,0x56a0,0x56a0,0x56a0,
		0x56a0,0x56a0,0x56a0,0x56a0,0x56a0,0x56a0,0x56a0,0x56a0,0xf060,0xf800,0xf800,0x6812,0x001f,0x001f,0x001f,0x001f,
		0x001f,0x001f,0x001f,0x001f,0x001f,0x001f,0x001f,0x001f,0x001f,0x08bc,0x5661,0x56a0,0x56a0,0x56a0,0x7d20,0xf800,
		0xf800,0xf800,0xf800,0xf800,0xf800,0x5814,0x001f,0x001f,0x001f,0x001f,0x001f,0x001f,0x001f,0x001f,0x001f,0x001f,
		0x001f,0x001f,0x08dc,0x4da4,0x56a0,0x56a0,0x56a0,0x56a0,0x56a0,0x56a0,0x56a0,0x56a0,0x56a0,0x56a0,0x56a0,0x56a0,
		0x56a0,0x56a0,0x56a0,0x56a0,0x56a0,0x56a0,0x56a0,0x56a0,0x56a0,0x56a0,0x56a0,0x56a0,0x56a0,0x56a0,0x56a0,0x56a0,
		0x5641,0x08fb,0x001f,0x001f,0x001f,0x001f,0x001f,0x001f,0x001f,0x001f,0x001f,0x001f,0x001f,0x001f,0x4076,0x56a0,
		0x56a0,0x56a0,0x56a0,0x56a0,0x56a0,0x56a0,0x56a0,0x56a0,0x56a0,0x56a0,0x56a0,0x56a0,0x56a0,0x56a0,0x56a0,0x56a0,
		0x56a0,0x56a0,0x56a0,0x56a0,0x56a0,0x56a0,0x56a0,0x56a0,0x56a0,0x56a0,0x56a0,0x56a0,0x56a0,0x56a0,0x56a0,0x56a0,
		0x56a0,0x56a0,0x56a0,0x56a0,0x56a0,0x56a0,0x56a0,0x56a0,0x56a0,0x56a0,0x56a0,0x56a0,0x56a0,0x56a0,0x56a0,0x56a0,
		0x56a0,0x56a0,0x56a0,0x56a0,0x56a0,0x56a0,0x56a0,0x56a0,0x56a0,0x56a0,0x56a0,0x56a0,0x56a0,0x56a0,0x56a0,0x56a0,
		0x56a0,0x56a0,0x56a0,0x56a0,0x56a0,0x56a0,0x56a0,0x56a0,0x56a0,0x56a0,0x56a0,0x56a0,0x56a0,0x56a0,0x56a0,0x56a0,
		0x56a0,0x56a0,0x56a0,0x56a0,0x56a0,0x56a0,0x56a0,0x56a0,0x56a0,0x56a0,0x56a0,0x56a0,0x56a0,0x56a0,0x56a0,0x56a0,
		0x56a0,0x56a0,0x56a0,0x56a0,0x56a0,0x56a0,0x56a0,0x56a0,0x56a0,0x56a0,0x56a0,0x56a0,0x56a0,0x56a0,0x56a0,0x56a0,
		0x56a0,0x56a0,0x56a0,0x56a0,0x56a0,0x56a0,0x56a0,0x56a0,0x56a0,0x56a0,0x56a0,0x56a0,0x56a0,0x56a0,0x56a0,0x56a0,
		0x56a0,0x56a0,0x56a0,0x56a0,0x56a0,0x56a0,0x56a0,0x56a0,0x56a0,0x56a0,0x56a0,0x56a0,0x56a0,0x56a0,0x56a0,0x56a0,
		0x56a0,0x56a0,0x56a0,0x56a0,0x56a0,0x56a0,0x56a0,0x56a0,0x56a0,0x56a0,0x56a0,0x56a0,0x56a0,0x56a0,0x56a0,0x56a0,
		0x56a0,0x56a0,0x56a0,0x56a0,0x56a0,0x56a0,0x56a0,0x56a0,0x56a0,0x56a0,0x56a0,0x56a0,0x56a0,0x56a0,0x56a0,0x56a0,
		0x56a0,0x56a0,0x56a0,0x56a0,0x56a0,0x56a0,0x56a0,0x56a0,0x56a0,0x56a0,0x56a0,0x56a0,0x56a0,0x56a0,0x56a0,0x56a0,
		0x56a0,0x56a0,0x56a0,0x56a0,0x56a0,0x56a0,0x56a0,0x56a0,0x56a0,0x56a0,0x56a0,0x56a0,0x56a0,0x56a0,0x56a0,0x56a0,
		0x56a0,0x56a0,0x56a0,0x56a0,0x56a0,0x56a0,0x56a0,0x56a0,0x56a0,0x56a0,0x56a0,0x56a0,0x56a0,0x56a0,0x56a0,0x56a0,
		0x56a0,0x56a0,0x56a0,0x56a0,0x56a0,0x56a0,0x56a0,0x56a0,0xe8a0,0xf800,0xf800,0xf800,0xc007,0x201b,0x001f,0x001f,
		0x001f,0x001f,0x001f,0x001f,0x001f,0x001f,0x001f,0x001f,0x001f,0x001f,0x2b6f,0x56a0,0x56a0,0x56a0,0xbaa0,0xf800,
		0xf800,0xf800,0xf800,0xf800,0xd005,0x001f,0x001f,0x001f,0x001f,0x001f,0x001f,0x001f,0x001f,0x001f,0x001f,0x001f,
		0x001f,0x009d,0x4da4,0x56a0,0x56a0,0x56a0,0x56a0,0x56a0,0x56a0,0x56a0,0x56a0,0x5680,0x7d20,0xa380,0xc9e0,0xe120,
		0xe8a0,0xf080,0xe100,0xc9e0,0x9bc0,0x65e0,0x56a0,0x56a0,0x56a0,0x56a0,0x56a0,0x56a0,0x56a0,0x56a0,0x56a0,0x56a0,
		0x3ca9,0x001f,0x001f,0x001f,0x001f,0x001f,0x001f,0x001f,0x001f,0x001f,0x001f,0x001f,0x001f,0x001f,0x4075,0x56a0,
		0x56a0,0x56a0,0x56a0,0x56a0,0x56a0,0x6da0,0x9be0,0xab20,0xbaa0,0xc220,0xba80,0xb2e0,0xa360,0x8ca0,0x5e40,0x56a0,
		0x56a0,0x56a0,0x56a0,0x56a0,0x56a0,0x56a0,0x56a0,0x56a0,0x56a0,0x56a0,0x56a0,0x56a0,0x56a0,0x56a0,0x56a0,0x7580,
		0xab60,0xc9e0,0xe0e0,0xe8a0,0xe100,0xd1a0,0xab20,0x7d40,0x5680,0x56a0,0x56a0,0x56a0,0x56a0,0x56a0,0x56a0,0x56a0,
		0x56a0,0x56a0,0x56a0,0x56a0,0x56a0,0x56a0,0x56a0,0x56a0,0x56a0,0x5e40,0x8c80,0xab20,0xc240,0xca00,0xb300,0x5e60,
		0x56a0,0x56a0,0x56a0,0x56a0,0x65e0,0xa380,0xc260,0xbaa0,0x8c80,0x5680,0x56a0,0x56a0,0x56a0,0x56a0,0x56a0,0x56a0,
		0x56a0,0x56a0,0x56a0,0x56a0,0x56a0,0x56a0,0x56a0,0x56a0,0x56a0,0x56a0,0x56a0,0x56a0,0x56a0,0x56a0,0x56a0,0x56a0,
		0x56a0,0x56a0,0x56a0,0x56a0,0x56a0,0x56a0,0x56a0,0x56a0,0x56a0,0x56a0,0x56a0,0x56a0,0x56a0,0x56a0,0x56a0,0x56a0,
		0x56a0,0x56a0,0x56a0,0x56a0,0x56a0,0x56a0,0x56a0,0x56a0,0x56a0,0x56a0,0x56a0,0x56a0,0x56a0,0x56a0,0x56a0,0x56a0,
		0x56a0,0x56a0,0x56a0,0x56a0,0x56a0,0x56a0,0x56a0,0x56a0,0x56a0,0x56a0,0x56a0,0x56a0,0x56a0,0x56a0,0x56a0,0x56a0,
		0x56a0,0x56a0,0x56a0,0x56a0,0x56a0,0x56a0,0x56a0,0x56a0,0x56a0,0x56a0,0x56a0,0x56a0,0x56a0,0x56a0,0x56a0,0x56a0,
		0x56a0,0x56a0,0x56a0,0x56a0,0x56a0,0x56a0,0x56a0,0x56a0,0x56a0,0x56a0,0x56a0,0x56a0,0x56a0,0x56a0,0x56a0,0x56a0,
		0x56a0,0x56a0,0x56a0,0x56a0,0x56a0,0x56a0,0x56a0,0x56a0,0x56a0,0x56a0,0x56a0,0x56a0,0x56a0,0x56a0,0x56a0,0x56a0,
		0x56a0,0x56a0,0x56a0,0x56a0,0x56a0,0x56a0,0x56a0,0x56a0,0x56a0,0x56a0,0x56a0,0x56a0,0x56a0,0x56a0,0x56a0,0x56a0,
		0x56a0,0x56a0,0x56a0,0x56a0,0x56a0,0x56a0,0x56a0,0x56a0,0x56a0,0x56a0,0x56a0,0x56a0,0x56a0,0x56a0,0x56a0,0x56a0,
		0x56a0,0x56a0,0x56a0,0x56a0,0x56a0,0x56a0,0x56a0,0x56a0,0xe8c0,0xf800,0xf800,0xf800,0xf800,0xb808,0x001f,0x001f,
		0x001f,0x001f,0x001f,0x001f,0x001f,0x001f,0x001f,0x001f,0x001f,0x001f,0x007e,0x4e02,0x56a0,0x5e40,0xf060,0xf800,
		0xf800,0xf800,0xf800,0xf800,0x5015,0x001f,0x001f,0x001f,0x001f,0x001f,0x001f,0x001f,0x001f,0x001f,0x001f,0x001f,
		0x001f,0x2b6f,0x56a0,0x56a0,0x56a0,0x56a0,0x56a0,0x56a0,0x56a0,0x5e40,0x9bc0,0xe100,0xf800,0xf800,0xf800,0xf800,
		0xf800,0xf800,0xf800,0xf800,0xf800,0xf820,0xb2c0,0x6620,0x56a0,0x56a0,0x56a0,0x56a0,0x56a0,0x56a0,0x56a0,0x56a0,
		0x4e02,0x091b,0x001f,0x001f,0x001f,0x001f,0x001f,0x001f,0x001f,0x001f,0x001f,0x001f,0x001f,0x001f,0x4894,0x56a0,
		0x56a0,0x56a0,0x56a0,0x6600,0xca00,0xf800,0xf800,0xf800,0xf800,0xf800,0xf800,0xf800,0xf800,0xf800,0xf820,0xb2c0,
		0x5e60,0x56a0,0x56a0,0x56a0,0x56a0,0x56a0,0x56a0,0x56a0,0x56a0,0x56a0,0x56a0,0x56a0,0x56a0,0x7560,0xd1c0,0xf800,
		0xf800,0xf800,0xf800,0xf800,0xf800,0xf800,0xf800,0xf800,0xd960,0x7d20,0x56a0,0x56a0,0x56a0,0x56a0,0x56a0,0x56a0,
		0x56a0,0x56a0,0x56a0,0x56a0,0x56a0,0x56a0,0x5e40,0x9420,0xca00,0xf820,0xf800,0xf800,0xf800,0xf800,0xf800,0x84c0,
		0x56a0,0x56a0,0x56a0,0x9420,0xf040,0xf800,0xf800,0xf800,0xf800,0xc9e0,0x5e60,0x56a0,0x56a0,0x56a0,0x56a0,0x56a0,
		0x56a0,0x56a0,0x56a0,0x56a0,0x56a0,0x56a0,0x56a0,0x56a0,0x56a0,0x56a0,0x56a0,0x56a0,0x56a0,0x56a0,0x56a0,0x56a0,
		0x56a0,0x56a0,0x56a0,0x56a0,0x56a0,0x56a0,0x56a0,0x56a0,0x56a0,0x56a0,0x56a0,0x56a0,0x56a0,0x56a0,0x56a0,0x56a0,
		0x56a0,0x56a0,0x56a0,0x56a0,0x56a0,0x56a0,0x56a0,0x56a0,0x56a0,0x56a0,0x56a0,0x56a0,0x56a0,0x56a0,0x56a0,0x56a0,
		0x56a0,0x56a0,0x56a0,0x56a0,0x56a0,0x56a0,0x56a0,0x56a0,0x56a0,0x56a0,0x56a0,0x56a0,0x56a0,0x56a0,0x56a0,0x56a0,
		0x56a0,0x56a0,0x56a0,0x56a0,0x56a0,0x56a0,0x56a0,0x56a0,0x56a0,0x56a0,0x56a0,0x56a0,0x56a0,0x56a0,0x56a0,0x56a0,
		0x56a0,0x56a0,0x56a0,0x56a0,0x56a0,0x56a0,0x56a0,0x56a0,0x56a0,0x56a0,0x56a0,0x56a0,0x56a0,0x56a0,0x56a0,0x56a0,
		0x56a0,0x56a0,0x56a0,0x56a0,0x56a0,0x56a0,0x56a0,0x56a0,0x56a0,0x56a0,0x56a0,0x56a0,0x56a0,0x56a0,0x56a0,0x56a0,
		0x56a0,0x56a0,0x56a0,0x56a0,0x56a0,0x56a0,0x56a0,0x56a0,0x56a0,0x56a0,0x56a0,0x56a0,0x56a0,0x56a0,0x56a0,0x56a0,
		0x56a0,0x56a0,0x56a0,0x56a0,0x56a0,0x56a0,0x56a0,0x56a0,0x56a0,0x56a0,0x56a0,0x56a0,0x56a0,0x56a0,0x56a0,0x56a0,
		0x56a0,0x56a0,0x56a0,0x56a0,0x56a0,0x56a0,0x56a0,0x56a0,0xe100,0xf800,0xf800,0xf800,0xf800,0xf800,0x081e,0x001f,
		0x001f,0x001f,0x001f,0x001f,0x001f,0x001f,0x001f,0x001f,0x001f,0x001f,0x001f,0x22d2,0x56a0,0x9420,0xf800,0xf800,
		0xf800,0xf800,0xf800,0xd005,0x001f,0x001f,0x001f,0x001f,0x001f,0x001f,0x001f,0x001f,0x001f,0x001f,0x001f,0x001f,
		0x001f,0x4565,0x56a0,0x56a0,0x56a0,0x56a0,0x56a0,0x56a0,0x8c60,0xe8a0,0xf800,0xf800,0xf800,0xf800,0xf800,0xf800,
		0xf800,0xf800,0xf800,0xf800,0xf800,0xf800,0xf800,0xe0e0,0x7580,0x56a0,0x56a0,0x56a0,0x56a0,0x56a0,0x56a0,0x56a0,
		0x56a0,0x5680,0x4546,0x3974,0x001f,0x001f,0x001f,0x001f,0x001f,0x001f,0x001f,0x001f,0x001f,0x001f,0x5093,0x56a0,
		0x56a0,0x56a0,0x56a0,0xc9e0,0xf800,0xf800,0xf800,0xf800,0xf800,0xf800,0xf800,0xf800,0xf800,0xf800,0xf800,0xf800,
		0xb300,0x56a0,0x56a0,0x56a0,0x56a0,0x56a0,0x56a0,0x56a0,0x56a0,0x56a0,0x56a0,0x5680,0xab40,0xf820,0xf800,0xf800,
		0xf800,0xf800,0xf800,0xf800,0xf800,0xf800,0xf800,0xf800,0xf800,0xf800,0xab40,0x56a0,0x56a0,0x56a0,0x56a0,0x56a0,
		0x56a0,0x56a0,0x56a0,0x56a0,0x6de0,0xb2e0,0xf040,0xf800,0xf800,0xf800,0xf800,0xf800,0xf800,0xf800,0xf800,0xa3a0,
		0x56a0,0x56a0,0x8c60,0xf800,0xf800,0xf800,0xf800,0xf800,0xf800,0xf800,0xc260,0x56a0,0x56a0,0x56a0,0x56a0,0x56a0,
		0x56a0,0x56a0,0x56a0,0x56a0,0x56a0,0x56a0,0x56a0,0x56a0,0x56a0,0x56a0,0x56a0,0x56a0,0x56a0,0x56a0,0x56a0,0x56a0,
		0x56a0,0x56a0,0x56a0,0x56a0,0x56a0,0x56a0,0x56a0,0x56a0,0x56a0,0x56a0,0x56a0,0x56a0,0x56a0,0x56a0,0x56a0,0x56a0,
		0x56a0,0x56a0,0x56a0,0x56a0,0x56a0,0x56a0,0x56a0,0x56a0,0x56a0,0x56a0,0x56a0,0x56a0,0x56a0,0x56a0,0x56a0,0x56a0,
		0x56a0,0x56a0,0x56a0,0x56a0,0x56a0,0x56a0,0x56a0,0x56a0,0x56a0,0x56a0,0x56a0,0x56a0,0x56a0,0x56a0,0x56a0,0x56a0,
		0x56a0,0x56a0,0x56a0,0x56a0,0x56a0,0x56a0,0x56a0,0x56a0,0x56a0,0x56a0,0x56a0,0x56a0,0x56a0,0x56a0,0x56a0,0x56a0,
		0x56a0,0x56a0,0x56a0,0x56a0,0x56a0,0x56a0,0x56a0,0x56a0,0x56a0,0x56a0,0x56a0,0x56a0,0x56a0,0x56a0,0x56a0,0x56a0,
		0x56a0,0x56a0,0x56a0,0x56a0,0x56a0,0x56a0,0x56a0,0x56a0,0x56a0,0x56a0,0x56a0,0x56a0,0x56a0,0x56a0,0x56a0,0x56a0,
		0x56a0,0x56a0,0x56a0,0x56a0,0x56a0,0x56a0,0x56a0,0x56a0,0x56a0,0x56a0,0x56a0,0x56a0,0x56a0,0x56a0,0x56a0,0x56a0,
		0x56a0,0x56a0,0x56a0,0x56a0,0x56a0,0x56a0,0x56a0,0x56a0,0x56a0,0x56a0,0x56a0,0x56a0,0x56a0,0x56a0,0x56a0,0x56a0,
		0x56a0,0x56a0,0x56a0,0x56a0,0x56a0,0x56a0,0x56a0,0x56a0,0xd940,0xf800,0xf800,0xf800,0xf800,0xf800,0x3019,0x001f,
		0x001f,0x001f,0x001f,0x001f,0x001f,0x001f,0x001f,0x001f,0x001f,0x001f,0x001f,0x003f,0x4dc4,0xd180,0xf800,0xf800,
		0xf800,0xf800,0xf800,0x5015,0x001f,0x001f,0x001f,0x001f,0x001f,0x001f,0x001f,0x001f,0x001f,0x001f,0x001f,0x001f,
		0x001f,0x5641,0x56a0,0x56a0,0x56a0,0x56a0,0x5e40,0xca00,0xf800,0xf800,0xf800,0xf800,0xf800,0xf800,0xf800,0xf800,
		0xf800,0xf800,0xf800,0xf800,0xf800,0xf800,0xf800,0xf800,0xf060,0x6da0,0x56a0,0x56a0,0x56a0,0x56a0,0x56a0,0x56a0,
		0x56a0,0x56a0,0x56a0,0x93c0,0x001f,0x001f,0x001f,0x001f,0x001f,0x001f,0x001f,0x001f,0x001f,0x001f,0x5892,0x56a0,
		0x56a0,0x56a0,0x5e40,0xf800,0xf800,0xf800,0xf800,0xf800,0xf800,0xf800,0xf800,0xf800,0xf800,0xf800,0xf800,0xf800,
		0xf840,0x5e60,0x56a0,0x56a0,0x56a0,0x56a0,0x56a0,0x56a0,0x56a0,0x56a0,0x5e60,0xc240,0xf800,0xf800,0xf800,0xf800,
		0xf800,0xf800,0xf800,0xf800,0xf800,0xf800,0xf800,0xf800,0xf800,0xf800,0xf800,0xba80,0x5680,0x56a0,0x56a0,0x56a0,
		0x56a0,0x56a0,0x5680,0xa3a0,0xf820,0xf800,0xf800,0xf800,0xf800,0xf800,0xf800,0xf800,0xf800,0xf800,0xf800,0xb2e0,
		0x56a0,0x6620,0xf080,0xf800,0xf800,0xf800,0xf800,0xf800,0xf800,0xf800,0xf800,0x7540,0x56a0,0x56a0,0x56a0,0x56a0,
		0x56a0,0x56a0,0x56a0,0x56a0,0x56a0,0x56a0,0x56a0,0x56a0,0x56a0,0x56a0,0x56a0,0x56a0,0x56a0,0x56a0,0x56a0,0x56a0,
		0x56a0,0x56a0,0x56a0,0x56a0,0x56a0,0x56a0,0x56a0,0x56a0,0x56a0,0x56a0,0x56a0,0x56a0,0x56a0,0x56a0,0x56a0,0x56a0,
		0x56a0,0x56a0,0x56a0,0x56a0,0x56a0,0x56a0,0x56a0,0x56a0,0x56a0,0x56a0,0x56a0,0x56a0,0x56a0,0x56a0,0x56a0,0x56a0,
		0x56a0,0x56a0,0x56a0,0x56a0,0x56a0,0x56a0,0x56a0,0x56a0,0x56a0,0x56a0,0x56a0,0x56a0,0x56a0,0x56a0,0x56a0,0x56a0,
		0x56a0,0x56a0,0x56a0,0x56a0,0x56a0,0x56a0,0x56a0,0x56a0,0x56a0,0x56a0,0x56a0,0x56a0,0x56a0,0x56a0,0x56a0,0x56a0,
		0x56a0,0x56a0,0x56a0,0x56a0,0x56a0,0x56a0,0x56a0,0x56a0,0x56a0,0x56a0,0x56a0,0x56a0,0x56a0,0x56a0,0x56a0,0x56a0,
		0x56a0,0x56a0,0x56a0,0x56a0,0x56a0,0x56a0,0x56a0,0x56a0,0x56a0,0x56a0,0x56a0,0x56a0,0x56a0,0x56a0,0x56a0,0x56a0,
		0x56a0,0x56a0,0x56a0,0x56a0,0x56a0,0x56a0,0x56a0,0x56a0,0x56a0,0x56a0,0x56a0,0x56a0,0x56a0,0x56a0,0x56a0,0x56a0,
		0x56a0,0x56a0,0x56a0,0x56a0,0x56a0,0x56a0,0x56a0,0x56a0,0x56a0,0x56a0,0x56a0,0x56a0,0x56a0,0x56a0,0x56a0,0x56a0,
		0x56a0,0x56a0,0x56a0,0x56a0,0x56a0,0x56a0,0x56a0,0x56a0,0xd940,0xf800,0xf800,0xf800,0xf800,0xf800,0x4017,0x001f,
		0x001f,0x001f,0x001f,0x001f,0x001f,0x001f,0x001f,0x001f,0x001f,0x001f,0x001f,0x001f,0x21f4,0xf800,0xf800,0xf800,
		0xf800,0xf800,0xc806,0x001f,0x001f,0x001f,0x001f,0x001f,0x001f,0x001f,0x001f,0x001f,0x001f,0x001f,0x001f,0x001f,
		0x007d,0x56a0,0x56a0,0x56a0,0x56a0,0x6600,0xe120,0xf800,0xf800,0xf800,0xf800,0xf800,0xf800,0xd804,0x880e,0x5015,
		0x281a,0x081e,0x001f,0x001f,0x081e,0x281a,0x6013,0xb009,0xf800,0xe120,0x5e60,0x56a0,0x56a0,0x56a0,0x56a0,0x56a0,
		0x56a0,0x56a0,0x56a0,0x9be0,0x201b,0x001f,0x001f,0x001f,0x001f,0x001f,0x001f,0x001f,0x001f,0x001f,0x58b2,0x56a0,
		0x56a0,0x56a0,0x5e60,0xe821,0xa00b,0x6812,0x4017,0x3019,0x281a,0x3019,0x4017,0x5015,0x800f,0xb808,0xf800,0xf800,
		0xf800,0x6dc0,0x56a0,0x56a0,0x56a0,0x56a0,0x56a0,0x56a0,0x56a0,0x5680,0xc240,0xf001,0xa80a,0x6013,0x281a,0x181c,
		0x001f,0x081e,0x181c,0x4816,0x880e,0xe003,0xf800,0xf800,0xf800,0xf800,0xf800,0xf800,0xa360,0x56a0,0x56a0,0x56a0,
		0x56a0,0x5680,0xca00,0xf001,0xb808,0x7810,0x5015,0x3818,0x201b,0x3818,0xd804,0xf800,0xf800,0xf800,0xd804,0x60d1,
		0x1198,0x207a,0x4816,0xa80a,0xf800,0xf800,0xf800,0xf800,0xf800,0xf800,0xf800,0xbaa0,0x56a0,0x56a0,0x56a0,0x56a0,
		0x56a0,0x56a0,0x56a0,0x56a0,0x56a0,0x56a0,0x56a0,0x56a0,0x56a0,0x56a0,0x56a0,0x56a0,0x56a0,0x56a0,0x56a0,0x56a0,
		0x56a0,0x56a0,0x56a0,0x56a0,0x56a0,0x56a0,0x56a0,0x56a0,0x56a0,0x56a0,0x56a0,0x56a0,0x56a0,0x56a0,0x56a0,0x56a0,
		0x56a0,0x56a0,0x56a0,0x56a0,0x56a0,0x56a0,0x56a0,0x56a0,0x56a0,0x56a0,0x56a0,0x56a0,0x56a0,0x56a0,0x56a0,0x56a0,
		0x56a0,0x56a0,0x56a0,0x56a0,0x56a0,0x56a0,0x56a0,0x56a0,0x56a0,0x56a0,0x56a0,0x56a0,0x56a0,0x56a0,0x56a0,0x56a0,
		0x56a0,0x56a0,0x56a0,0x56a0,0x56a0,0x56a0,0x56a0,0x56a0,0x56a0,0x56a0,0x56a0,0x56a0,0x56a0,0x56a0,0x56a0,0x56a0,
		0x56a0,0x56a0,0x56a0,0x56a0,0x56a0,0x56a0,0x56a0,0x56a0,0x56a0,0x56a0,0x56a0,0x56a0,0x56a0,0x56a0,0x56a0,0x56a0,
		0x56a0,0x56a0,0x56a0,0x56a0,0x56a0,0x56a0,0x56a0,0x56a0,0x56a0,0x56a0,0x56a0,0x56a0,0x56a0,0x56a0,0x56a0,0x56a0,
		0x56a0,0x56a0,0x56a0,0x56a0,0x56a0,0x56a0,0x56a0,0x56a0,0x56a0,0x56a0,0x56a0,0x56a0,0x56a0,0x56a0,0x56a0,0x56a0,
		0x56a0,0x56a0,0x56a0,0x56a0,0x56a0,0x56a0,0x56a0,0x56a0,0x56a0,0x56a0,0x56a0,0x56a0,0x56a0,0x56a0,0x56a0,0x56a0,
		0x56a0,0x56a0,0x56a0,0x56a0,0x56a0,0x56a0,0x56a0,0x56a0,0xe120,0xf800,0xf800,0xf800,0xf800,0xf800,0x4816,0x001f,
		0x001f,0x001f,0x001f,0x001f,0x001f,0x001f,0x001f,0x001f,0x001f,0x001f,0x001f,0x001f,0x001f,0xc806,0xf800,0xf800,
		0xf800,0xf800,0x4816,0x001f,0x001f,0x001f,0x001f,0x001f,0x001f,0x001f,0x001f,0x001f,0x001f,0x001f,0x001f,0x001f,
		0x093a,0x56a0,0x56a0,0x56a0,0x5680,0xd1c0,0xf800,0xf800,0xf800,0xf800,0xf800,0x980c,0x281a,0x001f,0x001f,0x001f,
		0x001f,0x001f,0x001f,0x001f,0x001f,0x001f,0x001f,0x001f,0x201b,0xb009,0x9be0,0x56a0,0x56a0,0x56a0,0x56a0,0x56a0,
		0x56a0,0x56a0,0x56a0,0x9be0,0x281a,0x001f,0x001f,0x001f,0x001f,0x001f,0x001f,0x001f,0x001f,0x001f,0x5892,0x56a0,
		0x56a0,0x56a0,0x4565,0x103d,0x001f,0x001f,0x001f,0x001f,0x001f,0x001f,0x001f,0x001f,0x001f,0x001f,0x3019,0xf001,
		0xf060,0x5e60,0x56a0,0x56a0,0x56a0,0x56a0,0x56a0,0x56a0,0x56a0,0x9b22,0x7810,0x081e,0x001f,0x001f,0x001f,0x001f,
		0x001f,0x001f,0x001f,0x001f,0x001f,0x001f,0x5814,0xe003,0xf800,0xf800,0xf800,0xf800,0xf800,0x84e0,0x56a0,0x56a0,
		0x4de3,0x524e,0x3818,0x001f,0x001f,0x001f,0x001f,0x001f,0x001f,0x001f,0x880e,0xf800,0xf800,0xa00b,0x081e,0x001f,
		0x001f,0x001f,0x001f,0x001f,0x5814,0xf800,0xf800,0xf800,0xf800,0xf800,0xf800,0xe8c0,0x56a0,0x56a0,0x56a0,0x56a0,
		0x56a0,0x56a0,0x56a0,0x56a0,0x56a0,0x56a0,0x56a0,0x56a0,0x56a0,0x56a0,0x56a0,0x56a0,0x56a0,0x56a0,0x56a0,0x56a0,
		0x56a0,0x56a0,0x56a0,0x56a0,0x56a0,0x56a0,0x56a0,0x56a0,0x56a0,0x56a0,0x56a0,0x56a0,0x56a0,0x56a0,0x56a0,0x56a0,
		0x56a0,0x56a0,0x56a0,0x56a0,0x56a0,0x56a0,0x56a0,0x56a0,0x56a0,0x56a0,0x56a0,0x56a0,0x56a0,0x56a0,0x56a0,0x56a0,
		0x56a0,0x56a0,0x56a0,0x56a0,0x56a0,0x56a0,0x56a0,0x56a0,0x56a0,0x56a0,0x56a0,0x56a0,0x56a0,0x56a0,0x56a0,0x56a0,
		0x56a0,0x56a0,0x56a0,0x56a0,0x56a0,0x56a0,0x56a0,0x56a0,0x56a0,0x56a0,0x56a0,0x56a0,0x56a0,0x56a0,0x56a0,0x56a0,
		0x56a0,0x56a0,0x56a0,0x56a0,0x56a0,0x56a0,0x56a0,0x56a0,0x56a0,0x56a0,0x56a0,0x56a0,0x56a0,0x56a0,0x56a0,0x56a0,
		0x56a0,0x56a0,0x56a0,0x56a0,0x56a0,0x56a0,0x56a0,0x56a0,0x56a0,0x56a0,0x56a0,0x56a0,0x56a0,0x56a0,0x56a0,0x56a0,
		0x56a0,0x56a0,0x56a0,0x56a0,0x56a0,0x56a0,0x56a0,0x56a0,0x56a0,0x56a0,0x56a0,0x56a0,0x56a0,0x56a0,0x56a0,0x56a0,
		0x56a0,0x56a0,0x56a0,0x56a0,0x56a0,0x56a0,0x56a0,0x56a0,0x56a0,0x56a0,0x56a0,0x56a0,0x56a0,0x56a0,0x56a0,0x56a0,
		0x56a0,0x56a0,0x56a0,0x56a0,0x56a0,0x56a0,0x56a0,0x56a0,0xe100,0xf800,0xf800,0xf800,0xf800,0xf800,0x5814,0x001f,
		0x001f,0x001f,0x001f,0x001f,0x001f,0x001f,0x001f,0x001f,0x001f,0x001f,0x001f,0x001f,0x001f,0x4017,0xf800,0xf800,
		0xf800,0xc007,0x001f,0x001f,0x001f,0x001f,0x001f,0x001f,0x001f,0x001f,0x001f,0x001f,0x001f,0x001f,0x001f,0x001f,
		0x11b8,0x56a0,0x56a0,0x56a0,0x9420,0xf800,0xf800,0xf800,0xf800,0xa00b,0x181c,0x001f,0x001f,0x001f,0x001f,0x001f,
		0x001f,0x001f,0x001f,0x001f,0x001f,0x001f,0x001f,0x001f,0x001f,0x001f,0x6072,0x5680,0x56a0,0x56a0,0x56a0,0x56a0,
		0x56a0,0x56a0,0x56a0,0x9be0,0x3019,0x001f,0x001f,0x001f,0x001f,0x001f,0x001f,0x001f,0x001f,0x001f,0x6091,0x56a0,
		0x56a0,0x56a0,0x22d2,0x001f,0x001f,0x001f,0x001f,0x001f,0x001f,0x001f,0x001f,0x001f,0x001f,0x001f,0x001f,0x78ae,
		0x84a0,0x56a0,0x56a0,0x56a0,0x56a0,0x56a0,0x56a0,0x56a0,0x53e8,0x181c,0x001f,0x001f,0x001f,0x001f,0x001f,0x001f,
		0x001f,0x001f,0x001f,0x001f,0x001f,0x001f,0x001f,0x101d,0xb009,0xf800,0xf800,0xf800,0xf800,0xe120,0x4dc3,0x1a74,
		0x001f,0x001f,0x001f,0x001f,0x001f,0x001f,0x001f,0x001f,0x001f,0x001f,0x6013,0xf800,0xb808,0x001f,0x001f,0x001f,
		0x001f,0x001f,0x001f,0x001f,0x001f,0x900d,0xf800,0xf800,0xf800,0xf800,0xf800,0xf800,0x6620,0x56a0,0x56a0,0x56a0,
		0x56a0,0x56a0,0x56a0,0x56a0,0x56a0,0x56a0,0x56a0,0x56a0,0x56a0,0x56a0,0x56a0,0x56a0,0x56a0,0x56a0,0x56a0,0x56a0,
		0x56a0,0x56a0,0x56a0,0x56a0,0x56a0,0x56a0,0x56a0,0x56a0,0x56a0,0x56a0,0x56a0,0x56a0,0x56a0,0x56a0,0x56a0,0x56a0,
		0x56a0,0x56a0,0x56a0,0x56a0,0x56a0,0x56a0,0x56a0,0x56a0,0x56a0,0x56a0,0x56a0,0x56a0,0x56a0,0x56a0,0x56a0,0x56a0,
		0x56a0,0x56a0,0x56a0,0x56a0,0x56a0,0x56a0,0x56a0,0x56a0,0x56a0,0x56a0,0x56a0,0x56a0,0x56a0,0x56a0,0x56a0,0x56a0,
		0x56a0,0x56a0,0x56a0,0x56a0,0x56a0,0x56a0,0x56a0,0x56a0,0x56a0,0x56a0,0x56a0,0x56a0,0x56a0,0x56a0,0x56a0,0x56a0,
		0x56a0,0x56a0,0x56a0,0x56a0,0x56a0,0x56a0,0x56a0,0x56a0,0x56a0,0x56a0,0x56a0,0x56a0,0x56a0,0x56a0,0x56a0,0x56a0,
		0x56a0,0x56a0,0x56a0,0x56a0,0x56a0,0x56a0,0x56a0,0x56a0,0x56a0,0x56a0,0x56a0,0x56a0,0x56a0,0x56a0,0x56a0,0x56a0,
		0x56a0,0x56a0,0x56a0,0x56a0,0x56a0,0x56a0,0x56a0,0x56a0,0x56a0,0x56a0,0x56a0,0x56a0,0x56a0,0x56a0,0x56a0,0x56a0,
		0x56a0,0x56a0,0x56a0,0x56a0,0x56a0,0x56a0,0x56a0,0x56a0,0x56a0,0x56a0,0x56a0,0x56a0,0x56a0,0x56a0,0x56a0,0x56a0,
		0x56a0,0x56a0,0x56a0,0x56a0,0x56a0,0x56a0,0x56a0,0x56a0,0xe0e0,0xf800,0xf800,0xf800,0xf800,0xf800,0x5015,0x001f,
		0x001f,0x001f,0x001f,0x001f,0x001f,0x001f,0x001f,0x001f,0x001f,0x001f,0x001f,0x001f,0x001f,0x001f,0xa80a,0xf800,
		0xf800,0x3019,0x001f,0x001f,0x001f,0x001f,0x001f,0x001f,0x001f,0x001f,0x001f,0x001f,0x001f,0x001f,0x001f,0x001f,
		0x19d7,0x56a0,0x56a0,0x56a0,0xe120,0xf800,0xf800,0xf800,0x6013,0x001f,0x001f,0x001f,0x001f,0x001f,0x001f,0x001f,
		0x001f,0x001f,0x001f,0x001f,0x001f,0x001f,0x001f,0x001f,0x001f,0x001f,0x001f,0x32d0,0x56a0,0x56a0,0x56a0,0x56a0,
		0x56a0,0x56a0,0x56a0,0x9be0,0x3019,0x001f,0x001f,0x001f,0x001f,0x001f,0x001f,0x001f,0x001f,0x001f,0x6092,0x56a0,
		0x56a0,0x56a0,0x3c6a,0x001f,0x001f,0x001f,0x001f,0x001f,0x001f,0x001f,0x001f,0x001f,0x001f,0x001f,0x001f,0x2b6f,
		0x56a0,0x56a0,0x56a0,0x56a0,0x56a0,0x56a0,0x56a0,0x340c,0x001f,0x001f,0x001f,0x001f,0x001f,0x001f,0x001f,0x001f,
		0x001f,0x001f,0x001f,0x001f,0x001f,0x001f,0x001f,0x001f,0x001f,0xa00b,0xf800,0xf800,0xf800,0xd804,0x087d,0x001f,
		0x001f,0x001f,0x001f,0x001f,0x001f,0x001f,0x001f,0x001f,0x001f,0x001f,0x181c,0xa80a,0x101d,0x001f,0x001f,0x001f,
		0x001f,0x001f,0x001f,0x001f,0x001f,0x181c,0xf800,0xf800,0xf800,0xf800,0xf800,0xf800,0x7580,0x56a0,0x56a0,0x56a0,
		0x56a0,0x56a0,0x56a0,0x56a0,0x56a0,0x56a0,0x56a0,0x56a0,0x56a0,0x56a0,0x56a0,0x56a0,0x56a0,0x56a0,0x56a0,0x56a0,
		0x56a0,0x56a0,0x56a0,0x56a0,0x56a0,0x56a0,0x56a0,0x56a0,0x56a0,0x56a0,0x56a0,0x56a0,0x56a0,0x56a0,0x56a0,0x56a0,
		0x56a0,0x56a0,0x56a0,0x56a0,0x56a0,0x56a0,0x56a0,0x56a0,0x56a0,0x56a0,0x56a0,0x56a0,0x56a0,0x56a0,0x56a0,0x56a0,
		0x56a0,0x56a0,0x56a0,0x56a0,0x56a0,0x56a0,0x56a0,0x56a0,0x56a0,0x56a0,0x56a0,0x56a0,0x56a0,0x56a0,0x56a0,0x56a0,
		0x56a0,0x56a0,0x56a0,0x56a0,0x56a0,0x56a0,0x56a0,0x56a0,0x56a0,0x56a0,0x56a0,0x56a0,0x56a0,0x56a0,0x56a0,0x56a0,
		0x56a0,0x56a0,0x56a0,0x56a0,0x56a0,0x56a0,0x56a0,0x56a0,0x56a0,0x56a0,0x56a0,0x56a0,0x56a0,0x56a0,0x56a0,0x56a0,
		0x56a0,0x56a0,0x56a0,0x56a0,0x56a0,0x56a0,0x56a0,0x56a0,0x56a0,0x56a0,0x56a0,0x56a0,0x56a0,0x56a0,0x56a0,0x56a0,
		0x56a0,0x56a0,0x56a0,0x56a0,0x56a0,0x56a0,0x56a0,0x56a0,0x56a0,0x56a0,0x56a0,0x56a0,0x56a0,0x56a0,0x56a0,0x56a0,
		0x56a0,0x56a0,0x56a0,0x56a0,0x56a0,0x56a0,0x56a0,0x56a0,0x56a0,0x56a0,0x56a0,0x56a0,0x56a0,0x56a0,0x56a0,0x56a0,
		0x56a0,0x56a0,0x56a0,0x56a0,0x56a0,0x56a0,0x56a0,0x56a0,0xe8c0,0xf800,0xf800,0xf800,0xf800,0xf800,0x4816,0x001f,
		0x001f,0x001f,0x001f,0x001f,0x001f,0x001f,0x001f,0x001f,0x001f,0x001f,0x001f,0x001f,0x001f,0x001f,0x181c,0xb009,
		0x6812,0x001f,0x001f,0x001f,0x001f,0x001f,0x001f,0x001f,0x001f,0x001f,0x001f,0x001f,0x001f,0x001f,0x001f,0x001f,
		0x1a16,0x56a0,0x56a0,0x5e40,0xf800,0xf800,0xf800,0x7810,0x001f,0x001f,0x001f,0x001f,0x001f,0x001f,0x007d,0x44e8,
		0xc220,0xa00b,0x001f,0x001f,0x001f,0x001f,0x001f,0x001f,0x001f,0x001f,0x001f,0x001f,0x4dc4,0x56a0,0x56a0,0x56a0,
		0x56a0,0x56a0,0x56a0,0x9be0,0x3019,0x001f,0x001f,0x001f,0x001f,0x001f,0x001f,0x001f,0x001f,0x001f,0x6052,0x56a0,
		0x56a0,0x5e80,0xb2c0,0x181c,0x001f,0x001f,0x001f,0x001f,0x001f,0x001f,0x001f,0x001f,0x001f,0x093a,0x2311,0x5661,
		0x56a0,0x56a0,0x56a0,0x56a0,0x56a0,0x56a0,0x3c6a,0x001f,0x001f,0x001f,0x001f,0x001f,0x001f,0x001f,0x081e,0x800f,
		0x9109,0x2b50,0x003e,0x001f,0x001f,0x001f,0x001f,0x001f,0x001f,0x001f,0xc806,0xf800,0xf800,0x6812,0x001f,0x001f,
		0x001f,0x001f,0x001f,0x001f,0x001f,0x001f,0x001f,0x001f,0x001f,0x001f,0x001f,0x001f,0x001f,0x001f,0x001f,0x001f,
		0x001f,0x001f,0x001f,0x001f,0x001f,0x001f,0xd005,0xf800,0xf800,0xf800,0xf800,0xf800,0x6dc0,0x56a0,0x56a0,0x56a0,
		0x56a0,0x56a0,0x56a0,0x56a0,0x56a0,0x56a0,0x56a0,0x56a0,0x56a0,0x56a0,0x56a0,0x56a0,0x56a0,0x56a0,0x56a0,0x56a0,
		0x56a0,0x56a0,0x56a0,0x56a0,0x56a0,0x56a0,0x56a0,0x56a0,0x56a0,0x56a0,0x56a0,0x56a0,0x56a0,0x56a0,0x56a0,0x56a0,
		0x56a0,0x56a0,0x56a0,0x56a0,0x56a0,0x56a0,0x56a0,0x56a0,0x56a0,0x56a0,0x56a0,0x56a0,0x56a0,0x56a0,0x56a0,0x56a0,
		0x56a0,0x56a0,0x56a0,0x56a0,0x56a0,0x56a0,0x56a0,0x56a0,0x56a0,0x56a0,0x56a0,0x56a0,0x56a0,0x56a0,0x56a0,0x56a0,
		0x56a0,0x56a0,0x56a0,0x56a0,0x56a0,0x56a0,0x56a0,0x56a0,0x56a0,0x56a0,0x56a0,0x56a0,0x56a0,0x56a0,0x56a0,0x56a0,
		0x56a0,0x56a0,0x56a0,0x56a0,0x56a0,0x56a0,0x56a0,0x56a0,0x56a0,0x56a0,0x56a0,0x56a0,0x56a0,0x56a0,0x56a0,0x56a0,
		0x56a0,0x56a0,0x56a0,0x56a0,0x56a0,0x56a0,0x56a0,0x56a0,0x56a0,0x56a0,0x56a0,0x56a0,0x56a0,0x56a0,0x56a0,0x56a0,
		0x56a0,0x56a0,0x56a0,0x56a0,0x56a0,0x56a0,0x56a0,0x56a0,0x56a0,0x56a0,0x56a0,0x56a0,0x56a0,0x56a0,0x56a0,0x56a0,
		0x56a0,0x56a0,0x56a0,0x56a0,0x56a0,0x56a0,0x56a0,0x56a0,0x56a0,0x56a0,0x56a0,0x56a0,0x56a0,0x56a0,0x56a0,0x56a0,
		0x56a0,0x56a0,0x56a0,0x56a0,0x56a0,0x56a0,0x56a0,0x56a0,0xe8a0,0xf800,0xf800,0xf800,0xf800,0xf800,0x4816,0x001f,
		0x001f,0x001f,0x001f,0x001f,0x001f,0x001f,0x001f,0x001f,0x001f,0x001f,0x001f,0x001f,0x001f,0x001f,0x001f,0x001f,
		0x001f,0x001f,0x001f,0x001f,0x001f,0x001f,0x001f,0x001f,0x001f,0x001f,0x001f,0x001f,0x001f,0x001f,0x001f,0x001f,
		0x1a35,0x56a0,0x56a0,0x6da0,0xf800,0xf800,0xf001,0x001f,0x001f,0x001f,0x001f,0x001f,0x001f,0x003e,0x4507,0x56a0,
		0xab60,0xf800,0x3818,0x001f,0x001f,0x001f,0x001f,0x001f,0x001f,0x001f,0x001f,0x001f,0x33cd,0x56a0,0x56a0,0x56a0,
		0x56a0,0x56a0,0x56a0,0x9be0,0x3019,0x001f,0x001f,0x001f,0x001f,0x001f,0x001f,0x001f,0x001f,0x001f,0x6013,0x84a0,
		0x84c0,0xd940,0x7011,0x001f,0x001f,0x001f,0x001f,0x001f,0x001f,0x001f,0x001f,0x2a33,0x4dc4,0x56a0,0x56a0,0x56a0,
		0x56a0,0x56a0,0x56a0,0x56a0,0x56a0,0x4da4,0x005e,0x001f,0x001f,0x001f,0x001f,0x001f,0x001f,0x001f,0xb009,0xf800,
		0xa360,0x56a0,0x344b,0x001f,0x001f,0x001f,0x001f,0x001f,0x001f,0x001f,0x281a,0xf800,0xf800,0x900d,0x001f,0x001f,
		0x001f,0x001f,0x001f,0x001f,0x001f,0x001f,0x001f,0x001f,0x001f,0x001f,0x001f,0x001f,0x001f,0x001f,0x001f,0x001f,
		0x001f,0x001f,0x001f,0x001f,0x001f,0x001f,0xc007,0xf800,0xf800,0xf800,0xf800,0xf820,0x5e60,0x56a0,0x56a0,0x56a0,
		0x56a0,0x56a0,0x56a0,0x56a0,0x56a0,0x56a0,0x56a0,0x56a0,0x56a0,0x56a0,0x56a0,0x56a0,0x56a0,0x56a0,0x56a0,0x56a0,
		0x56a0,0x56a0,0x56a0,0x56a0,0x56a0,0x56a0,0x56a0,0x56a0,0x56a0,0x56a0,0x56a0,0x56a0,0x56a0,0x56a0,0x56a0,0x56a0,
		0x56a0,0x56a0,0x56a0,0x56a0,0x56a0,0x56a0,0x56a0,0x56a0,0x56a0,0x56a0,0x56a0,0x56a0,0x56a0,0x56a0,0x56a0,0x56a0,
		0x56a0,0x56a0,0x56a0,0x56a0,0x56a0,0x56a0,0x56a0,0x56a0,0x56a0,0x56a0,0x56a0,0x56a0,0x56a0,0x56a0,0x56a0,0x56a0,
		0x56a0,0x56a0,0x56a0,0x56a0,0x56a0,0x56a0,0x56a0,0x56a0,0x56a0,0x56a0,0x56a0,0x56a0,0x56a0,0x56a0,0x56a0,0x56a0,
		0x56a0,0x56a0,0x56a0,0x56a0,0x56a0,0x56a0,0x56a0,0x56a0,0x56a0,0x56a0,0x56a0,0x56a0,0x56a0,0x56a0,0x56a0,0x56a0,
		0x56a0,0x56a0,0x56a0,0x56a0,0x56a0,0x56a0,0x56a0,0x56a0,0x56a0,0x56a0,0x56a0,0x56a0,0x56a0,0x56a0,0x56a0,0x56a0,
		0x56a0,0x56a0,0x56a0,0x56a0,0x56a0,0x56a0,0x56a0,0x56a0,0x56a0,0x56a0,0x56a0,0x56a0,0x56a0,0x56a0,0x56a0,0x56a0,
		0x56a0,0x56a0,0x56a0,0x56a0,0x56a0,0x56a0,0x56a0,0x56a0,0x56a0,0x56a0,0x56a0,0x56a0,0x56a0,0x56a0,0x56a0,0x56a0,
		0x56a0,0x56a0,0x56a0,0x56a0,0x56a0,0x56a0,0x56a0,0x56a0,0xf080,0xf800,0xf800,0xf800,0xf800,0xf800,0x4017,0x001f,
		0x001f,0x001f,0x001f,0x001f,0x001f,0x001f,0x001f,0x001f,0x001f,0x001f,0x001f,0x001f,0x001f,0x001f,0x001f,0x001f,
		0x001f,0x001f,0x001f,0x001f,0x001f,0x001f,0x001f,0x001f,0x001f,0x001f,0x001f,0x001f,0x001f,0x001f,0x001f,0x001f,
		0x1a74,0x56a0,0x56a0,0x5e60,0xf800,0xf800,0xc806,0x001f,0x001f,0x001f,0x001f,0x001f,0x001f,0x342b,0x56a0,0x56a0,
		0x9bc0,0xf800,0x7810,0x001f,0x001f,0x001f,0x001f,0x001f,0x001f,0x001f,0x001f,0x001f,0x1a55,0x56a0,0x56a0,0x56a0,
		0x56a0,0x56a0,0x56a0,0x9be0,0x3019,0x001f,0x001f,0x001f,0x001f,0x001f,0x001f,0x001f,0x001f,0x001f,0x181c,0xc806,
		0x980c,0x201b,0x001f,0x001f,0x001f,0x001f,0x001f,0x001f,0x001f,0x201b,0x5c07,0x56a0,0x56a0,0x56a0,0x56a0,0x56a0,
		0x56a0,0x56a0,0x56a0,0x56a0,0x56a0,0x11b7,0x001f,0x001f,0x001f,0x001f,0x001f,0x001f,0x001f,0x3019,0xf800,0xf800,
		0x9400,0x56a0,0x5680,0x003f,0x001f,0x001f,0x001f,0x001f,0x001f,0x001f,0x001f,0xb009,0xf800,0xf800,0x900d,0x085d,
		0x001f,0x001f,0x001f,0x001f,0x001f,0x001f,0x001f,0x001f,0x001f,0x001f,0x001f,0x001f,0x001f,0x001f,0x001f,0x001f,
		0x001f,0x001f,0x001f,0x001f,0x001f,0x001f,0xe003,0xf800,0xf800,0xf800,0xf800,0xd980,0x56a0,0x56a0,0x56a0,0x56a0,
		0x56a0,0x56a0,0x56a0,0x56a0,0x56a0,0x56a0,0x56a0,0x56a0,0x56a0,0x56a0,0x56a0,0x56a0,0x56a0,0x56a0,0x56a0,0x56a0,
		0x56a0,0x56a0,0x56a0,0x56a0,0x56a0,0x56a0,0x56a0,0x56a0,0x56a0,0x56a0,0x56a0,0x56a0,0x56a0,0x56a0,0x56a0,0x56a0,
		0x56a0,0x56a0,0x56a0,0x56a0,0x56a0,0x56a0,0x56a0,0x56a0,0x56a0,0x56a0,0x56a0,0x56a0,0x56a0,0x56a0,0x56a0,0x56a0,
		0x56a0,0x56a0,0x56a0,0x56a0,0x56a0,0x56a0,0x56a0,0x56a0,0x56a0,0x56a0,0x56a0,0x56a0,0x56a0,0x56a0,0x56a0,0x56a0,
		0x56a0,0x56a0,0x56a0,0x56a0,0x56a0,0x56a0,0x56a0,0x56a0,0x56a0,0x56a0,0x56a0,0x56a0,0x56a0,0x56a0,0x56a0,0x56a0,
		0x56a0,0x56a0,0x56a0,0x56a0,0x56a0,0x56a0,0x56a0,0x56a0,0x56a0,0x56a0,0x56a0,0x56a0,0x56a0,0x56a0,0x56a0,0x56a0,
		0x56a0,0x56a0,0x56a0,0x56a0,0x56a0,0x56a0,0x56a0,0x56a0,0x56a0,0x56a0,0x56a0,0x56a0,0x56a0,0x56a0,0x56a0,0x56a0,
		0x56a0,0x56a0,0x56a0,0x56a0,0x56a0,0x56a0,0x56a0,0x56a0,0x56a0,0x56a0,0x56a0,0x56a0,0x56a0,0x56a0,0x56a0,0x56a0,
		0x56a0,0x56a0,0x56a0,0x56a0,0x56a0,0x56a0,0x56a0,0x56a0,0x56a0,0x56a0,0x56a0,0x56a0,0x56a0,0x56a0,0x56a0,0x56a0,
		0x56a0,0x56a0,0x56a0,0x56a0,0x56a0,0x56a0,0x56a0,0x56a0,0xf060,0xf800,0xf800,0xf800,0xf800,0xf800,0x3818,0x001f,
		0x001f,0x001f,0x001f,0x001f,0x001f,0x001f,0x001f,0x001f,0x001f,0x001f,0x001f,0x001f,0x001f,0x001f,0x001f,0x001f,
		0x001f,0x001f,0x001f,0x001f,0x001f,0x001f,0x001f,0x001f,0x001f,0x001f,0x001f,0x001f,0x001f,0x001f,0x001f,0x001f,
		0x1a35,0x56a0,0x56a0,0x56a0,0xc260,0xf800,0xe802,0x081e,0x001f,0x001f,0x001f,0x001f,0x2b8e,0x56a0,0x56a0,0x56a0,
		0x9420,0xf800,0x900d,0x001f,0x001f,0x001f,0x001f,0x001f,0x001f,0x001f,0x001f,0x001f,0x11d7,0x56a0,0x56a0,0x56a0,
		0x56a0,0x56a0,0x56a0,0x9be0,0x3019,0x001f,0x001f,0x001f,0x001f,0x001f,0x001f,0x001f,0x001f,0x001f,0x001f,0x001f,
		0x001f,0x001f,0x001f,0x001f,0x001f,0x001f,0x001f,0x001f,0x081e,0xe023,0x5e40,0x56a0,0x56a0,0x56a0,0x56a0,0x56a0,
		0x56a0,0x56a0,0x56a0,0x56a0,0x4507,0x001f,0x001f,0x001f,0x001f,0x001f,0x001f,0x001f,0x001f,0x4816,0xf800,0xf800,
		0xb300,0x56a0,0x5680,0x007e,0x001f,0x001f,0x001f,0x001f,0x001f,0x001f,0x001f,0x4816,0xf800,0xf800,0xf800,0xaa43,
		0x005e,0x001f,0x001f,0x001f,0x001f,0x001f,0x001f,0x001f,0x001f,0x001f,0x001f,0x001f,0x001f,0x001f,0x001f,0x001f,
		0x001f,0x001f,0x001f,0x001f,0x001f,0x3019,0xf800,0xf800,0xf800,0xf800,0xf800,0xa3a0,0x56a0,0x56a0,0x56a0,0x56a0,
		0x56a0,0x56a0,0x56a0,0x56a0,0x56a0,0x56a0,0x56a0,0x56a0,0x56a0,0x56a0,0x56a0,0x56a0,0x56a0,0x56a0,0x56a0,0x56a0,
		0x56a0,0x56a0,0x56a0,0x56a0,0x56a0,0x56a0,0x56a0,0x56a0,0x56a0,0x56a0,0x56a0,0x56a0,0x56a0,0x56a0,0x56a0,0x56a0,
		0x56a0,0x56a0,0x56a0,0x56a0,0x56a0,0x56a0,0x56a0,0x56a0,0x56a0,0x56a0,0x56a0,0x56a0,0x56a0,0x56a0,0x56a0,0x56a0,
		0x56a0,0x56a0,0x56a0,0x56a0,0x56a0,0x56a0,0x56a0,0x56a0,0x56a0,0x56a0,0x56a0,0x56a0,0x56a0,0x56a0,0x56a0,0x56a0,
		0x56a0,0x56a0,0x56a0,0x56a0,0x56a0,0x56a0,0x56a0,0x56a0,0x56a0,0x56a0,0x56a0,0x56a0,0x56a0,0x56a0,0x56a0,0x56a0,
		0x56a0,0x56a0,0x56a0,0x56a0,0x56a0,0x56a0,0x56a0,0x56a0,0x56a0,0x56a0,0x56a0,0x56a0,0x56a0,0x56a0,0x56a0,0x56a0,
		0x56a0,0x56a0,0x56a0,0x56a0,0x56a0,0x56a0,0x56a0,0x56a0,0x56a0,0x56a0,0x56a0,0x56a0,0x56a0,0x56a0,0x56a0,0x56a0,
		0x56a0,0x56a0,0x56a0,0x56a0,0x56a0,0x56a0,0x56a0,0x56a0,0x56a0,0x56a0,0x56a0,0x56a0,0x56a0,0x56a0,0x56a0,0x56a0,
		0x56a0,0x56a0,0x56a0,0x56a0,0x56a0,0x56a0,0x56a0,0x56a0,0x56a0,0x56a0,0x56a0,0x56a0,0x56a0,0x56a0,0x56a0,0x56a0,
		0x56a0,0x56a0,0x56a0,0x56a0,0x56a0,0x56a0,0x56a0,0x56a0,0xf040,0xf800,0xf800,0xf800,0xf800,0xf800,0x3019,0x001f,
		0x001f,0x001f,0x001f,0x001f,0x201b,0x281a,0x001f,0x001f,0x001f,0x001f,0x001f,0x001f,0x001f,0x001f,0x001f,0x001f,
		0x001f,0x001f,0x001f,0x001f,0x001f,0x001f,0x001f,0x001f,0x001f,0x001f,0x001f,0x001f,0x001f,0x001f,0x001f,0x001f,
		0x1a16,0x56a0,0x56a0,0x56a0,0x5e40,0xba80,0xe8c0,0x9928,0x10fa,0x007e,0x11b8,0x3cc8,0x56a0,0x56a0,0x56a0,0x56a0,
		0x8c60,0xf800,0xa00b,0x001f,0x001f,0x001f,0x001f,0x001f,0x001f,0x001f,0x001f,0x001f,0x1159,0x56a0,0x56a0,0x56a0,
		0x56a0,0x56a0,0x56a0,0x9bc0,0x281a,0x001f,0x001f,0x001f,0x001f,0x001f,0x001f,0x001f,0x001f,0x001f,0x001f,0x001f,
		0x001f,0x001f,0x001f,0x001f,0x001f,0x001f,0x001f,0x001f,0x001f,0xc007,0x9c00,0x56a0,0x56a0,0x56a0,0x56a0,0x56a0,
		0x56a0,0x56a0,0x56a0,0x56a0,0x1a74,0x001f,0x001f,0x001f,0x001f,0x001f,0x001f,0x001f,0x001f,0x001f,0x6812,0x880e,
		0x800e,0x70cf,0x38b6,0x001f,0x001f,0x001f,0x001f,0x001f,0x001f,0x001f,0x001f,0x181c,0xf800,0xf800,0xf800,0xd1c0,
		0x1179,0x001f,0x001f,0x001f,0x001f,0x001f,0x001f,0x001f,0x001f,0x001f,0x081e,0x800f,0x281a,0x001f,0x001f,0x001f,
		0x001f,0x001f,0x001f,0x001f,0x001f,0xb009,0xf800,0xf800,0xf800,0xf800,0xf060,0x5e40,0x56a0,0x56a0,0x56a0,0x56a0,
		0x56a0,0x56a0,0x56a0,0x56a0,0x56a0,0x56a0,0x56a0,0x56a0,0x56a0,0x56a0,0x56a0,0x56a0,0x56a0,0x56a0,0x56a0,0x56a0,
		0x56a0,0x56a0,0x56a0,0x56a0,0x56a0,0x56a0,0x56a0,0x56a0,0x56a0,0x56a0,0x56a0,0x56a0,0x56a0,0x56a0,0x56a0,0x56a0,
		0x56a0,0x56a0,0x56a0,0x56a0,0x56a0,0x56a0,0x56a0,0x56a0,0x56a0,0x56a0,0x56a0,0x56a0,0x56a0,0x56a0,0x56a0,0x56a0,
		0x56a0,0x56a0,0x56a0,0x56a0,0x56a0,0x56a0,0x56a0,0x56a0,0x56a0,0x56a0,0x56a0,0x56a0,0x56a0,0x56a0,0x56a0,0x56a0,
		0x56a0,0x56a0,0x56a0,0x56a0,0x56a0,0x56a0,0x56a0,0x56a0,0x56a0,0x56a0,0x56a0,0x56a0,0x56a0,0x56a0,0x56a0,0x56a0,
		0x56a0,0x56a0,0x56a0,0x56a0,0x56a0,0x56a0,0x56a0,0x56a0,0x56a0,0x56a0,0x56a0,0x56a0,0x56a0,0x56a0,0x56a0,0x56a0,
		0x56a0,0x56a0,0x56a0,0x56a0,0x56a0,0x56a0,0x56a0,0x56a0,0x56a0,0x56a0,0x56a0,0x56a0,0x56a0,0x56a0,0x56a0,0x56a0,
		0x56a0,0x56a0,0x56a0,0x56a0,0x56a0,0x56a0,0x56a0,0x56a0,0x56a0,0x56a0,0x56a0,0x56a0,0x56a0,0x56a0,0x56a0,0x56a0,
		0x56a0,0x56a0,0x56a0,0x56a0,0x56a0,0x56a0,0x56a0,0x56a0,0x56a0,0x56a0,0x56a0,0x56a0,0x56a0,0x56a0,0x56a0,0x56a0,
		0x56a0,0x56a0,0x56a0,0x56a0,0x56a0,0x56a0,0x56a0,0x56a0,0xf820,0xf800,0xf800,0xf800,0xf800,0xf800,0x207a,0x001f,
		0x001f,0x001f,0x001f,0x001f,0xb009,0xe802,0x101d,0x001f,0x001f,0x001f,0x001f,0x001f,0x001f,0x001f,0x001f,0x001f,
		0x001f,0x001f,0x001f,0x001f,0x5814,0xa00b,0x001f,0x001f,0x001f,0x001f,0x001f,0x001f,0x001f,0x001f,0x001f,0x001f,
		0x19f6,0x56a0,0x56a0,0x56a0,0x56a0,0x56a0,0x56a0,0x56a0,0x56a0,0x56a0,0x56a0,0x56a0,0x56a0,0x56a0,0x56a0,0x56a0,
		0x9be0,0xf800,0x880e,0x001f,0x001f,0x001f,0x001f,0x001f,0x001f,0x001f,0x001f,0x001f,0x1159,0x56a0,0x56a0,0x56a0,
		0x56a0,0x56a0,0x56a0,0x9bc0,0x281a,0x001f,0x001f,0x001f,0x001f,0x001f,0x001f,0x001f,0x001f,0x001f,0x001f,0x001f,
		0x001f,0x001f,0x001f,0x001f,0x001f,0x001f,0x001f,0x001f,0x001f,0x281a,0xe0c1,0x5e80,0x56a0,0x56a0,0x56a0,0x56a0,
		0x56a0,0x56a0,0x56a0,0x5680,0x089d,0x001f,0x001f,0x001f,0x001f,0x001f,0x001f,0x001f,0x001f,0x001f,0x001f,0x001f,
		0x001f,0x001f,0x001f,0x001f,0x001f,0x001f,0x001f,0x001f,0x001f,0x001f,0x001f,0x001f,0xf800,0xf800,0xf800,0xe120,
		0x1198,0x001f,0x001f,0x001f,0x001f,0x001f,0x001f,0x001f,0x001f,0x001f,0x4816,0xf800,0xf001,0x3818,0x001f,0x001f,
		0x001f,0x001f,0x001f,0x001f,0x880e,0xf800,0xf800,0xf800,0xf800,0xf800,0x9420,0x56a0,0x56a0,0x56a0,0x56a0,0x56a0,
		0x56a0,0x56a0,0x56a0,0x56a0,0x56a0,0x56a0,0x56a0,0x56a0,0x56a0,0x56a0,0x56a0,0x56a0,0x56a0,0x56a0,0x56a0,0x56a0,
		0x56a0,0x56a0,0x56a0,0x56a0,0x56a0,0x56a0,0x56a0,0x56a0,0x56a0,0x56a0,0x56a0,0x56a0,0x56a0,0x56a0,0x56a0,0x56a0,
		0x56a0,0x56a0,0x56a0,0x56a0,0x56a0,0x56a0,0x56a0,0x56a0,0x56a0,0x56a0,0x56a0,0x56a0,0x56a0,0x56a0,0x56a0,0x56a0,
		0x56a0,0x56a0,0x56a0,0x56a0,0x56a0,0x56a0,0x56a0,0x56a0,0x56a0,0x56a0,0x56a0,0x56a0,0x56a0,0x56a0,0x56a0,0x56a0,
		0x56a0,0x56a0,0x56a0,0x56a0,0x56a0,0x56a0,0x56a0,0x56a0,0x56a0,0x56a0,0x56a0,0x56a0,0x56a0,0x56a0,0x56a0,0x56a0,
		0x56a0,0x56a0,0x56a0,0x56a0,0x56a0,0x56a0,0x56a0,0x56a0,0x56a0,0x56a0,0x56a0,0x56a0,0x56a0,0x56a0,0x56a0,0x56a0,
		0x56a0,0x56a0,0x56a0,0x56a0,0x56a0,0x56a0,0x56a0,0x56a0,0x56a0,0x56a0,0x56a0,0x56a0,0x56a0,0x56a0,0x56a0,0x56a0,
		0x56a0,0x56a0,0x56a0,0x56a0,0x56a0,0x56a0,0x56a0,0x56a0,0x56a0,0x56a0,0x56a0,0x56a0,0x56a0,0x56a0,0x56a0,0x56a0,
		0x56a0,0x56a0,0x56a0,0x56a0,0x56a0,0x56a0,0x56a0,0x56a0,0x56a0,0x56a0,0x56a0,0x56a0,0x56a0,0x56a0,0x56a0,0x56a0,
		0x56a0,0x56a0,0x56a0,0x56a0,0x56a0,0x56a0,0x56a0,0x5680,0xf800,0xf800,0xf800,0xf800,0xf800,0xf800,0x107b,0x001f,
		0x001f,0x001f,0x001f,0x001f,0xd005,0xf800,0x880e,0x001f,0x001f,0x001f,0x001f,0x001f,0x001f,0x001f,0x001f,0x001f,
		0x001f,0x001f,0x001f,0x281a,0xf800,0xf800,0x181c,0x001f,0x001f,0x001f,0x001f,0x001f,0x001f,0x001f,0x001f,0x001f,
		0x11b7,0x56a0,0x56a0,0x56a0,0x56a0,0x56a0,0x56a0,0x56a0,0x56a0,0x56a0,0x56a0,0x5641,0x44c7,0x330f,0x3252,0x31b4,
		0x4056,0x3818,0x001f,0x001f,0x001f,0x001f,0x001f,0x001f,0x001f,0x001f,0x001f,0x001f,0x1179,0x56a0,0x56a0,0x56a0,
		0x56a0,0x56a0,0x56a0,0xa3a0,0x201b,0x001f,0x001f,0x001f,0x001f,0x001f,0x001f,0x001f,0x001f,0x001f,0x001f,0x001f,
		0x001f,0x001f,0x001f,0x001f,0x001f,0x001f,0x001f,0x001f,0x001f,0x001f,0x7011,0x9be0,0x56a0,0x56a0,0x56a0,0x56a0,
		0x56a0,0x56a0,0x56a0,0x4dc3,0x001f,0x001f,0x001f,0x001f,0x001f,0x001f,0x001f,0x001f,0x001f,0x001f,0x001f,0x001f,
		0x001f,0x001f,0x001f,0x001f,0x001f,0x001f,0x001f,0x001f,0x001f,0x001f,0x001f,0x181c,0xf800,0xf800,0xf800,0xd980,
		0x1179,0x001f,0x001f,0x001f,0x001f,0x001f,0x001f,0x001f,0x001f,0x001f,0x5814,0xf800,0xf800,0xf800,0x800f,0x105c,
		0x001f,0x003e,0x19b7,0xa0e8,0xf800,0xf800,0xf800,0xf800,0xf800,0xab40,0x56a0,0x56a0,0x56a0,0x56a0,0x56a0,0x56a0,
		0x56a0,0x56a0,0x56a0,0x56a0,0x56a0,0x56a0,0x56a0,0x56a0,0x56a0,0x56a0,0x56a0,0x56a0,0x56a0,0x56a0,0x56a0,0x56a0,
		0x56a0,0x56a0,0x56a0,0x56a0,0x56a0,0x56a0,0x56a0,0x56a0,0x56a0,0x56a0,0x56a0,0x56a0,0x56a0,0x56a0,0x56a0,0x56a0,
		0x56a0,0x56a0,0x56a0,0x56a0,0x56a0,0x56a0,0x56a0,0x56a0,0x56a0,0x56a0,0x56a0,0x56a0,0x56a0,0x56a0,0x56a0,0x56a0,
		0x56a0,0x56a0,0x56a0,0x56a0,0x56a0,0x56a0,0x56a0,0x56a0,0x56a0,0x56a0,0x56a0,0x56a0,0x56a0,0x56a0,0x56a0,0x56a0,
		0x56a0,0x56a0,0x56a0,0x56a0,0x56a0,0x56a0,0x56a0,0x56a0,0x56a0,0x56a0,0x56a0,0x56a0,0x56a0,0x56a0,0x56a0,0x56a0,
		0x56a0,0x56a0,0x56a0,0x56a0,0x56a0,0x56a0,0x56a0,0x56a0,0x56a0,0x56a0,0x56a0,0x56a0,0x56a0,0x56a0,0x56a0,0x56a0,
		0x56a0,0x56a0,0x56a0,0x56a0,0x56a0,0x56a0,0x56a0,0x56a0,0x56a0,0x56a0,0x56a0,0x56a0,0x56a0,0x56a0,0x56a0,0x56a0,
		0x56a0,0x56a0,0x56a0,0x56a0,0x56a0,0x56a0,0x56a0,0x56a0,0x56a0,0x56a0,0x56a0,0x56a0,0x56a0,0x56a0,0x56a0,0x56a0,
		0x56a0,0x56a0,0x56a0,0x56a0,0x56a0,0x56a0,0x56a0,0x56a0,0x56a0,0x56a0,0x56a0,0x56a0,0x56a0,0x56a0,0x56a0,0x56a0,
		0x56a0,0x56a0,0x56a0,0x56a0,0x56a0,0x56a0,0x56a0,0x5e40,0xf800,0xf800,0xf800,0xf800,0xf800,0xf800,0x085d,0x001f,
		0x001f,0x001f,0x001f,0x001f,0xd804,0xf800,0xe802,0x081e,0x001f,0x001f,0x001f,0x001f,0x001f,0x001f,0x001f,0x001f,
		0x001f,0x001f,0x001f,0xa00b,0xf800,0xf800,0x281a,0x001f,0x001f,0x001f,0x001f,0x001f,0x001f,0x001f,0x001f,0x001f,
		0x1198,0x56a0,0x56a0,0x56a0,0x56a0,0x56a0,0x56a0,0x56a0,0x6600,0x7ae6,0x48b4,0x001f,0x001f,0x001f,0x001f,0x001f,
		0x001f,0x001f,0x001f,0x001f,0x001f,0x001f,0x001f,0x001f,0x001f,0x001f,0x001f,0x001f,0x1198,0x56a0,0x56a0,0x56a0,
		0x56a0,0x56a0,0x56a0,0xa380,0x181c,0x001f,0x001f,0x001f,0x001f,0x001f,0x001f,0x001f,0x001f,0x001f,0x001f,0x001f,
		0x001f,0x001f,0x001f,0x001f,0x001f,0x001f,0x001f,0x001f,0x001f,0x001f,0x001f,0xa089,0x5e60,0x56a0,0x56a0,0x56a0,
		0x56a0,0x56a0,0x56a0,0x4546,0x001f,0x001f,0x001f,0x001f,0x001f,0x001f,0x001f,0x001f,0x001f,0x001f,0x001f,0x001f,
		0x001f,0x001f,0x001f,0x001f,0x001f,0x001f,0x001f,0x001f,0x001f,0x001f,0x001f,0x6812,0xf800,0xf800,0xf800,0xc220,
		0x1159,0x001f,0x001f,0x001f,0x001f,0x001f,0x001f,0x001f,0x001f,0x001f,0x6812,0xf800,0xf800,0xf800,0xf800,0xb300,
		0x5680,0x56a0,0x56a0,0x5e40,0xb300,0xd940,0xe100,0xc220,0x7d00,0x56a0,0x56a0,0x56a0,0x56a0,0x56a0,0x56a0,0x56a0,
		0x56a0,0x56a0,0x56a0,0x56a0,0x56a0,0x56a0,0x56a0,0x56a0,0x56a0,0x56a0,0x56a0,0x56a0,0x56a0,0x56a0,0x56a0,0x56a0,
		0x56a0,0x56a0,0x56a0,0x56a0,0x56a0,0x56a0,0x56a0,0x56a0,0x56a0,0x56a0,0x56a0,0x56a0,0x56a0,0x56a0,0x56a0,0x56a0,
		0x56a0,0x56a0,0x56a0,0x56a0,0x56a0,0x56a0,0x56a0,0x56a0,0x56a0,0x56a0,0x56a0,0x56a0,0x56a0,0x56a0,0x56a0,0x56a0,
		0x56a0,0x56a0,0x56a0,0x56a0,0x56a0,0x56a0,0x56a0,0x56a0,0x56a0,0x56a0,0x56a0,0x56a0,0x56a0,0x56a0,0x56a0,0x56a0,
		0x56a0,0x56a0,0x56a0,0x56a0,0x56a0,0x56a0,0x56a0,0x56a0,0x56a0,0x56a0,0x56a0,0x56a0,0x56a0,0x56a0,0x56a0,0x56a0,
		0x56a0,0x56a0,0x56a0,0x56a0,0x56a0,0x56a0,0x56a0,0x56a0,0x56a0,0x56a0,0x56a0,0x56a0,0x56a0,0x56a0,0x56a0,0x56a0,
		0x56a0,0x56a0,0x56a0,0x56a0,0x56a0,0x56a0,0x56a0,0x56a0,0x56a0,0x56a0,0x56a0,0x56a0,0x56a0,0x56a0,0x56a0,0x56a0,
		0x56a0,0x56a0,0x56a0,0x56a0,0x56a0,0x56a0,0x56a0,0x56a0,0x56a0,0x56a0,0x56a0,0x56a0,0x56a0,0x56a0,0x56a0,0x56a0,
		0x56a0,0x56a0,0x56a0,0x56a0,0x56a0,0x56a0,0x56a0,0x56a0,0x56a0,0x56a0,0x56a0,0x56a0,0x56a0,0x56a0,0x56a0,0x56a0,
		0x56a0,0x56a0,0x56a0,0x56a0,0x56a0,0x56a0,0x56a0,0x6600,0xf800,0xf800,0xf800,0xf800,0xf800,0xf800,0x001f,0x001f,
		0x001f,0x001f,0x001f,0x001f,0xe003,0xf800,0xf800,0x6812,0x001f,0x001f,0x001f,0x001f,0x001f,0x001f,0x001f,0x001f,
		0x001f,0x001f,0x281a,0xf800,0xf800,0xf800,0x3818,0x001f,0x001f,0x001f,0x001f,0x001f,0x001f,0x001f,0x001f,0x001f,
		0x093a,0x56a0,0x56a0,0x56a0,0x56a0,0x56a0,0x5e40,0xaae1,0x6013,0x001f,0x001f,0x001f,0x001f,0x001f,0x001f,0x001f,
		0x001f,0x001f,0x001f,0x001f,0x001f,0x001f,0x001f,0x001f,0x001f,0x001f,0x001f,0x001f,0x1178,0x56a0,0x56a0,0x56a0,
		0x56a0,0x56a0,0x56a0,0xa360,0x181c,0x001f,0x001f,0x001f,0x001f,0x001f,0x001f,0x001f,0x001f,0x001f,0x001f,0x001f,
		0x001f,0x001f,0x001f,0x001f,0x001f,0x001f,0x001f,0x001f,0x001f,0x001f,0x001f,0x101d,0x92e4,0x56a0,0x56a0,0x56a0,
		0x56a0,0x56a0,0x56a0,0x4507,0x001f,0x001f,0x001f,0x001f,0x001f,0x001f,0x001f,0x001f,0x001f,0x001f,0x001f,0x001f,
		0x001f,0x001f,0x001f,0x001f,0x001f,0x001f,0x001f,0x001f,0x001f,0x001f,0x4816,0xe802,0xf800,0xf800,0xf800,0x9c00,
		0x093a,0x001f,0x001f,0x001f,0x001f,0x001f,0x001f,0x001f,0x001f,0x001f,0x7011,0xf800,0xf800,0xf800,0xf800,0xab20,
		0x56a0,0x56a0,0x56a0,0x56a0,0x56a0,0x56a0,0x56a0,0x56a0,0x56a0,0x56a0,0x56a0,0x56a0,0x56a0,0x56a0,0x56a0,0x56a0,
		0x56a0,0x56a0,0x56a0,0x56a0,0x56a0,0x56a0,0x56a0,0x56a0,0x56a0,0x56a0,0x56a0,0x56a0,0x56a0,0x56a0,0x56a0,0x56a0,
		0x56a0,0x56a0,0x56a0,0x56a0,0x56a0,0x56a0,0x56a0,0x56a0,0x56a0,0x56a0,0x56a0,0x56a0,0x56a0,0x56a0,0x56a0,0x56a0,
		0x56a0,0x56a0,0x56a0,0x56a0,0x56a0,0x56a0,0x56a0,0x56a0,0x56a0,0x56a0,0x56a0,0x56a0,0x56a0,0x56a0,0x56a0,0x56a0,
		0x56a0,0x56a0,0x56a0,0x56a0,0x56a0,0x56a0,0x56a0,0x56a0,0x56a0,0x56a0,0x56a0,0x56a0,0x56a0,0x56a0,0x56a0,0x56a0,
		0x56a0,0x56a0,0x56a0,0x56a0,0x56a0,0x56a0,0x56a0,0x56a0,0x56a0,0x56a0,0x56a0,0x56a0,0x56a0,0x56a0,0x56a0,0x56a0,
		0x56a0,0x56a0,0x56a0,0x56a0,0x56a0,0x56a0,0x56a0,0x56a0,0x56a0,0x56a0,0x56a0,0x56a0,0x56a0,0x56a0,0x56a0,0x56a0,
		0x56a0,0x56a0,0x56a0,0x56a0,0x56a0,0x56a0,0x56a0,0x56a0,0x56a0,0x56a0,0x56a0,0x56a0,0x56a0,0x56a0,0x56a0,0x56a0,
		0x56a0,0x56a0,0x56a0,0x56a0,0x56a0,0x56a0,0x56a0,0x56a0,0x56a0,0x56a0,0x56a0,0x56a0,0x56a0,0x56a0,0x56a0,0x56a0,
		0x56a0,0x56a0,0x56a0,0x56a0,0x56a0,0x56a0,0x56a0,0x56a0,0x56a0,0x56a0,0x56a0,0x56a0,0x56a0,0x56a0,0x56a0,0x56a0,
		0x56a0,0x56a0,0x56a0,0x56a0,0x56a0,0x56a0,0x56a0,0x6da0,0xf800,0xf800,0xf800,0xf800,0xf800,0xf001,0x001f,0x001f,
		0x001f,0x001f,0x001f,0x001f,0xe802,0xf800,0xf800,0xd804,0x001f,0x001f,0x001f,0x001f,0x001f,0x001f,0x001f,0x001f,
		0x001f,0x001f,0xa80a,0xf800,0xf800,0xf800,0x3019,0x001f,0x001f,0x001f,0x001f,0x001f,0x001f,0x001f,0x001f,0x001f,
		0x009d,0x56a0,0x56a0,0x56a0,0x56a0,0x7580,0xd8e1,0x3019,0x001f,0x001f,0x001f,0x001f,0x001f,0x001f,0x001f,0x001f,
		0x101d,0x4017,0x081e,0x001f,0x001f,0x001f,0x001f,0x001f,0x001f,0x001f,0x001f,0x001f,0x093a,0x56a0,0x56a0,0x56a0,
		0x56a0,0x56a0,0x56a0,0xab40,0x101d,0x001f,0x001f,0x001f,0x001f,0x001f,0x001f,0x001f,0x001f,0x001f,0x001f,0x001f,
		0x001f,0x001f,0x001f,0x001f,0x001f,0x001f,0x001f,0x001f,0x001f,0x001f,0x001f,0x001f,0x3019,0x65a1,0x56a0,0x56a0,
		0x56a0,0x56a0,0x56a0,0x4566,0x001f,0x001f,0x001f,0x001f,0x001f,0x001f,0x001f,0x001f,0x001f,0x101d,0xf001,0xf800,
		0xf800,0xf800,0xf800,0xf800,0xf800,0xf800,0xf800,0xf800,0xf800,0xf800,0xf800,0xf800,0xf800,0xf800,0xe8c0,0x6620,
		0x091b,0x001f,0x001f,0x001f,0x001f,0x001f,0x001f,0x001f,0x001f,0x001f,0x7011,0xf800,0xf800,0xf800,0xf800,0xab40,
		0x56a0,0x56a0,0x56a0,0x56a0,0x56a0,0x56a0,0x56a0,0x56a0,0x56a0,0x56a0,0x56a0,0x56a0,0x56a0,0x56a0,0x56a0,0x56a0,
		0x56a0,0x56a0,0x56a0,0x56a0,0x56a0,0x56a0,0x56a0,0x56a0,0x56a0,0x56a0,0x56a0,0x56a0,0x56a0,0x56a0,0x56a0,0x56a0,
		0x56a0,0x56a0,0x56a0,0x56a0,0x56a0,0x56a0,0x56a0,0x56a0,0x56a0,0x56a0,0x56a0,0x56a0,0x56a0,0x56a0,0x56a0,0x56a0,
		0x56a0,0x56a0,0x56a0,0x56a0,0x56a0,0x56a0,0x56a0,0x56a0,0x56a0,0x56a0,0x56a0,0x56a0,0x56a0,0x56a0,0x56a0,0x56a0,
		0x56a0,0x56a0,0x56a0,0x56a0,0x56a0,0x56a0,0x56a0,0x56a0,0x56a0,0x56a0,0x56a0,0x56a0,0x56a0,0x56a0,0x56a0,0x56a0,
		0x56a0,0x56a0,0x56a0,0x56a0,0x56a0,0x56a0,0x56a0,0x56a0,0x56a0,0x56a0,0x56a0,0x56a0,0x56a0,0x56a0,0x56a0,0x56a0,
		0x56a0,0x56a0,0x56a0,0x56a0,0x56a0,0x56a0,0x56a0,0x56a0,0x56a0,0x56a0,0x56a0,0x56a0,0x56a0,0x56a0,0x56a0,0x56a0,
		0x56a0,0x56a0,0x56a0,0x56a0,0x56a0,0x56a0,0x56a0,0x56a0,0x56a0,0x56a0,0x56a0,0x56a0,0x56a0,0x56a0,0x56a0,0x56a0,
		0x56a0,0x56a0,0x56a0,0x56a0,0x56a0,0x56a0,0x56a0,0x56a0,0x56a0,0x56a0,0x56a0,0x56a0,0x56a0,0x56a0,0x56a0,0x56a0,
		0x56a0,0x56a0,0x56a0,0x56a0,0x56a0,0x56a0,0x56a0,0x56a0,0x56a0,0x56a0,0x56a0,0x56a0,0x56a0,0x56a0,0x56a0,0x56a0,
		0x56a0,0x56a0,0x56a0,0x56a0,0x56a0,0x56a0,0x56a0,0x7560,0xf800,0xf800,0xf800,0xf800,0xf800,0xd804,0x001f,0x001f,
		0x001f,0x001f,0x001f,0x001f,0xf001,0xf800,0xf800,0xf800,0x5015,0x001f,0x001f,0x001f,0x001f,0x001f,0x001f,0x001f,
		0x001f,0x08fb,0xf800,0xf800,0xf800,0xf800,0x3019,0x001f,0x001f,0x001f,0x001f,0x001f,0x001f,0x001f,0x001f,0x001f,
		0x001f,0x5680,0x56a0,0x56a0,0x6da0,0xf080,0x4816,0x001f,0x001f,0x001f,0x001f,0x001f,0x001f,0x001f,0x001f,0x4017,
		0xf001,0xf800,0x980c,0x001f,0x001f,0x001f,0x001f,0x001f,0x001f,0x001f,0x001f,0x001f,0x08fb,0x56a0,0x56a0,0x56a0,
		0x56a0,0x56a0,0x56a0,0xab20,0x001f,0x001f,0x001f,0x001f,0x001f,0x001f,0x001f,0x001f,0x001f,0x001f,0x001f,0x181c,
		0x001f,0x001f,0x001f,0x001f,0x001f,0x001f,0x001f,0x001f,0x001f,0x001f,0x001f,0x001f,0x001f,0x48d3,0x56a0,0x56a0,
		0x56a0,0x56a0,0x56a0,0x5641,0x001f,0x001f,0x001f,0x001f,0x001f,0x001f,0x001f,0x001f,0x001f,0x001f,0xf001,0xf800,
		0xf040,0xc260,0xbaa0,0xbaa0,0xbaa0,0xbaa0,0xbaa0,0xbaa0,0xbaa0,0xbaa0,0xbaa0,0xbaa0,0xbaa0,0xbac0,0x7580,0x56a0,
		0x089d,0x001f,0x001f,0x001f,0x001f,0x001f,0x001f,0x001f,0x001f,0x001f,0x6812,0xf800,0xf800,0xf800,0xf800,0xab20,
		0x56a0,0x56a0,0x56a0,0x56a0,0x56a0,0x56a0,0x56a0,0x56a0,0x56a0,0x56a0,0x56a0,0x56a0,0x56a0,0x56a0,0x56a0,0x56a0,
		0x56a0,0x56a0,0x56a0,0x56a0,0x56a0,0x56a0,0x56a0,0x56a0,0x56a0,0x56a0,0x56a0,0x56a0,0x56a0,0x56a0,0x56a0,0x56a0,
		0x56a0,0x56a0,0x56a0,0x56a0,0x56a0,0x56a0,0x56a0,0x56a0,0x56a0,0x56a0,0x56a0,0x56a0,0x56a0,0x56a0,0x56a0,0x56a0,
		0x56a0,0x56a0,0x56a0,0x56a0,0x56a0,0x56a0,0x56a0,0x56a0,0x56a0,0x56a0,0x56a0,0x56a0,0x56a0,0x56a0,0x56a0,0x56a0,
		0x56a0,0x56a0,0x56a0,0x56a0,0x56a0,0x56a0,0x56a0,0x56a0,0x56a0,0x56a0,0x56a0,0x56a0,0x56a0,0x56a0,0x56a0,0x56a0,
		0x56a0,0x56a0,0x56a0,0x56a0,0x56a0,0x56a0,0x56a0,0x56a0,0x56a0,0x56a0,0x56a0,0x56a0,0x56a0,0x56a0,0x56a0,0x56a0,
		0x56a0,0x56a0,0x56a0,0x56a0,0x56a0,0x56a0,0x56a0,0x56a0,0x56a0,0x56a0,0x56a0,0x56a0,0x56a0,0x56a0,0x56a0,0x56a0,
		0x56a0,0x56a0,0x56a0,0x56a0,0x56a0,0x56a0,0x56a0,0x56a0,0x56a0,0x56a0,0x56a0,0x56a0,0x56a0,0x56a0,0x56a0,0x56a0,
		0x56a0,0x56a0,0x56a0,0x56a0,0x56a0,0x56a0,0x56a0,0x56a0,0x56a0,0x56a0,0x56a0,0x56a0,0x56a0,0x56a0,0x56a0,0x56a0,
		0x56a0,0x56a0,0x56a0,0x56a0,0x56a0,0x56a0,0x56a0,0x56a0,0x56a0,0x56a0,0x56a0,0x56a0,0x56a0,0x56a0,0x56a0,0x56a0,
		0x56a0,0x56a0,0x56a0,0x56a0,0x56a0,0x56a0,0x56a0,0x7d00,0xf800,0xf800,0xf800,0xf800,0xf800,0xc806,0x001f,0x001f,
		0x001f,0x001f,0x001f,0x001f,0xf800,0xf800,0xf800,0xf800,0xc007,0x001f,0x001f,0x001f,0x001f,0x001f,0x001f,0x001f,
		0x001f,0x33ad,0xf800,0xf800,0xf800,0xf800,0x201b,0x001f,0x001f,0x001f,0x001f,0x001f,0x001f,0x001f,0x001f,0x001f,
		0x001f,0x4e02,0x56a0,0x5e60,0xe100,0xc007,0x001f,0x001f,0x001f,0x001f,0x001f,0x001f,0x001f,0x001f,0x001f,0xa9a5,
		0xf820,0xf800,0xc806,0x001f,0x001f,0x001f,0x001f,0x001f,0x001f,0x001f,0x001f,0x001f,0x003e,0x5680,0x56a0,0x56a0,
		0x56a0,0x56a0,0x56a0,0x9ac3,0x001f,0x001f,0x001f,0x001f,0x001f,0x001f,0x001f,0x001f,0x001f,0x001f,0x001f,0xf800,
		0x4816,0x001f,0x001f,0x001f,0x001f,0x001f,0x001f,0x001f,0x001f,0x001f,0x001f,0x001f,0x001f,0x001f,0x4b0c,0x56a0,
		0x56a0,0x56a0,0x56a0,0x56a0,0x1159,0x001f,0x001f,0x001f,0x001f,0x001f,0x001f,0x001f,0x001f,0x001f,0x6812,0xf800,
		0xba80,0x56a0,0x56a0,0x56a0,0x56a0,0x56a0,0x56a0,0x56a0,0x5641,0x4de3,0x56a0,0x56a0,0x56a0,0x56a0,0x56a0,0x5680,
		0x001f,0x001f,0x001f,0x001f,0x001f,0x001f,0x001f,0x001f,0x001f,0x001f,0x6013,0xf800,0xf800,0xf800,0xf800,0xab20,
		0x56a0,0x56a0,0x56a0,0x56a0,0x56a0,0x56a0,0x56a0,0x56a0,0x56a0,0x56a0,0x56a0,0x56a0,0x56a0,0x56a0,0x56a0,0x56a0,
		0x56a0,0x56a0,0x56a0,0x56a0,0x56a0,0x56a0,0x56a0,0x56a0,0x56a0,0x56a0,0x56a0,0x56a0,0x56a0,0x56a0,0x56a0,0x56a0,
		0x56a0,0x56a0,0x56a0,0x56a0,0x56a0,0x56a0,0x56a0,0x56a0,0x56a0,0x56a0,0x56a0,0x56a0,0x56a0,0x56a0,0x56a0,0x56a0,
		0x56a0,0x56a0,0x56a0,0x56a0,0x56a0,0x56a0,0x56a0,0x56a0,0x56a0,0x56a0,0x56a0,0x56a0,0x56a0,0x56a0,0x56a0,0x56a0,
		0x56a0,0x56a0,0x56a0,0x56a0,0x56a0,0x56a0,0x56a0,0x56a0,0x56a0,0x56a0,0x56a0,0x56a0,0x56a0,0x56a0,0x56a0,0x56a0,
		0x56a0,0x56a0,0x56a0,0x56a0,0x56a0,0x56a0,0x56a0,0x56a0,0x56a0,0x56a0,0x56a0,0x56a0,0x56a0,0x56a0,0x56a0,0x56a0,
		0x56a0,0x56a0,0x56a0,0x56a0,0x56a0,0x56a0,0x56a0,0x56a0,0x56a0,0x56a0,0x56a0,0x56a0,0x56a0,0x56a0,0x56a0,0x56a0,
		0x56a0,0x56a0,0x56a0,0x56a0,0x56a0,0x56a0,0x56a0,0x56a0,0x56a0,0x56a0,0x56a0,0x56a0,0x56a0,0x56a0,0x56a0,0x56a0,
		0x56a0,0x56a0,0x56a0,0x56a0,0x56a0,0x56a0,0x56a0,0x56a0,0x56a0,0x56a0,0x56a0,0x56a0,0x56a0,0x56a0,0x56a0,0x56a0,
		0x56a0,0x56a0,0x56a0,0x56a0,0x56a0,0x56a0,0x56a0,0x56a0,0x56a0,0x56a0,0x56a0,0x56a0,0x56a0,0x56a0,0x56a0,0x56a0,
		0x56a0,0x56a0,0x56a0,0x56a0,0x56a0,0x56a0,0x56a0,0x84a0,0xf800,0xf800,0xf800,0xf800,0xf800,0xb808,0x001f,0x001f,
		0x001f,0x001f,0x001f,0x001f,0xf001,0xf800,0xf800,0xf800,0xf800,0x3019,0x001f,0x001f,0x001f,0x001f,0x001f,0x001f,
		0x009d,0x5e01,0xf800,0xf800,0xf800,0xf800,0x081e,0x001f,0x001f,0x001f,0x001f,0x001f,0x001f,0x001f,0x001f,0x001f,
		0x001f,0x4565,0x56a0,0xab40,0xf800,0x7011,0x001f,0x001f,0x001f,0x001f,0x001f,0x001f,0x001f,0x001f,0x003e,0x56a0,
		0xa380,0xf800,0xc007,0x001f,0x001f,0x001f,0x001f,0x001f,0x001f,0x001f,0x001f,0x001f,0x001f,0x4527,0x56a0,0x56a0,
		0x56a0,0x56a0,0x56a0,0x9226,0x001f,0x001f,0x001f,0x001f,0x001f,0x001f,0x001f,0x001f,0x001f,0x001f,0x101d,0xf800,
		0xe802,0x201b,0x001f,0x001f,0x001f,0x001f,0x001f,0x001f,0x001f,0x001f,0x001f,0x001f,0x001f,0x001f,0x001f,0x3ca9,
		0x56a0,0x56a0,0x56a0,0x56a0,0x2b6f,0x001f,0x001f,0x001f,0x001f,0x001f,0x001f,0x001f,0x001f,0x001f,0x001f,0x7810,
		0xc220,0x56a0,0x56a0,0x56a0,0x56a0,0x56a0,0x5680,0x33ec,0x009d,0x001f,0x3c6a,0x56a0,0x56a0,0x56a0,0x56a0,0x4e02,
		0x001f,0x001f,0x001f,0x001f,0x001f,0x001f,0x001f,0x001f,0x001f,0x001f,0x4816,0xf800,0xf800,0xf800,0xf800,0xb300,
		0x56a0,0x56a0,0x56a0,0x56a0,0x56a0,0x56a0,0x56a0,0x56a0,0x56a0,0x56a0,0x56a0,0x56a0,0x56a0,0x56a0,0x56a0,0x56a0,
		0x56a0,0x56a0,0x56a0,0x56a0,0x56a0,0x56a0,0x56a0,0x56a0,0x56a0,0x56a0,0x56a0,0x56a0,0x56a0,0x56a0,0x56a0,0x56a0,
		0x56a0,0x56a0,0x56a0,0x56a0,0x56a0,0x56a0,0x56a0,0x56a0,0x56a0,0x56a0,0x56a0,0x56a0,0x56a0,0x56a0,0x56a0,0x56a0,
		0x56a0,0x56a0,0x56a0,0x56a0,0x56a0,0x56a0,0x56a0,0x56a0,0x56a0,0x56a0,0x56a0,0x56a0,0x56a0,0x56a0,0x56a0,0x56a0,
		0x56a0,0x56a0,0x56a0,0x56a0,0x56a0,0x56a0,0x56a0,0x56a0,0x56a0,0x56a0,0x56a0,0x56a0,0x56a0,0x56a0,0x56a0,0x56a0,
		0x56a0,0x56a0,0x56a0,0x56a0,0x56a0,0x56a0,0x56a0,0x56a0,0x56a0,0x56a0,0x56a0,0x56a0,0x56a0,0x56a0,0x56a0,0x56a0,
		0x56a0,0x56a0,0x56a0,0x56a0,0x56a0,0x56a0,0x56a0,0x56a0,0x56a0,0x56a0,0x56a0,0x56a0,0x56a0,0x56a0,0x56a0,0x56a0,
		0x56a0,0x56a0,0x56a0,0x56a0,0x56a0,0x56a0,0x56a0,0x56a0,0x56a0,0x56a0,0x56a0,0x56a0,0x56a0,0x56a0,0x56a0,0x56a0,
		0x56a0,0x56a0,0x56a0,0x56a0,0x56a0,0x56a0,0x56a0,0x56a0,0x56a0,0x56a0,0x56a0,0x56a0,0x56a0,0x56a0,0x56a0,0x56a0,
		0x56a0,0x56a0,0x56a0,0x56a0,0x56a0,0x56a0,0x56a0,0x56a0,0x56a0,0x56a0,0x56a0,0x56a0,0x56a0,0x56a0,0x56a0,0x56a0,
		0x56a0,0x56a0,0x56a0,0x56a0,0x56a0,0x56a0,0x56a0,0x8c60,0xf800,0xf800,0xf800,0xf800,0xf800,0x900d,0x001f,0x001f,
		0x001f,0x001f,0x001f,0x001f,0xd804,0xf800,0xf800,0xf800,0xf800,0xa80a,0x001f,0x001f,0x001f,0x001f,0x001f,0x001f,
		0x2b30,0x6620,0xf800,0xf800,0xf800,0xe003,0x001f,0x001f,0x001f,0x001f,0x001f,0x001f,0x001f,0x001f,0x001f,0x001f,
		0x001f,0x3c6a,0x5e40,0xf060,0xf800,0x5015,0x001f,0x001f,0x001f,0x001f,0x001f,0x001f,0x001f,0x001f,0x001f,0x4e02,
		0x7d00,0xf800,0x980c,0x001f,0x001f,0x001f,0x001f,0x001f,0x001f,0x001f,0x001f,0x001f,0x001f,0x1159,0x3c8a,0x5680,
		0x56a0,0x56a0,0x56a0,0x8989,0x001f,0x001f,0x001f,0x001f,0x001f,0x001f,0x001f,0x001f,0x001f,0x001f,0x081e,0xa380,
		0xe120,0xd005,0x081e,0x001f,0x001f,0x001f,0x001f,0x001f,0x001f,0x001f,0x001f,0x001f,0x001f,0x001f,0x001f,0x003e,
		0x3ce8,0x56a0,0x56a0,0x56a0,0x4e02,0x005e,0x001f,0x001f,0x001f,0x001f,0x001f,0x001f,0x001f,0x001f,0x001f,0x001f,
		0x281a,0x33cd,0x4566,0x4585,0x3ca9,0x2b11,0x08bc,0x001f,0x001f,0x001f,0x08db,0x56a0,0x56a0,0x56a0,0x56a0,0x3c8a,
		0x001f,0x001f,0x001f,0x001f,0x001f,0x001f,0x001f,0x001f,0x001f,0x001f,0x101d,0xf001,0xf800,0xf800,0xf800,0xb2e0,
		0x56a0,0x56a0,0x56a0,0x56a0,0x56a0,0x56a0,0x56a0,0x56a0,0x56a0,0x56a0,0x56a0,0x56a0,0x56a0,0x56a0,0x56a0,0x56a0,
		0x56a0,0x56a0,0x56a0,0x56a0,0x56a0,0x56a0,0x56a0,0x56a0,0x56a0,0x56a0,0x56a0,0x56a0,0x56a0,0x56a0,0x56a0,0x56a0,
		0x56a0,0x56a0,0x56a0,0x56a0,0x56a0,0x56a0,0x56a0,0x56a0,0x56a0,0x56a0,0x56a0,0x56a0,0x56a0,0x56a0,0x56a0,0x56a0,
		0x56a0,0x56a0,0x56a0,0x56a0,0x56a0,0x56a0,0x56a0,0x56a0,0x56a0,0x56a0,0x56a0,0x56a0,0x56a0,0x56a0,0x56a0,0x56a0,
		0x56a0,0x56a0,0x56a0,0x56a0,0x56a0,0x56a0,0x56a0,0x56a0,0x56a0,0x56a0,0x56a0,0x56a0,0x56a0,0x56a0,0x56a0,0x56a0,
		0x56a0,0x56a0,0x56a0,0x56a0,0x56a0,0x56a0,0x56a0,0x56a0,0x56a0,0x56a0,0x56a0,0x56a0,0x56a0,0x56a0,0x56a0,0x56a0,
		0x56a0,0x56a0,0x56a0,0x56a0,0x56a0,0x56a0,0x56a0,0x56a0,0x56a0,0x56a0,0x56a0,0x56a0,0x56a0,0x56a0,0x56a0,0x56a0,
		0x56a0,0x56a0,0x56a0,0x56a0,0x56a0,0x56a0,0x56a0,0x56a0,0x56a0,0x56a0,0x56a0,0x56a0,0x56a0,0x56a0,0x56a0,0x56a0,
		0x56a0,0x56a0,0x56a0,0x56a0,0x56a0,0x56a0,0x56a0,0x56a0,0x56a0,0x56a0,0x56a0,0x56a0,0x56a0,0x56a0,0x56a0,0x56a0,
		0x56a0,0x56a0,0x56a0,0x56a0,0x56a0,0x56a0,0x56a0,0x56a0,0x56a0,0x56a0,0x56a0,0x56a0,0x56a0,0x56a0,0x56a0,0x56a0,
		0x56a0,0x56a0,0x56a0,0x56a0,0x56a0,0x56a0,0x56a0,0x9400,0xf800,0xf800,0xf800,0xf800,0xf800,0x4816,0x001f,0x001f,
		0x001f,0x001f,0x001f,0x001f,0xa00b,0xf800,0xf800,0xf800,0xf800,0xf800,0x281a,0x001f,0x001f,0x001f,0x001f,0x003f,
		0x4de3,0x6dc0,0xf800,0xf800,0xf800,0x880e,0x001f,0x001f,0x001f,0x001f,0x001f,0x001f,0x001f,0x001f,0x001f,0x001f,
		0x001f,0x1198,0x8402,0xf800,0xf800,0x6013,0x001f,0x001f,0x001f,0x001f,0x001f,0x001f,0x001f,0x001f,0x001f,0x2293,
		0x7540,0xe802,0x281a,0x001f,0x001f,0x001f,0x001f,0x001f,0x001f,0x001f,0x001f,0x001f,0x001f,0x001f,0x001f,0x2bae,
		0x56a0,0x56a0,0x56a0,0x50b2,0x001f,0x001f,0x001f,0x001f,0x001f,0x001f,0x001f,0x001f,0x001f,0x001f,0x001f,0x534b,
		0x7d20,0xf800,0xa80a,0x001f,0x001f,0x001f,0x001f,0x001f,0x001f,0x001f,0x001f,0x001f,0x001f,0x001f,0x001f,0x001f,
		0x001f,0x22d2,0x5641,0x56a0,0x56a0,0x2b8f,0x001f,0x001f,0x001f,0x001f,0x001f,0x001f,0x001f,0x001f,0x001f,0x001f,
		0x001f,0x001f,0x001f,0x001f,0x001f,0x001f,0x001f,0x001f,0x001f,0x001f,0x007d,0x56a0,0x7d20,0x6620,0x4565,0x08dc,
		0x001f,0x001f,0x001f,0x001f,0x001f,0x001f,0x001f,0x001f,0x001f,0x001f,0x001f,0x4017,0xb009,0xf800,0xf800,0xba80,
		0x56a0,0x56a0,0x56a0,0x56a0,0x56a0,0x56a0,0x56a0,0x56a0,0x56a0,0x56a0,0x56a0,0x56a0,0x56a0,0x56a0,0x56a0,0x56a0,
		0x56a0,0x56a0,0x56a0,0x56a0,0x56a0,0x56a0,0x56a0,0x56a0,0x56a0,0x56a0,0x56a0,0x56a0,0x56a0,0x56a0,0x56a0,0x56a0,
		0x56a0,0x56a0,0x56a0,0x56a0,0x56a0,0x56a0,0x56a0,0x56a0,0x56a0,0x56a0,0x56a0,0x56a0,0x56a0,0x56a0,0x56a0,0x56a0,
		0x56a0,0x56a0,0x56a0,0x56a0,0x56a0,0x56a0,0x56a0,0x56a0,0x56a0,0x56a0,0x56a0,0x56a0,0x56a0,0x56a0,0x56a0,0x56a0,
		0x56a0,0x56a0,0x56a0,0x56a0,0x56a0,0x56a0,0x56a0,0x56a0,0x56a0,0x56a0,0x56a0,0x56a0,0x56a0,0x56a0,0x56a0,0x56a0,
		0x56a0,0x56a0,0x56a0,0x56a0,0x56a0,0x56a0,0x56a0,0x56a0,0x56a0,0x56a0,0x56a0,0x56a0,0x56a0,0x56a0,0x56a0,0x56a0,
		0x56a0,0x56a0,0x56a0,0x56a0,0x56a0,0x56a0,0x56a0,0x56a0,0x56a0,0x56a0,0x56a0,0x56a0,0x56a0,0x56a0,0x56a0,0x56a0,
		0x56a0,0x56a0,0x56a0,0x56a0,0x56a0,0x56a0,0x56a0,0x56a0,0x56a0,0x56a0,0x56a0,0x56a0,0x56a0,0x56a0,0x56a0,0x56a0,
		0x56a0,0x56a0,0x56a0,0x56a0,0x56a0,0x56a0,0x56a0,0x56a0,0x56a0,0x56a0,0x56a0,0x56a0,0x56a0,0x56a0,0x56a0,0x56a0,
		0x56a0,0x56a0,0x56a0,0x56a0,0x56a0,0x56a0,0x56a0,0x56a0,0x56a0,0x56a0,0x56a0,0x56a0,0x56a0,0x56a0,0x56a0,0x56a0,
		0x56a0,0x56a0,0x56a0,0x56a0,0x56a0,0x56a0,0x56a0,0xa3a0,0xf800,0xf800,0xf800,0xf001,0x7011,0x001f,0x001f,0x001f,
		0x001f,0x001f,0x001f,0x001f,0x101d,0x980c,0xf800,0xf800,0xf800,0xf800,0xa00b,0x001f,0x001f,0x001f,0x001f,0x1a74,
		0x56a0,0x7540,0xf800,0xf800,0xa80a,0x001f,0x001f,0x001f,0x001f,0x001f,0x001f,0x001f,0x001f,0x001f,0x001f,0x001f,
		0x001f,0x001f,0x187b,0xd005,0xf800,0x980c,0x001f,0x001f,0x001f,0x001f,0x001f,0x001f,0x001f,0x001f,0x001f,0x001f,
		0x003e,0x001f,0x001f,0x001f,0x001f,0x001f,0x001f,0x001f,0x001f,0x001f,0x001f,0x001f,0x001f,0x001f,0x001f,0x340c,
		0x56a0,0x5680,0x22b2,0x001f,0x001f,0x001f,0x001f,0x001f,0x001f,0x001f,0x001f,0x001f,0x001f,0x001f,0x001f,0x003f,
		0x44e8,0xbaa0,0xf800,0x7011,0x001f,0x001f,0x001f,0x001f,0x001f,0x001f,0x001f,0x001f,0x001f,0x001f,0x001f,0x001f,
		0x001f,0x001f,0x08fb,0x4da4,0x56a0,0x5680,0x2099,0x001f,0x001f,0x001f,0x001f,0x001f,0x001f,0x001f,0x001f,0x001f,
		0x001f,0x001f,0x001f,0x001f,0x001f,0x001f,0x001f,0x001f,0x001f,0x001f,0x2293,0xbac0,0xf800,0xb0c6,0x007d,0x001f,
		0x001f,0x001f,0x001f,0x001f,0x001f,0x001f,0x001f,0x001f,0x001f,0x001f,0x001f,0x001f,0x001f,0x281a,0xe003,0xca00,
		0x56a0,0x56a0,0x56a0,0x56a0,0x56a0,0x56a0,0x56a0,0x56a0,0x56a0,0x56a0,0x56a0,0x56a0,0x56a0,0x56a0,0x56a0,0x56a0,
		0x56a0,0x56a0,0x56a0,0x56a0,0x56a0,0x56a0,0x56a0,0x56a0,0x56a0,0x56a0,0x56a0,0x56a0,0x56a0,0x56a0,0x56a0,0x56a0,
		0x56a0,0x56a0,0x56a0,0x56a0,0x56a0,0x56a0,0x56a0,0x56a0,0x56a0,0x56a0,0x56a0,0x56a0,0x56a0,0x56a0,0x56a0,0x56a0,
		0x56a0,0x56a0,0x56a0,0x56a0,0x56a0,0x56a0,0x56a0,0x56a0,0x56a0,0x56a0,0x56a0,0x56a0,0x56a0,0x56a0,0x56a0,0x56a0,
		0x56a0,0x56a0,0x56a0,0x56a0,0x56a0,0x56a0,0x56a0,0x56a0,0x56a0,0x56a0,0x56a0,0x56a0,0x56a0,0x56a0,0x56a0,0x56a0,
		0x56a0,0x56a0,0x56a0,0x56a0,0x56a0,0x56a0,0x56a0,0x56a0,0x56a0,0x56a0,0x56a0,0x56a0,0x56a0,0x56a0,0x56a0,0x56a0,
		0x56a0,0x56a0,0x56a0,0x56a0,0x56a0,0x56a0,0x56a0,0x56a0,0x56a0,0x56a0,0x56a0,0x56a0,0x56a0,0x56a0,0x56a0,0x56a0,
		0x56a0,0x56a0,0x56a0,0x56a0,0x56a0,0x56a0,0x56a0,0x56a0,0x56a0,0x56a0,0x56a0,0x56a0,0x56a0,0x56a0,0x56a0,0x56a0,
		0x56a0,0x56a0,0x56a0,0x56a0,0x56a0,0x56a0,0x56a0,0x56a0,0x56a0,0x56a0,0x56a0,0x56a0,0x56a0,0x56a0,0x56a0,0x56a0,
		0x56a0,0x56a0,0x56a0,0x56a0,0x56a0,0x56a0,0x56a0,0x56a0,0x56a0,0x56a0,0x56a0,0x56a0,0x56a0,0x56a0,0x56a0,0x56a0,
		0x56a0,0x56a0,0x56a0,0x56a0,0x56a0,0x56a0,0x56a0,0xb2e0,0xf800,0xf800,0xc007,0x181c,0x001f,0x001f,0x001f,0x001f,
		0x001f,0x001f,0x001f,0x001f,0x001f,0x001f,0x6013,0xf800,0xf800,0xf800,0xf800,0x201b,0x001f,0x001f,0x001f,0x4585,
		0x56a0,0x84c0,0xf800,0xb009,0x001f,0x001f,0x001f,0x001f,0x001f,0x001f,0x001f,0x001f,0x001f,0x001f,0x001f,0x001f,
		0x001f,0x001f,0x001f,0x201b,0xf800,0xf001,0x101d,0x001f,0x001f,0x001f,0x001f,0x001f,0x001f,0x001f,0x001f,0x001f,
		0x001f,0x001f,0x001f,0x001f,0x001f,0x001f,0x001f,0x001f,0x001f,0x001f,0x001f,0x001f,0x001f,0x001f,0x089d,0x5641,
		0x56a0,0x2311,0x001f,0x001f,0x001f,0x001f,0x001f,0x001f,0x001f,0x001f,0x001f,0x001f,0x001f,0x001f,0x001f,0x001f,
		0x1198,0x6620,0xf080,0xf800,0x4017,0x001f,0x001f,0x001f,0x001f,0x001f,0x001f,0x001f,0x001f,0x001f,0x001f,0x001f,
		0x001f,0x001f,0x001f,0x1a55,0x56a0,0x56a0,0x7463,0x201b,0x001f,0x001f,0x001f,0x001f,0x001f,0x001f,0x001f,0x001f,
		0x001f,0x001f,0x001f,0x001f,0x001f,0x001f,0x001f,0x001f,0x001f,0x1919,0xd141,0xf800,0xf800,0x3818,0x001f,0x001f,
		0x001f,0x001f,0x001f,0x001f,0x001f,0x001f,0x001f,0x001f,0x001f,0x001f,0x001f,0x001f,0x001f,0x001f,0x7011,0xd960,
		0x56a0,0x56a0,0x56a0,0x56a0,0x56a0,0x56a0,0x56a0,0x56a0,0x56a0,0x56a0,0x56a0,0x56a0,0x56a0,0x56a0,0x56a0,0x56a0,
		0x56a0,0x56a0,0x56a0,0x56a0,0x56a0,0x56a0,0x56a0,0x56a0,0x56a0,0x56a0,0x56a0,0x56a0,0x56a0,0x56a0,0x56a0,0x56a0,
		0x56a0,0x56a0,0x56a0,0x56a0,0x56a0,0x56a0,0x56a0,0x56a0,0x56a0,0x56a0,0x56a0,0x56a0,0x56a0,0x56a0,0x56a0,0x56a0,
		0x56a0,0x56a0,0x56a0,0x56a0,0x56a0,0x56a0,0x56a0,0x56a0,0x56a0,0x56a0,0x56a0,0x56a0,0x56a0,0x56a0,0x56a0,0x56a0,
		0x56a0,0x56a0,0x56a0,0x56a0,0x56a0,0x56a0,0x56a0,0x56a0,0x56a0,0x56a0,0x56a0,0x56a0,0x56a0,0x56a0,0x56a0,0x56a0,
		0x56a0,0x56a0,0x56a0,0x56a0,0x56a0,0x56a0,0x56a0,0x56a0,0x56a0,0x56a0,0x56a0,0x56a0,0x56a0,0x56a0,0x56a0,0x56a0,
		0x56a0,0x56a0,0x56a0,0x56a0,0x56a0,0x56a0,0x56a0,0x56a0,0x56a0,0x56a0,0x56a0,0x56a0,0x56a0,0x56a0,0x56a0,0x56a0,
		0x56a0,0x56a0,0x56a0,0x56a0,0x56a0,0x56a0,0x56a0,0x56a0,0x56a0,0x56a0,0x56a0,0x56a0,0x56a0,0x56a0,0x56a0,0x56a0,
		0x56a0,0x56a0,0x56a0,0x56a0,0x56a0,0x56a0,0x56a0,0x56a0,0x56a0,0x56a0,0x56a0,0x56a0,0x56a0,0x56a0,0x56a0,0x56a0,
		0x56a0,0x56a0,0x56a0,0x56a0,0x56a0,0x56a0,0x56a0,0x56a0,0x56a0,0x56a0,0x56a0,0x56a0,0x56a0,0x56a0,0x56a0,0x56a0,
		0x56a0,0x56a0,0x56a0,0x56a0,0x56a0,0x56a0,0x56a0,0xca20,0xf800,0xf800,0x7011,0x001f,0x001f,0x001f,0x001f,0x001f,
		0x001f,0x001f,0x001f,0x001f,0x001f,0x001f,0x181c,0xf800,0xf800,0xf800,0xf800,0x8969,0x001f,0x001f,0x2293,0x56a0,
		0x56a0,0xa3a0,0xf800,0x7011,0x001f,0x001f,0x001f,0x001f,0x001f,0x001f,0x001f,0x001f,0x001f,0x001f,0x001f,0x001f,
		0x001f,0x001f,0x001f,0x081e,0xf800,0xf800,0xa00b,0x001f,0x001f,0x001f,0x001f,0x001f,0x001f,0x001f,0x001f,0x001f,
		0x001f,0x001f,0x001f,0x081e,0x001f,0x001f,0x001f,0x001f,0x001f,0x001f,0x001f,0x001f,0x001f,0x001f,0x4c48,0x56a0,
		0x56a0,0x19f6,0x001f,0x001f,0x001f,0x001f,0x001f,0x001f,0x001f,0x001f,0x001f,0x001f,0x001f,0x001f,0x001f,0x001f,
		0x1198,0x56a0,0x9400,0xf800,0xe802,0x181c,0x001f,0x001f,0x001f,0x001f,0x001f,0x001f,0x001f,0x001f,0x001f,0x001f,
		0x001f,0x001f,0x001f,0x1a54,0x56a0,0x56a0,0x5680,0xd083,0x3019,0x001f,0x001f,0x001f,0x001f,0x001f,0x001f,0x001f,
		0x001f,0x001f,0x001f,0x001f,0x001f,0x001f,0x001f,0x001f,0x5074,0xf001,0xf800,0xf800,0xf800,0x3818,0x001f,0x001f,
		0x001f,0x001f,0x001f,0x001f,0x001f,0x001f,0x001f,0x001f,0x001f,0x001f,0x001f,0x001f,0x001f,0x001f,0x7011,0xf820,
		0x5e40,0x56a0,0x56a0,0x56a0,0x56a0,0x56a0,0x56a0,0x56a0,0x56a0,0x56a0,0x56a0,0x56a0,0x56a0,0x56a0,0x56a0,0x56a0,
		0x56a0,0x56a0,0x56a0,0x56a0,0x56a0,0x56a0,0x56a0,0x56a0,0x56a0,0x56a0,0x56a0,0x56a0,0x56a0,0x56a0,0x56a0,0x56a0,
		0x56a0,0x56a0,0x56a0,0x56a0,0x56a0,0x56a0,0x56a0,0x56a0,0x56a0,0x56a0,0x56a0,0x56a0,0x56a0,0x56a0,0x56a0,0x56a0,
		0x56a0,0x56a0,0x56a0,0x56a0,0x56a0,0x56a0,0x56a0,0x56a0,0x56a0,0x56a0,0x56a0,0x56a0,0x56a0,0x56a0,0x56a0,0x56a0,
		0x56a0,0x56a0,0x56a0,0x56a0,0x56a0,0x56a0,0x56a0,0x56a0,0x56a0,0x56a0,0x56a0,0x56a0,0x56a0,0x56a0,0x56a0,0x56a0,
		0x56a0,0x56a0,0x56a0,0x56a0,0x56a0,0x56a0,0x56a0,0x56a0,0x56a0,0x56a0,0x56a0,0x56a0,0x56a0,0x56a0,0x56a0,0x56a0,
		0x56a0,0x56a0,0x56a0,0x56a0,0x56a0,0x56a0,0x56a0,0x56a0,0x56a0,0x56a0,0x56a0,0x56a0,0x56a0,0x56a0,0x56a0,0x56a0,
		0x56a0,0x56a0,0x56a0,0x56a0,0x56a0,0x56a0,0x56a0,0x56a0,0x56a0,0x56a0,0x56a0,0x56a0,0x56a0,0x56a0,0x56a0,0x56a0,
		0x56a0,0x56a0,0x56a0,0x56a0,0x56a0,0x56a0,0x56a0,0x56a0,0x56a0,0x56a0,0x56a0,0x56a0,0x56a0,0x56a0,0x56a0,0x56a0,
		0x56a0,0x56a0,0x56a0,0x56a0,0x56a0,0x56a0,0x56a0,0x56a0,0x56a0,0x56a0,0x56a0,0x56a0,0x56a0,0x56a0,0x56a0,0x56a0,
		0x56a0,0x56a0,0x56a0,0x56a0,0x56a0,0x56a0,0x5680,0xe8c0,0xf800,0xf800,0xc007,0x001f,0x001f,0x001f,0x001f,0x001f,
		0x001f,0x001f,0x001f,0x001f,0x001f,0x001f,0x7810,0xf800,0xf800,0xf800,0xf800,0x9440,0x22d2,0x11b7,0x4e02,0x56a0,
		0x56a0,0xd1c0,0xf800,0xd005,0x101d,0x001f,0x001f,0x001f,0x001f,0x001f,0x001f,0x001f,0x001f,0x001f,0x001f,0x001f,
		0x001f,0x001f,0x001f,0x900d,0xf800,0xf800,0xf800,0x900d,0x001f,0x001f,0x001f,0x001f,0x001f,0x001f,0x001f,0x001f,
		0x001f,0x081e,0x880e,0xf800,0x900d,0x001f,0x001f,0x001f,0x001f,0x001f,0x001f,0x001f,0x101d,0xb009,0xa360,0x56a0,
		0x56a0,0x3c6a,0x001f,0x001f,0x001f,0x001f,0x001f,0x001f,0x001f,0x001f,0x001f,0x001f,0x001f,0x001f,0x001f,0x001f,
		0x3cc8,0x56a0,0x5680,0xd960,0xf800,0xc007,0x081e,0x001f,0x001f,0x001f,0x001f,0x001f,0x001f,0x001f,0x001f,0x001f,
		0x001f,0x001f,0x181c,0x7be4,0x56a0,0x56a0,0x56a0,0xa3a0,0xf800,0x800f,0x081e,0x001f,0x001f,0x001f,0x001f,0x001f,
		0x001f,0x001f,0x001f,0x001f,0x001f,0x001f,0x3019,0xb808,0xf800,0xf800,0xf800,0xf800,0xf800,0xb808,0x081e,0x001f,
		0x001f,0x001f,0x001f,0x001f,0x001f,0x001f,0x001f,0x001f,0x001f,0x001f,0x001f,0x001f,0x001f,0x181c,0xe003,0xf800,
		0xd980,0x7d00,0x56a0,0x56a0,0x56a0,0x56a0,0x56a0,0x56a0,0x56a0,0x56a0,0x56a0,0x56a0,0x56a0,0x56a0,0x56a0,0x56a0,
		0x56a0,0x56a0,0x56a0,0x56a0,0x56a0,0x56a0,0x56a0,0x56a0,0x56a0,0x56a0,0x56a0,0x56a0,0x56a0,0x56a0,0x56a0,0x56a0,
		0x56a0,0x56a0,0x56a0,0x56a0,0x56a0,0x56a0,0x56a0,0x56a0,0x56a0,0x56a0,0x56a0,0x56a0,0x56a0,0x56a0,0x56a0,0x56a0,
		0x56a0,0x56a0,0x56a0,0x56a0,0x56a0,0x56a0,0x56a0,0x56a0,0x56a0,0x56a0,0x56a0,0x56a0,0x56a0,0x56a0,0x56a0,0x56a0,
		0x56a0,0x56a0,0x56a0,0x56a0,0x56a0,0x56a0,0x56a0,0x56a0,0x56a0,0x56a0,0x56a0,0x56a0,0x56a0,0x56a0,0x56a0,0x56a0,
		0x56a0,0x56a0,0x56a0,0x56a0,0x56a0,0x56a0,0x56a0,0x56a0,0x56a0,0x56a0,0x56a0,0x56a0,0x56a0,0x56a0,0x56a0,0x56a0,
		0x56a0,0x56a0,0x56a0,0x56a0,0x56a0,0x56a0,0x56a0,0x56a0,0x56a0,0x56a0,0x56a0,0x56a0,0x56a0,0x56a0,0x56a0,0x56a0,
		0x56a0,0x56a0,0x56a0,0x56a0,0x56a0,0x56a0,0x56a0,0x56a0,0x56a0,0x56a0,0x56a0,0x56a0,0x56a0,0x56a0,0x56a0,0x56a0,
		0x56a0,0x56a0,0x56a0,0x56a0,0x56a0,0x56a0,0x56a0,0x56a0,0x56a0,0x56a0,0x56a0,0x56a0,0x56a0,0x56a0,0x56a0,0x56a0,
		0x56a0,0x56a0,0x56a0,0x56a0,0x56a0,0x56a0,0x56a0,0x56a0,0x56a0,0x56a0,0x56a0,0x56a0,0x56a0,0x56a0,0x56a0,0x56a0,
		0x56a0,0x56a0,0x56a0,0x56a0,0x56a0,0x56a0,0x9be0,0xf800,0xf800,0xf800,0xf800,0xc806,0x6812,0x281a,0x081e,0x001f,
		0x001f,0x003f,0x009d,0x1179,0x22f2,0x9968,0xf800,0xf800,0xf800,0xf800,0xf820,0x5e40,0x56a0,0x56a0,0x56a0,0x56a0,
		0x8c80,0xf800,0xf800,0xf800,0xe802,0x880e,0x5015,0x281a,0x081e,0x001f,0x001f,0x001f,0x001f,0x001f,0x001f,0x085d,
		0x11b7,0x2b30,0x8a85,0xf800,0xf800,0xf800,0xf800,0xf800,0xd005,0x6013,0x101d,0x001f,0x001f,0x001f,0x001f,0x183c,
		0x7011,0xe003,0xf800,0xf800,0xf800,0xb009,0x281a,0x001f,0x001f,0x001f,0x181c,0x7810,0xe802,0xf800,0xa380,0x56a0,
		0x56a0,0x6600,0x98ca,0x4816,0x201b,0x001f,0x001f,0x001f,0x001f,0x001f,0x001f,0x081e,0x101d,0x3818,0x7810,0xd824,
		0x7d00,0x56a0,0x56a0,0x7d20,0xf800,0xf800,0xd804,0x880e,0x6013,0x6013,0x6013,0x6013,0x6013,0x6013,0x6013,0x6812,
		0x800f,0xa80a,0xf800,0xf800,0xa3a0,0x56a0,0x56a0,0x5e40,0xf080,0xf800,0xf001,0x900d,0x4816,0x081e,0x001f,0x001f,
		0x001f,0x001f,0x001f,0x281a,0x6812,0xc007,0xf800,0xf800,0xf800,0xf800,0xf800,0xf800,0xf800,0xf800,0x9b22,0x33ec,
		0x2293,0x1139,0x101d,0x081e,0x001f,0x001f,0x001f,0x001f,0x081e,0x181c,0x3019,0x5015,0x880e,0xe802,0xf800,0xf800,
		0xf800,0xf800,0xca00,0x5e40,0x56a0,0x56a0,0x56a0,0x56a0,0x56a0,0x56a0,0x56a0,0x56a0,0x56a0,0x56a0,0x56a0,0x56a0,
		0x56a0,0x56a0,0x56a0,0x56a0,0x56a0,0x56a0,0x56a0,0x56a0,0x56a0,0x56a0,0x56a0,0x56a0,0x56a0,0x56a0,0x56a0,0x56a0,
		0x56a0,0x56a0,0x56a0,0x56a0,0x56a0,0x56a0,0x56a0,0x56a0,0x56a0,0x56a0,0x56a0,0x56a0,0x56a0,0x56a0,0x56a0,0x56a0,
		0x56a0,0x56a0,0x56a0,0x56a0,0x56a0,0x56a0,0x56a0,0x56a0,0x56a0,0x56a0,0x56a0,0x56a0,0x56a0,0x56a0,0x56a0,0x56a0,
		0x56a0,0x56a0,0x56a0,0x56a0,0x56a0,0x56a0,0x56a0,0x56a0,0x56a0,0x56a0,0x56a0,0x56a0,0x56a0,0x56a0,0x56a0,0x56a0,
		0x56a0,0x56a0,0x56a0,0x56a0,0x56a0,0x56a0,0x56a0,0x56a0,0x56a0,0x56a0,0x56a0,0x56a0,0x56a0,0x56a0,0x56a0,0x56a0,
		0x56a0,0x56a0,0x56a0,0x56a0,0x56a0,0x56a0,0x56a0,0x56a0,0x56a0,0x56a0,0x56a0,0x56a0,0x56a0,0x56a0,0x56a0,0x56a0,
		0x56a0,0x56a0,0x56a0,0x56a0,0x56a0,0x56a0,0x56a0,0x56a0,0x56a0,0x56a0,0x56a0,0x56a0,0x56a0,0x56a0,0x56a0,0x56a0,
		0x56a0,0x56a0,0x56a0,0x56a0,0x56a0,0x56a0,0x56a0,0x56a0,0x56a0,0x56a0,0x56a0,0x56a0,0x56a0,0x56a0,0x56a0,0x56a0,
		0x56a0,0x56a0,0x56a0,0x56a0,0x56a0,0x56a0,0x56a0,0x56a0,0x56a0,0x56a0,0x56a0,0x56a0,0x56a0,0x56a0,0x56a0,0x56a0,
		0x56a0,0x56a0,0x56a0,0x56a0,0x5680,0xab20,0xf800,0xf800,0xf800,0xf800,0xf800,0xf800,0xf800,0xf800,0xf800,0xf820,
		0x93c1,0x56a0,0x56a0,0x56a0,0x56a0,0x9440,0xf800,0xf800,0xf800,0xf800,0xca20,0x56a0,0x56a0,0x56a0,0x56a0,0x7580,
		0xf040,0xf800,0xf800,0xf800,0xf800,0xf800,0xf800,0xf800,0xf800,0xf800,0xf001,0xe802,0xe802,0xf800,0xf800,0xf800,
		0x7d00,0x56a0,0x84e0,0xf800,0xf800,0xf800,0xf800,0xf800,0xf800,0xf800,0xf800,0xe003,0xc806,0xd005,0xe003,0xf800,
		0xf800,0xf800,0xf800,0xf800,0xf800,0xf800,0xf800,0xe003,0xc806,0xe802,0xf800,0xf800,0xf800,0xf800,0x84a0,0x56a0,
		0x5e60,0xd960,0xf800,0xf800,0xf800,0xf800,0xf800,0xf800,0xe802,0xe802,0xf800,0xf800,0xf800,0xf800,0xf800,0xf800,
		0xe8c0,0x5e60,0x56a0,0x56a0,0xba80,0xf800,0xf800,0xf800,0xf800,0xf800,0xf800,0xf800,0xf800,0xf800,0xf800,0xf800,
		0xf800,0xf800,0xf800,0xf800,0xf800,0x7d00,0x56a0,0x56a0,0x9bc0,0xf800,0xf800,0xf800,0xf800,0xf800,0xe003,0xd005,
		0xc806,0xe003,0xf001,0xf800,0xf800,0xf800,0xf800,0xf800,0xf800,0xf800,0xf800,0xf800,0xf800,0xf840,0x6de0,0x56a0,
		0x56a0,0xb300,0xf800,0xf800,0xf800,0xe802,0xf800,0xf800,0xf800,0xf800,0xf800,0xf800,0xf800,0xf800,0xf800,0xf800,
		0xf800,0xf800,0xf800,0xb2c0,0x56a0,0x56a0,0x56a0,0x56a0,0x56a0,0x56a0,0x56a0,0x56a0,0x56a0,0x56a0,0x56a0,0x56a0,
		0x56a0,0x56a0,0x56a0,0x56a0,0x56a0,0x56a0,0x56a0,0x56a0,0x56a0,0x56a0,0x56a0,0x56a0,0x56a0,0x56a0,0x56a0,0x56a0,
		0x56a0,0x56a0,0x56a0,0x56a0,0x56a0,0x56a0,0x56a0,0x56a0,0x56a0,0x56a0,0x56a0,0x56a0,0x56a0,0x56a0,0x56a0,0x56a0,
		0x56a0,0x56a0,0x56a0,0x56a0,0x56a0,0x56a0,0x56a0,0x56a0,0x56a0,0x56a0,0x56a0,0x56a0,0x56a0,0x56a0,0x56a0,0x56a0,
		0x56a0,0x56a0,0x56a0,0x56a0,0x56a0,0x56a0,0x56a0,0x56a0,0x56a0,0x56a0,0x56a0,0x56a0,0x56a0,0x56a0,0x56a0,0x56a0,
		0x56a0,0x56a0,0x56a0,0x56a0,0x56a0,0x56a0,0x56a0,0x56a0,0x56a0,0x56a0,0x56a0,0x56a0,0x56a0,0x56a0,0x56a0,0x56a0,
		0x56a0,0x56a0,0x56a0,0x56a0,0x56a0,0x56a0,0x56a0,0x56a0,0x56a0,0x56a0,0x56a0,0x56a0,0x56a0,0x56a0,0x56a0,0x56a0,
		0x56a0,0x56a0,0x56a0,0x56a0,0x56a0,0x56a0,0x56a0,0x56a0,0x56a0,0x56a0,0x56a0,0x56a0,0x56a0,0x56a0,0x56a0,0x56a0,
		0x56a0,0x56a0,0x56a0,0x56a0,0x56a0,0x56a0,0x56a0,0x56a0,0x56a0,0x56a0,0x56a0,0x56a0,0x56a0,0x56a0,0x56a0,0x56a0,
		0x56a0,0x56a0,0x56a0,0x56a0,0x56a0,0x56a0,0x56a0,0x56a0,0x56a0,0x56a0,0x56a0,0x56a0,0x56a0,0x56a0,0x56a0,0x56a0,
		0x56a0,0x56a0,0x56a0,0x56a0,0xca20,0xf800,0xf800,0xf800,0xf800,0xf800,0xf800,0xf800,0xf800,0xf800,0xf800,0xf800,
		0xf800,0x7d20,0x56a0,0x56a0,0x56a0,0x5e60,0xf080,0xf800,0xf800,0xf800,0x8ca0,0x56a0,0x56a0,0x56a0,0x56a0,0xe120,
		0xf800,0xf800,0xf800,0xf800,0xf800,0xf800,0xf800,0xf800,0xf800,0xf800,0xf800,0xf800,0xf800,0xf800,0xf800,0xf800,
		0xd1c0,0x56a0,0x5e60,0xf060,0xf800,0xf800,0xf800,0xf800,0xf800,0xf800,0xf800,0xf800,0xf800,0xf800,0xf800,0xf800,
		0xf800,0xf800,0xf800,0xf800,0xf800,0xf800,0xf800,0xf800,0xf800,0xf800,0xf800,0xf800,0xf800,0xe8c0,0x5e80,0x56a0,
		0x9be0,0xf800,0xf800,0xf800,0xf800,0xf800,0xf800,0xf800,0xf800,0xf800,0xf800,0xf800,0xf800,0xf800,0xf800,0xf800,
		0xf800,0x7560,0x56a0,0x56a0,0x6600,0xf060,0xf800,0xf800,0xf800,0xf800,0xf800,0xf800,0xf800,0xf800,0xf800,0xf800,
		0xf800,0xf800,0xf800,0xf800,0xf800,0xbaa0,0x56a0,0x56a0,0x5680,0xc9e0,0xf800,0xf800,0xf800,0xf800,0xf800,0xf800,
		0xf800,0xf800,0xf800,0xf800,0xf800,0xf800,0xf800,0xf800,0xf800,0xf800,0xf800,0xf800,0xf800,0xa3a0,0x56a0,0x56a0,
		0x56a0,0xe8c0,0xf800,0xf800,0xf800,0xf800,0xf800,0xf800,0xf800,0xf800,0xf800,0xf800,0xf800,0xf800,0xf800,0xf800,
		0xf800,0xf800,0xf800,0xe8c0,0x56a0,0x56a0,0x56a0,0x56a0,0x56a0,0x56a0,0x56a0,0x56a0,0x56a0,0x56a0,0x56a0,0x56a0,
		0x56a0,0x56a0,0x56a0,0x56a0,0x56a0,0x56a0,0x56a0,0x56a0,0x56a0,0x56a0,0x56a0,0x56a0,0x56a0,0x56a0,0x56a0,0x56a0,
		0x56a0,0x56a0,0x56a0,0x56a0,0x56a0,0x56a0,0x56a0,0x56a0,0x56a0,0x56a0,0x56a0,0x56a0,0x56a0,0x56a0,0x56a0,0x56a0,
		0x56a0,0x56a0,0x56a0,0x56a0,0x56a0,0x56a0,0x56a0,0x56a0,0x56a0,0x56a0,0x56a0,0x56a0,0x56a0,0x56a0,0x56a0,0x56a0,
		0x56a0,0x56a0,0x56a0,0x56a0,0x56a0,0x56a0,0x56a0,0x56a0,0x56a0,0x56a0,0x56a0,0x56a0,0x56a0,0x56a0,0x56a0,0x56a0,
		0x56a0,0x56a0,0x56a0,0x56a0,0x56a0,0x56a0,0x56a0,0x56a0,0x56a0,0x56a0,0x56a0,0x56a0,0x56a0,0x56a0,0x56a0,0x56a0,
		0x56a0,0x56a0,0x56a0,0x56a0,0x56a0,0x56a0,0x56a0,0x56a0,0x56a0,0x56a0,0x56a0,0x56a0,0x56a0,0x56a0,0x56a0,0x56a0,
		0x56a0,0x56a0,0x56a0,0x56a0,0x56a0,0x56a0,0x56a0,0x56a0,0x56a0,0x56a0,0x56a0,0x56a0,0x56a0,0x56a0,0x56a0,0x56a0,
		0x56a0,0x56a0,0x56a0,0x56a0,0x56a0,0x56a0,0x56a0,0x56a0,0x56a0,0x56a0,0x56a0,0x56a0,0x56a0,0x56a0,0x56a0,0x56a0,
		0x56a0,0x56a0,0x56a0,0x56a0,0x56a0,0x56a0,0x56a0,0x56a0,0x56a0,0x56a0,0x56a0,0x56a0,0x56a0,0x56a0,0x56a0,0x56a0,
		0x56a0,0x56a0,0x56a0,0x5680,0xf800,0xf800,0xf800,0xf800,0xf800,0xf800,0xf800,0xf800,0xf800,0xf800,0xf800,0xf800,
		0xf800,0xa3a0,0x56a0,0x56a0,0x56a0,0x56a0,0xab20,0xf800,0xf800,0xe8c0,0x5680,0x56a0,0x56a0,0x56a0,0x5e60,0xf800,
		0xf800,0xf800,0xf800,0xf800,0xf800,0xf800,0xf800,0xf800,0xf800,0xf800,0xf800,0xf800,0xf800,0xf800,0xf800,0xf800,
		0xe120,0x56a0,0x56a0,0xa360,0xf800,0xf800,0xf800,0xf800,0xf800,0xf800,0xf800,0xf800,0xf800,0xf800,0xf800,0xf800,
		0xf800,0xf800,0xf800,0xf800,0xf800,0xf800,0xf800,0xf800,0xf800,0xf800,0xf800,0xf800,0xf800,0x9be0,0x56a0,0x56a0,
		0xbac0,0xf800,0xf800,0xf800,0xf800,0xf800,0xf800,0xf800,0xf800,0xf800,0xf800,0xf800,0xf800,0xf800,0xf800,0xf800,
		0xf800,0x7d40,0x56a0,0x56a0,0x56a0,0xa3a0,0xf800,0xf800,0xf800,0xf800,0xf800,0xf800,0xf800,0xf800,0xf800,0xf800,
		0xf800,0xf800,0xf800,0xf800,0xf800,0xba80,0x56a0,0x56a0,0x56a0,0x6600,0xe8c0,0xf800,0xf800,0xf800,0xf800,0xf800,
		0xf800,0xf800,0xf800,0xf800,0xf800,0xf800,0xf800,0xf800,0xf800,0xf800,0xf800,0xf800,0xbaa0,0x56a0,0x56a0,0x56a0,
		0x56a0,0xe8a0,0xf800,0xf800,0xf800,0xf800,0xf800,0xf800,0xf800,0xf800,0xf800,0xf800,0xf800,0xf800,0xf800,0xf800,
		0xf800,0xf800,0xf800,0xe8c0,0x56a0,0x56a0,0x56a0,0x56a0,0x56a0,0x56a0,0x56a0,0x56a0,0x56a0,0x56a0,0x56a0,0x56a0,
		0x56a0,0x56a0,0x56a0,0x56a0,0x56a0,0x56a0,0x56a0,0x56a0,0x56a0,0x56a0,0x56a0,0x56a0,0x56a0,0x56a0,0x56a0,0x56a0,
		0x56a0,0x56a0,0x56a0,0x56a0,0x56a0,0x56a0,0x56a0,0x56a0,0x56a0,0x56a0,0x56a0,0x56a0,0x56a0,0x56a0,0x56a0,0x56a0,
		0x56a0,0x56a0,0x56a0,0x56a0,0x56a0,0x56a0,0x56a0,0x56a0,0x56a0,0x56a0,0x56a0,0x56a0,0x56a0,0x56a0,0x56a0,0x56a0,
		0x56a0,0x56a0,0x56a0,0x56a0,0x56a0,0x56a0,0x56a0,0x56a0,0x56a0,0x56a0,0x56a0,0x56a0,0x56a0,0x56a0,0x56a0,0x56a0,
		0x56a0,0x56a0,0x56a0,0x56a0,0x56a0,0x56a0,0x56a0,0x56a0,0x56a0,0x56a0,0x56a0,0x56a0,0x56a0,0x56a0,0x56a0,0x56a0,
		0x56a0,0x56a0,0x56a0,0x56a0,0x56a0,0x56a0,0x56a0,0x56a0,0x56a0,0x56a0,0x56a0,0x56a0,0x56a0,0x56a0,0x56a0,0x56a0,
		0x56a0,0x56a0,0x56a0,0x56a0,0x56a0,0x56a0,0x56a0,0x56a0,0x56a0,0x56a0,0x56a0,0x56a0,0x56a0,0x56a0,0x56a0,0x56a0,
		0x56a0,0x56a0,0x56a0,0x56a0,0x56a0,0x56a0,0x56a0,0x56a0,0x56a0,0x56a0,0x56a0,0x56a0,0x56a0,0x56a0,0x56a0,0x56a0,
		0x56a0,0x56a0,0x56a0,0x56a0,0x56a0,0x56a0,0x56a0,0x56a0,0x56a0,0x56a0,0x56a0,0x56a0,0x56a0,0x56a0,0x56a0,0x56a0,
		0x56a0,0x56a0,0x56a0,0x56a0,0xf060,0xf800,0xf800,0xf800,0xf800,0xf800,0xf800,0xf800,0xf800,0xf800,0xf800,0xf800,
		0xf800,0x9440,0x56a0,0x56a0,0x56a0,0x56a0,0x65e0,0xf820,0xf800,0xa360,0x56a0,0x56a0,0x56a0,0x56a0,0x56a0,0xe8a0,
		0xf800,0xf800,0xf800,0xf800,0xf800,0xf800,0xf800,0xf800,0xf800,0xf800,0xf800,0xf800,0xf800,0xf800,0xf800,0xf800,
		0xc260,0x56a0,0x56a0,0x5e40,0xe100,0xf800,0xf800,0xf800,0xf800,0xf800,0xf800,0xf800,0xf800,0xf800,0xf800,0xf800,
		0xf820,0xab20,0xe120,0xf800,0xf800,0xf800,0xf800,0xf800,0xf800,0xf800,0xf800,0xf800,0xc9e0,0x5680,0x56a0,0x56a0,
		0x9bc0,0xf800,0xf800,0xf800,0xf800,0xf800,0xf800,0xf800,0xf800,0xf800,0xf800,0xf800,0xf800,0xf800,0xf800,0xf800,
		0xf040,0x5e40,0x56a0,0x56a0,0x56a0,0x5e80,0xe100,0xf800,0xf800,0xf800,0xf800,0xf800,0xf800,0xf800,0xf800,0xf800,
		0xf800,0xf800,0xf800,0xf800,0xf800,0x9440,0x56a0,0x56a0,0x56a0,0x56a0,0x6dc0,0xe100,0xf800,0xf800,0xf800,0xf800,
		0xf800,0xf800,0xf800,0xf800,0xf800,0xf800,0xf800,0xf800,0xf800,0xf800,0xf800,0xa360,0x5680,0x56a0,0x56a0,0x56a0,
		0x56a0,0xca00,0xf800,0xf800,0xf800,0xf800,0xf800,0xf800,0xf800,0xf800,0xf800,0xf800,0xf800,0xf800,0xf800,0xf800,
		0xf800,0xf800,0xf800,0xc240,0x56a0,0x56a0,0x56a0,0x56a0,0x56a0,0x56a0,0x56a0,0x56a0,0x56a0,0x56a0,0x56a0,0x56a0,
		0x56a0,0x56a0,0x56a0,0x56a0,0x56a0,0x56a0,0x56a0,0x56a0,0x56a0,0x56a0,0x56a0,0x56a0,0x56a0,0x56a0,0x56a0,0x56a0,
		0x56a0,0x56a0,0x56a0,0x56a0,0x56a0,0x56a0,0x56a0,0x56a0,0x56a0,0x56a0,0x56a0,0x56a0,0x56a0,0x56a0,0x56a0,0x56a0,
		0x56a0,0x56a0,0x56a0,0x56a0,0x56a0,0x56a0,0x56a0,0x56a0,0x56a0,0x56a0,0x56a0,0x56a0,0x56a0,0x56a0,0x56a0,0x56a0,
		0x56a0,0x56a0,0x56a0,0x56a0,0x56a0,0x56a0,0x56a0,0x56a0,0x56a0,0x56a0,0x56a0,0x56a0,0x56a0,0x56a0,0x56a0,0x56a0,
		0x56a0,0x56a0,0x56a0,0x56a0,0x56a0,0x56a0,0x56a0,0x56a0,0x56a0,0x56a0,0x56a0,0x56a0,0x56a0,0x56a0,0x56a0,0x56a0,
		0x56a0,0x56a0,0x56a0,0x56a0,0x56a0,0x56a0,0x56a0,0x56a0,0x56a0,0x56a0,0x56a0,0x56a0,0x56a0,0x56a0,0x56a0,0x56a0,
		0x56a0,0x56a0,0x56a0,0x56a0,0x56a0,0x56a0,0x56a0,0x56a0,0x56a0,0x56a0,0x56a0,0x56a0,0x56a0,0x56a0,0x56a0,0x56a0,
		0x56a0,0x56a0,0x56a0,0x56a0,0x56a0,0x56a0,0x56a0,0x56a0,0x56a0,0x56a0,0x56a0,0x56a0,0x56a0,0x56a0,0x56a0,0x56a0,
		0x56a0,0x56a0,0x56a0,0x56a0,0x56a0,0x56a0,0x56a0,0x56a0,0x56a0,0x56a0,0x56a0,0x56a0,0x56a0,0x56a0,0x56a0,0x56a0,
		0x56a0,0x56a0,0x56a0,0x56a0,0xb300,0xf800,0xf800,0xf800,0xf800,0xf800,0xf800,0xf800,0xf800,0xf800,0xf800,0xf800,
		0xe120,0x5e60,0x56a0,0x56a0,0x56a0,0x56a0,0x56a0,0x9be0,0xc260,0x5e40,0x56a0,0x56a0,0x56a0,0x56a0,0x56a0,0x9420,
		0xf800,0xf800,0xf800,0xf800,0xf800,0xf800,0xf800,0xf800,0xf800,0xf800,0xf800,0xf800,0xf800,0xf800,0xf800,0xf080,
		0x6da0,0x56a0,0x56a0,0x56a0,0x6da0,0xf080,0xf800,0xf800,0xf800,0xf800,0xf800,0xf800,0xf800,0xf800,0xf800,0xe8a0,
		0x7d20,0x56a0,0x6dc0,0xf080,0xf800,0xf800,0xf800,0xf800,0xf800,0xf800,0xf800,0xd1a0,0x5e40,0x56a0,0x56a0,0x56a0,
		0x6600,0xf060,0xf800,0xf800,0xf800,0xf800,0xf800,0xf800,0xf800,0xf800,0xf800,0xf800,0xf800,0xf800,0xf800,0xf800,
		0xa3a0,0x56a0,0x56a0,0x56a0,0x56a0,0x56a0,0x7d00,0xf800,0xf800,0xf800,0xf800,0xf800,0xf800,0xf800,0xf800,0xf800,
		0xf800,0xf800,0xf800,0xf800,0xc9e0,0x5680,0x56a0,0x56a0,0x56a0,0x56a0,0x56a0,0x6600,0xc9e0,0xf800,0xf800,0xf800,
		0xf800,0xf800,0xf800,0xf800,0xf800,0xf800,0xf800,0xf800,0xf800,0xe8c0,0x8ca0,0x56a0,0x56a0,0x56a0,0x56a0,0x56a0,
		0x56a0,0x7580,0xf080,0xf800,0xf800,0xf800,0xf800,0xf800,0xf800,0xf800,0xf800,0xf800,0xf800,0xf800,0xf800,0xf800,
		0xf800,0xf800,0xf060,0x7580,0x56a0,0x56a0,0x56a0,0x56a0,0x56a0,0x56a0,0x56a0,0x56a0,0x56a0,0x56a0,0x56a0,0x56a0,
		0x56a0,0x56a0,0x56a0,0x56a0,0x56a0,0x56a0,0x56a0,0x56a0,0x56a0,0x56a0,0x56a0,0x56a0,0x56a0,0x56a0,0x56a0,0x56a0,
		0x56a0,0x56a0,0x56a0,0x56a0,0x56a0,0x56a0,0x56a0,0x56a0,0x56a0,0x56a0,0x56a0,0x56a0,0x56a0,0x56a0,0x56a0,0x56a0,
		0x56a0,0x56a0,0x56a0,0x56a0,0x56a0,0x56a0,0x56a0,0x56a0,0x56a0,0x56a0,0x56a0,0x56a0,0x56a0,0x56a0,0x56a0,0x56a0,
		0x56a0,0x56a0,0x56a0,0x56a0,0x56a0,0x56a0,0x56a0,0x56a0,0x56a0,0x56a0,0x56a0,0x56a0,0x56a0,0x56a0,0x56a0,0x56a0,
		0x56a0,0x56a0,0x56a0,0x56a0,0x56a0,0x56a0,0x56a0,0x56a0,0x56a0,0x56a0,0x56a0,0x56a0,0x56a0,0x56a0,0x56a0,0x56a0,
		0x56a0,0x56a0,0x56a0,0x56a0,0x56a0,0x56a0,0x56a0,0x56a0,0x56a0,0x56a0,0x56a0,0x56a0,0x56a0,0x56a0,0x56a0,0x56a0,
		0x56a0,0x56a0,0x56a0,0x56a0,0x56a0,0x56a0,0x56a0,0x56a0,0x56a0,0x56a0,0x56a0,0x56a0,0x56a0,0x56a0,0x56a0,0x56a0,
		0x56a0,0x56a0,0x56a0,0x56a0,0x56a0,0x56a0,0x56a0,0x56a0,0x56a0,0x56a0,0x56a0,0x56a0,0x56a0,0x56a0,0x56a0,0x56a0,
		0x56a0,0x56a0,0x56a0,0x56a0,0x56a0,0x56a0,0x56a0,0x56a0,0x56a0,0x56a0,0x56a0,0x56a0,0x56a0,0x56a0,0x56a0,0x56a0,
		0x56a0,0x56a0,0x56a0,0x56a0,0x5e80,0xab40,0xf060,0xf800,0xf800,0xf800,0xf800,0xf800,0xf800,0xf800,0xf060,0xb2c0,
		0x6620,0x56a0,0x56a0,0x56a0,0x56a0,0x56a0,0x56a0,0x56a0,0x56a0,0x56a0,0x56a0,0x56a0,0x56a0,0x56a0,0x56a0,0x56a0,
		0x84c0,0xd1a0,0xf800,0xf800,0xf800,0xf800,0xf800,0xf800,0xf800,0xf800,0xf800,0xf800,0xf800,0xf040,0xbaa0,0x65e0,
		0x56a0,0x56a0,0x56a0,0x56a0,0x56a0,0x6dc0,0xd1c0,0xf800,0xf800,0xf800,0xf800,0xf800,0xf800,0xf800,0xc240,0x6600,
		0x56a0,0x56a0,0x56a0,0x7d00,0xf080,0xf800,0xf800,0xf800,0xf800,0xf800,0xb2c0,0x5e60,0x56a0,0x56a0,0x56a0,0x56a0,
		0x56a0,0x7d00,0xe8a0,0xf800,0xf800,0xf800,0xf800,0xf800,0xf800,0xf800,0xf800,0xf800,0xf800,0xf800,0xd940,0x8c60,
		0x56a0,0x56a0,0x56a0,0x56a0,0x56a0,0x56a0,0x56a0,0x84c0,0xc9e0,0xd940,0xd940,0xd940,0xd940,0xd940,0xd940,0xd940,
		0xd940,0xd980,0xc260,0x9420,0x5680,0x56a0,0x56a0,0x56a0,0x56a0,0x56a0,0x56a0,0x56a0,0x56a0,0x8ca0,0xd940,0xf800,
		0xf800,0xf800,0xf800,0xf800,0xf800,0xf800,0xf800,0xe8c0,0xa380,0x5e60,0x56a0,0x56a0,0x56a0,0x56a0,0x56a0,0x56a0,
		0x56a0,0x56a0,0x6600,0xb300,0xe8c0,0xf800,0xf800,0xf800,0xf800,0xf800,0xf800,0xf800,0xf800,0xf800,0xf800,0xf800,
		0xf080,0xc220,0x7580,0x56a0,0x56a0,0x56a0,0x56a0,0x56a0,0x56a0,0x56a0,0x56a0,0x56a0,0x56a0,0x56a0,0x56a0,0x56a0,
		0x56a0,0x56a0,0x56a0,0x56a0,0x56a0,0x56a0,0x56a0,0x56a0,0x56a0,0x56a0,0x56a0,0x56a0,0x56a0,0x56a0,0x56a0,0x56a0,
		0x56a0,0x56a0,0x56a0,0x56a0,0x56a0,0x56a0,0x56a0,0x56a0,0x56a0,0x56a0,0x56a0,0x56a0,0x56a0,0x56a0,0x56a0,0x56a0,
		0x56a0,0x56a0,0x56a0,0x56a0,0x56a0,0x56a0,0x56a0,0x56a0,0x56a0,0x56a0,0x56a0,0x56a0,0x56a0,0x56a0,0x56a0,0x56a0,
		0x56a0,0x56a0,0x56a0,0x56a0,0x56a0,0x56a0,0x56a0,0x56a0,0x56a0,0x56a0,0x56a0,0x56a0,0x56a0,0x56a0,0x56a0,0x56a0,
		0x56a0,0x56a0,0x56a0,0x56a0,0x56a0,0x56a0,0x56a0,0x56a0,0x56a0,0x56a0,0x56a0,0x56a0,0x56a0,0x56a0,0x56a0,0x56a0,
		0x56a0,0x56a0,0x56a0,0x56a0,0x56a0,0x56a0,0x56a0,0x56a0,0x56a0,0x56a0,0x56a0,0x56a0,0x56a0,0x56a0,0x56a0,0x56a0,
		0x56a0,0x56a0,0x56a0,0x56a0,0x56a0,0x56a0,0x56a0,0x56a0,0x56a0,0x56a0,0x56a0,0x56a0,0x56a0,0x56a0,0x56a0,0x56a0,
		0x56a0,0x56a0,0x56a0,0x56a0,0x56a0,0x56a0,0x56a0,0x56a0,0x56a0,0x56a0,0x56a0,0x56a0,0x56a0,0x56a0,0x56a0,0x56a0,
		0x56a0,0x56a0,0x56a0,0x56a0,0x56a0,0x56a0,0x56a0,0x56a0,0x56a0,0x56a0,0x56a0,0x56a0,0x56a0,0x56a0,0x56a0,0x56a0,
		0x56a0,0x56a0,0x56a0,0x56a0,0x56a0,0x56a0,0x5e60,0x7d20,0x8c60,0x9bc0,0xa3a0,0x9420,0x8ca0,0x7540,0x5e80,0x56a0,
		0x56a0,0x56a0,0x56a0,0x56a0,0x56a0,0x56a0,0x56a0,0x56a0,0x56a0,0x56a0,0x56a0,0x56a0,0x56a0,0x56a0,0x56a0,0x56a0,
		0x56a0,0x56a0,0x5e40,0x7d20,0x8c60,0x9c00,0xa3a0,0xab40,0xa380,0xa3a0,0x9be0,0x9440,0x7d20,0x5e60,0x56a0,0x56a0,
		0x56a0,0x56a0,0x56a0,0x56a0,0x56a0,0x56a0,0x56a0,0x7560,0xa380,0xc260,0xca00,0xc260,0xa3a0,0x6da0,0x56a0,0x56a0,
		0x56a0,0x56a0,0x56a0,0x56a0,0x6600,0xa380,0xc240,0xca20,0xab40,0x6da0,0x56a0,0x56a0,0x56a0,0x56a0,0x56a0,0x56a0,
		0x56a0,0x56a0,0x5680,0x7560,0x8c80,0x9be0,0x9be0,0xa380,0xa360,0xab40,0xa380,0x9be0,0x84a0,0x65e0,0x56a0,0x56a0,
		0x56a0,0x56a0,0x56a0,0x56a0,0x56a0,0x56a0,0x56a0,0x56a0,0x56a0,0x56a0,0x56a0,0x56a0,0x56a0,0x56a0,0x56a0,0x56a0,
		0x56a0,0x56a0,0x56a0,0x56a0,0x56a0,0x56a0,0x56a0,0x56a0,0x56a0,0x56a0,0x56a0,0x56a0,0x56a0,0x56a0,0x56a0,0x6dc0,
		0x9bc0,0xb2e0,0xc240,0xca20,0xb2c0,0xa380,0x7540,0x56a0,0x56a0,0x56a0,0x56a0,0x56a0,0x56a0,0x56a0,0x56a0,0x56a0,
		0x56a0,0x56a0,0x56a0,0x56a0,0x56a0,0x65e0,0x84e0,0x9420,0x9bc0,0xa380,0xa380,0x9be0,0x9400,0x8c60,0x84e0,0x6600,
		0x56a0,0x56a0,0x56a0,0x56a0,0x56a0,0x56a0,0x56a0,0x56a0,0x56a0,0x56a0,0x56a0,0x56a0,0x56a0,0x56a0,0x56a0,0x56a0,
		0x56a0,0x56a0,0x56a0,0x56a0,0x56a0,0x56a0,0x56a0,0x56a0,0x56a0,0x56a0,0x56a0,0x56a0,0x56a0,0x56a0,0x56a0,0x56a0,
		0x56a0,0x56a0,0x56a0,0x56a0,0x56a0,0x56a0,0x56a0,0x56a0,0x56a0,0x56a0,0x56a0,0x56a0,0x56a0,0x56a0,0x56a0,0x56a0,
		0x56a0,0x56a0,0x56a0,0x56a0,0x56a0,0x56a0,0x56a0,0x56a0,0x56a0,0x56a0,0x56a0,0x56a0,0x56a0,0x56a0,0x56a0,0x56a0,
		0x56a0,0x56a0,0x56a0,0x56a0,0x56a0,0x56a0,0x56a0,0x56a0,0x56a0,0x56a0,0x56a0,0x56a0,0x56a0,0x56a0,0x56a0,0x56a0,
		0x56a0,0x56a0,0x56a0,0x56a0,0x56a0,0x56a0,0x56a0,0x56a0,0x56a0,0x56a0,0x56a0,0x56a0,0x56a0,0x56a0,0x56a0,0x56a0,
		0x56a0,0x56a0,0x56a0,0x56a0,0x56a0,0x56a0,0x56a0,0x56a0,0x56a0,0x56a0,0x56a0,0x56a0,0x56a0,0x56a0,0x56a0,0x56a0,
		0x56a0,0x56a0,0x56a0,0x56a0,0x56a0,0x56a0,0x56a0,0x56a0,0x56a0,0x56a0,0x56a0,0x56a0,0x56a0,0x56a0,0x56a0,0x56a0,
		0x56a0,0x56a0,0x56a0,0x56a0,0x56a0,0x56a0,0x56a0,0x56a0,0x56a0,0x56a0,0x56a0,0x56a0,0x56a0,0x56a0,0x56a0,0x56a0,
		0x56a0,0x56a0,0x56a0,0x56a0,0x56a0,0x56a0,0x56a0,0x56a0,0x56a0,0x56a0,0x56a0,0x56a0,0x56a0,0x56a0,0x56a0,0x56a0,
		0x56a0,0x56a0,0x56a0,0x56a0,0x56a0,0x56a0,0x56a0,0x56a0,0x56a0,0x56a0,0x56a0,0x56a0,0x56a0,0x56a0,0x56a0,0x56a0,
		0x56a0,0x56a0,0x56a0,0x56a0,0x56a0,0x56a0,0x56a0,0x56a0,0x56a0,0x56a0,0x56a0,0x56a0,0x56a0,0x56a0,0x56a0,0x56a0,
		0x56a0,0x56a0,0x56a0,0x56a0,0x56a0,0x56a0,0x56a0,0x56a0,0x56a0,0x56a0,0x56a0,0x56a0,0x56a0,0x56a0,0x56a0,0x56a0,
		0x56a0,0x56a0,0x56a0,0x56a0,0x56a0,0x56a0,0x56a0,0x56a0,0x56a0,0x56a0,0x56a0,0x56a0,0x56a0,0x56a0,0x56a0,0x56a0,
		0x56a0,0x56a0,0x56a0,0x56a0,0x56a0,0x56a0,0x56a0,0x56a0,0x56a0,0x56a0,0x56a0,0x56a0,0x56a0,0x56a0,0x56a0,0x56a0,
		0x56a0,0x56a0,0x56a0,0x56a0,0x56a0,0x56a0,0x56a0,0x56a0,0x56a0,0x56a0,0x56a0,0x56a0,0x56a0,0x56a0,0x56a0,0x56a0,
		0x56a0,0x56a0,0x56a0,0x56a0,0x56a0,0x56a0,0x56a0,0x56a0,0x56a0,0x56a0,0x56a0,0x56a0,0x56a0,0x56a0,0x56a0,0x56a0,
		0x56a0,0x56a0,0x56a0,0x56a0,0x56a0,0x56a0,0x56a0,0x56a0,0x56a0,0x56a0,0x56a0,0x56a0,0x56a0,0x56a0,0x56a0,0x56a0,
		0x56a0,0x56a0,0x56a0,0x56a0,0x56a0,0x56a0,0x56a0,0x56a0,0x56a0,0x56a0,0x56a0,0x56a0,0x56a0,0x56a0,0x56a0,0x56a0,
		0x56a0,0x56a0,0x56a0,0x56a0,0x56a0,0x56a0,0x56a0,0x56a0,0x56a0,0x56a0,0x56a0,0x56a0,0x56a0,0x56a0,0x56a0,0x56a0,
		0x56a0,0x56a0,0x56a0,0x56a0,0x56a0,0x56a0,0x56a0,0x56a0,0x56a0,0x56a0,0x56a0,0x56a0,0x56a0,0x56a0,0x56a0,0x56a0,
		0x56a0,0x56a0,0x56a0,0x56a0,0x56a0,0x56a0,0x56a0,0x56a0,0x56a0,0x56a0,0x56a0,0x56a0,0x56a0,0x56a0,0x56a0,0x56a0,
		0x56a0,0x56a0,0x56a0,0x56a0,0x56a0,0x56a0,0x56a0,0x56a0,0x56a0,0x56a0,0x56a0,0x56a0,0x56a0,0x56a0,0x56a0,0x56a0,
		0x56a0,0x56a0,0x56a0,0x56a0,0x56a0,0x56a0,0x56a0,0x56a0,0x56a0,0x56a0,0x56a0,0x56a0,0x56a0,0x56a0,0x56a0,0x56a0,
		0x56a0,0x56a0,0x56a0,0x56a0,0x56a0,0x56a0,0x56a0,0x56a0,0x56a0,0x56a0,0x56a0,0x56a0,0x56a0,0x56a0,0x56a0,0x56a0,
		0x56a0,0x56a0,0x56a0,0x56a0,0x56a0,0x56a0,0x56a0,0x56a0,0x56a0,0x56a0,0x56a0,0x56a0,0x56a0,0x56a0,0x56a0,0x56a0,
		0x56a0,0x56a0,0x56a0,0x56a0,0x56a0,0x56a0,0x56a0,0x56a0,0x56a0,0x56a0,0x56a0,0x56a0,0x56a0,0x56a0,0x56a0,0x56a0,
		0x56a0,0x56a0,0x56a0,0x56a0,0x56a0,0x56a0,0x56a0,0x56a0,0x56a0,0x56a0,0x56a0,0x56a0,0x56a0,0x56a0,0x56a0,0x56a0,
		0x56a0,0x56a0,0x56a0,0x56a0,0x56a0,0x56a0,0x56a0,0x56a0,0x56a0,0x56a0,0x56a0,0x56a0,0x56a0,0x56a0,0x56a0,0x56a0,
		0x56a0,0x56a0,0x56a0,0x56a0,0x56a0,0x56a0,0x56a0,0x56a0,0x56a0,0x56a0,0x56a0,0x56a0,0x56a0,0x56a0,0x56a0,0x56a0,
		0x56a0,0x56a0,0x56a0,0x56a0,0x56a0,0x56a0,0x56a0,0x56a0,0x56a0,0x56a0,0x56a0,0x56a0,0x56a0,0x56a0,0x56a0,0x56a0,
		0x56a0,0x56a0,0x56a0,0x56a0,0x56a0,0x56a0,0x56a0,0x56a0,0x56a0,0x56a0,0x56a0,0x56a0,0x56a0,0x56a0,0x56a0,0x56a0,
		0x56a0,0x56a0,0x56a0,0x56a0,0x56a0,0x56a0,0x56a0,0x56a0,0x56a0,0x56a0,0x56a0,0x56a0,0x56a0,0x56a0,0x56a0,0x56a0,
		0x56a0,0x56a0,0x56a0,0x56a0,0x56a0,0x56a0,0x56a0,0x56a0,0x56a0,0x56a0,0x56a0,0x56a0,0x56a0,0x56a0,0x56a0,0x56a0,
		0x56a0,0x56a0,0x56a0,0x56a0,0x56a0,0x56a0,0x56a0,0x56a0,0x56a0,0x56a0,0x56a0,0x56a0,0x56a0,0x56a0,0x56a0,0x56a0,
		0x56a0,0x56a0,0x56a0,0x56a0,0x56a0,0x56a0,0x56a0,0x56a0,0x56a0,0x56a0,0x56a0,0x56a0,0x56a0,0x56a0,0x56a0,0x56a0,
		0x56a0,0x56a0,0x56a0,0x56a0,0x56a0,0x56a0,0x56a0,0x56a0,0x56a0,0x56a0,0x56a0,0x56a0,0x56a0,0x56a0,0x56a0,0x56a0,
		0x56a0,0x56a0,0x56a0,0x56a0,0x56a0,0x56a0,0x56a0,0x56a0,0x56a0,0x56a0,0x56a0,0x56a0,0x56a0,0x56a0,0x56a0,0x56a0,
		0x56a0,0x56a0,0x56a0,0x56a0,0x56a0,0x56a0,0x56a0,0x56a0,0x56a0,0x56a0,0x56a0,0x56a0,0x56a0,0x56a0,0x56a0,0x56a0,
		0x56a0,0x56a0,0x56a0,0x56a0,0x56a0,0x56a0,0x56a0,0x56a0,0x56a0,0x56a0,0x56a0,0x56a0,0x56a0,0x56a0,0x56a0,0x56a0,
		0x56a0,0x56a0,0x56a0,0x56a0,0x56a0,0x56a0,0x56a0,0x56a0,0x56a0,0x56a0,0x56a0,0x56a0,0x56a0,0x56a0,0x56a0,0x56a0,
		0x56a0,0x56a0,0x56a0,0x56a0,0x56a0,0x56a0,0x56a0,0x56a0,0x56a0,0x56a0,0x56a0,0x56a0,0x56a0,0x56a0,0x56a0,0x56a0,
		0x56a0,0x56a0,0x56a0,0x56a0,0x56a0,0x56a0,0x56a0,0x56a0,0x56a0,0x56a0,0x56a0,0x56a0,0x56a0,0x56a0,0x56a0,0x56a0,
		0x56a0,0x56a0,0x56a0,0x56a0,0x56a0,0x56a0,0x56a0,0x56a0,0x56a0,0x56a0,0x56a0,0x56a0,0x56a0,0x56a0,0x56a0,0x56a0,
		0x56a0,0x56a0,0x56a0,0x56a0,0x56a0,0x56a0,0x56a0,0x56a0,0x56a0,0x56a0,0x56a0,0x56a0,0x56a0,0x56a0,0x56a0,0x56a0,
		0x56a0,0x56a0,0x56a0,0x56a0,0x56a0,0x56a0,0x56a0,0x56a0,0x56a0,0x56a0,0x56a0,0x56a0,0x56a0,0x56a0,0x56a0,0x56a0,
		0x56a0,0x56a0,0x56a0,0x56a0,0x56a0,0x56a0,0x56a0,0x56a0,0x56a0,0x56a0,0x56a0,0x56a0,0x56a0,0x56a0,0x56a0,0x56a0,
		0x56a0,0x56a0,0x56a0,0x56a0,0x56a0,0x56a0,0x56a0,0x56a0,0x56a0,0x56a0,0x56a0,0x56a0,0x56a0,0x56a0,0x56a0,0x56a0,
		0x56a0,0x56a0,0x56a0,0x56a0,0x56a0,0x56a0,0x56a0,0x56a0,0x56a0,0x56a0,0x56a0,0x56a0,0x56a0,0x56a0,0x56a0,0x56a0,
		0x56a0,0x56a0,0x56a0,0x56a0,0x56a0,0x56a0,0x56a0,0x56a0,0x56a0,0x56a0,0x56a0,0x56a0,0x56a0,0x56a0,0x56a0,0x56a0,
		0x56a0,0x56a0,0x56a0,0x56a0,0x56a0,0x56a0,0x56a0,0x56a0,0x56a0,0x56a0,0x56a0,0x56a0,0x56a0,0x56a0,0x56a0,0x56a0,
		0x56a0,0x56a0,0x56a0,0x56a0,0x56a0,0x56a0,0x56a0,0x56a0,0x56a0,0x56a0,0x56a0,0x56a0,0x56a0,0x56a0,0x56a0,0x56a0,
		0x56a0,0x56a0,0x56a0,0x56a0,0x56a0,0x56a0,0x56a0,0x56a0,0x56a0,0x56a0,0x56a0,0x56a0,0x56a0,0x56a0,0x56a0,0x56a0,
		0x56a0,0x56a0,0x56a0,0x56a0,0x56a0,0x56a0,0x56a0,0x56a0,0x56a0,0x56a0,0x56a0,0x56a0,0x56a0,0x56a0,0x56a0,0x56a0,
		0x56a0,0x56a0,0x56a0,0x56a0,0x56a0,0x56a0,0x56a0,0x56a0,0x56a0,0x56a0,0x56a0,0x56a0,0x56a0,0x56a0,0x56a0,0x56a0,
		0x56a0,0x56a0,0x56a0,0x56a0,0x56a0,0x56a0,0x56a0,0x56a0,0x56a0,0x56a0,0x56a0,0x56a0,0x56a0,0x56a0,0x56a0,0x56a0,
		0x56a0,0x56a0,0x56a0,0x56a0,0x56a0,0x56a0,0x56a0,0x56a0,0x56a0,0x56a0,0x56a0,0x56a0,0x56a0,0x56a0,0x56a0,0x56a0,
		0x56a0,0x56a0,0x56a0,0x56a0,0x56a0,0x56a0,0x56a0,0x56a0,0x56a0,0x56a0,0x56a0,0x56a0,0x56a0,0x56a0,0x56a0,0x56a0,
		0x56a0,0x56a0,0x56a0,0x56a0,0x56a0,0x56a0,0x56a0,0x56a0,0x56a0,0x56a0,0x56a0,0x56a0,0x56a0,0x56a0,0x56a0,0x56a0,
		0x56a0,0x56a0,0x56a0,0x56a0,0x56a0,0x56a0,0x56a0,0x56a0,0x56a0,0x56a0,0x56a0,0x56a0,0x56a0,0x56a0,0x56a0,0x56a0,
		0x56a0,0x56a0,0x56a0,0x56a0,0x56a0,0x56a0,0x56a0,0x56a0,0x56a0,0x56a0,0x56a0,0x56a0,0x56a0,0x56a0,0x56a0,0x56a0,
		0x56a0,0x56a0,0x56a0,0x56a0,0x56a0,0x56a0,0x56a0,0x56a0,0x56a0,0x56a0,0x56a0,0x56a0,0x56a0,0x56a0,0x56a0,0x56a0,
		0x56a0,0x56a0,0x56a0,0x56a0,0x56a0,0x56a0,0x56a0,0x56a0,0x56a0,0x56a0,0x56a0,0x56a0,0x56a0,0x56a0,0x56a0,0x56a0,
		0x56a0,0x56a0,0x56a0,0x56a0,0x56a0,0x56a0,0x56a0,0x56a0,0x56a0,0x56a0,0x56a0,0x56a0,0x56a0,0x56a0,0x56a0,0x56a0,
		0x56a0,0x56a0,0x56a0,0x56a0,0x56a0,0x56a0,0x56a0,0x56a0,0x56a0,0x56a0,0x56a0,0x56a0,0x56a0,0x56a0,0x56a0,0x56a0,
		0x56a0,0x56a0,0x56a0,0x56a0,0x56a0,0x56a0,0x56a0,0x56a0,0x56a0,0x56a0,0x56a0,0x56a0,0x56a0,0x56a0,0x56a0,0x56a0,
		0x56a0,0x56a0,0x56a0,0x56a0,0x56a0,0x56a0,0x56a0,0x56a0,0x56a0,0x56a0,0x56a0,0x56a0,0x56a0,0x56a0,0x56a0,0x56a0,
		0x56a0,0x56a0,0x56a0,0x56a0,0x56a0,0x56a0,0x56a0,0x56a0,0x56a0,0x56a0,0x56a0,0x56a0,0x56a0,0x56a0,0x56a0,0x56a0,
		0x56a0,0x56a0,0x56a0,0x56a0,0x56a0,0x56a0,0x56a0,0x56a0,0x56a0,0x56a0,0x56a0,0x56a0,0x56a0,0x56a0,0x56a0,0x56a0,
		0x56a0,0x56a0,0x56a0,0x56a0,0x56a0,0x56a0,0x56a0,0x56a0,0x56a0,0x56a0,0x56a0,0x56a0,0x56a0,0x56a0,0x56a0,0x56a0,
		0x56a0,0x56a0,0x56a0,0x56a0,0x56a0,0x56a0,0x56a0,0x56a0,0x56a0,0x56a0,0x56a0,0x56a0,0x56a0,0x56a0,0x56a0,0x56a0,
		0x56a0,0x56a0,0x56a0,0x56a0,0x56a0,0x56a0,0x56a0,0x56a0,0x56a0,0x56a0,0x56a0,0x56a0,0x56a0,0x56a0,0x56a0,0x56a0,
		0x56a0,0x56a0,0x56a0,0x56a0,0x56a0,0x56a0,0x56a0,0x56a0,0x56a0,0x56a0,0x56a0,0x56a0,0x56a0,0x56a0,0x56a0,0x56a0,
		0x56a0,0x56a0,0x56a0,0x56a0,0x56a0,0x56a0,0x56a0,0x56a0,0x56a0,0x56a0,0x56a0,0x56a0,0x56a0,0x56a0,0x56a0,0x56a0,
		0x56a0,0x56a0,0x56a0,0x56a0,0x56a0,0x56a0,0x56a0,0x56a0,0x56a0,0x56a0,0x56a0,0x56a0,0x56a0,0x56a0,0x56a0,0x56a0,
		0x56a0,0x56a0,0x56a0,0x56a0,0x56a0,0x56a0,0x56a0,0x56a0,0x56a0,0x56a0,0x56a0,0x56a0,0x56a0,0x56a0,0x56a0,0x56a0,
		0x56a0,0x56a0,0x56a0,0x56a0,0x56a0,0x56a0,0x56a0,0x56a0,0x56a0,0x56a0,0x56a0,0x56a0,0x56a0,0x56a0,0x56a0,0x56a0,
		0x56a0,0x56a0,0x56a0,0x56a0,0x56a0,0x56a0,0x56a0,0x56a0,0x56a0,0x56a0,0x56a0,0x56a0,0x56a0,0x56a0,0x56a0,0x56a0,
		0x56a0,0x56a0,0x56a0,0x56a0,0x56a0,0x56a0,0x56a0,0x56a0,0x56a0,0x56a0,0x56a0,0x56a0,0x56a0,0x56a0,0x56a0,0x56a0,
		0x56a0,0x56a0,0x56a0,0x56a0,0x56a0,0x56a0,0x56a0,0x56a0,0x56a0,0x56a0,0x56a0,0x56a0,0x56a0,0x56a0,0x56a0,0x56a0,
		0x56a0,0x56a0,0x56a0,0x56a0,0x56a0,0x56a0,0x56a0,0x56a0,0x56a0,0x56a0,0x56a0,0x56a0,0x56a0,0x56a0,0x56a0,0x56a0,
		0x56a0,0x56a0,0x56a0,0x56a0,0x56a0,0x56a0,0x56a0,0x56a0,0x56a0,0x56a0,0x56a0,0x56a0,0x56a0,0x56a0,0x56a0,0x56a0,
		0x56a0,0x56a0,0x56a0,0x56a0,0x56a0,0x56a0,0x56a0,0x56a0,0x56a0,0x56a0,0x56a0,0x56a0,0x56a0,0x56a0,0x56a0,0x56a0,
		0x56a0,0x56a0,0x56a0,0x56a0,0x56a0,0x56a0,0x56a0,0x56a0,0x56a0,0x56a0,0x56a0,0x56a0,0x56a0,0x56a0,0x56a0,0x56a0,
		0x56a0,0x56a0,0x56a0,0x56a0,0x56a0,0x56a0,0x56a0,0x56a0,0x56a0,0x56a0,0x56a0,0x56a0,0x56a0,0x56a0,0x56a0,0x56a0,
		0x56a0,0x56a0,0x56a0,0x56a0,0x56a0,0x56a0,0x56a0,0x56a0,0x56a0,0x56a0,0x56a0,0x56a0,0x56a0,0x56a0,0x56a0,0x56a0,
		0x56a0,0x56a0,0x56a0,0x56a0,0x56a0,0x56a0,0x56a0,0x56a0,0x56a0,0x56a0,0x56a0,0x56a0,0x56a0,0x56a0,0x56a0,0x56a0,
		0x56a0,0x56a0,0x56a0,0x56a0,0x56a0,0x56a0,0x56a0,0x56a0,0x56a0,0x56a0,0x56a0,0x56a0,0x56a0,0x56a0,0x56a0,0x56a0,
		0x56a0,0x56a0,0x56a0,0x56a0,0x56a0,0x56a0,0x56a0,0x56a0,0x56a0,0x56a0,0x56a0,0x56a0,0x56a0,0x56a0,0x56a0,0x56a0,
		0x56a0,0x56a0,0x56a0,0x56a0,0x56a0,0x56a0,0x56a0,0x56a0,0x56a0,0x56a0,0x56a0,0x56a0,0x56a0,0x56a0,0x56a0,0x56a0,
		0x56a0,0x56a0,0x56a0,0x56a0,0x56a0,0x56a0,0x56a0,0x56a0,0x56a0,0x56a0,0x56a0,0x56a0,0x56a0,0x56a0,0x56a0,0x56a0,
		0x56a0,0x56a0,0x56a0,0x56a0,0x56a0,0x56a0,0x56a0,0x56a0,0x56a0,0x56a0,0x56a0,0x56a0,0x56a0,0x56a0,0x56a0,0x56a0,
		0x56a0,0x56a0,0x56a0,0x56a0,0x56a0,0x56a0,0x56a0,0x56a0,0x56a0,0x56a0,0x56a0,0x56a0,0x56a0,0x56a0,0x56a0,0x56a0,
		0x56a0,0x56a0,0x56a0,0x56a0,0x56a0,0x56a0,0x56a0,0x56a0,0x56a0,0x56a0,0x56a0,0x56a0,0x56a0,0x56a0,0x56a0,0x56a0,
		0x56a0,0x56a0,0x56a0,0x56a0,0x56a0,0x56a0,0x56a0,0x56a0,0x56a0,0x56a0,0x56a0,0x56a0,0x56a0,0x56a0,0x56a0,0x56a0,
		0x56a0,0x56a0,0x56a0,0x56a0,0x56a0,0x56a0,0x56a0,0x56a0,0x56a0,0x56a0,0x56a0,0x56a0,0x56a0,0x56a0,0x56a0,0x56a0,
		0x56a0,0x56a0,0x56a0,0x56a0,0x56a0,0x56a0,0x56a0,0x56a0,0x56a0,0x56a0,0x56a0,0x56a0,0x56a0,0x56a0,0x56a0,0x56a0,
		0x56a0,0x56a0,0x56a0,0x56a0,0x56a0,0x56a0,0x56a0,0x56a0,0x56a0,0x56a0,0x56a0,0x56a0,0x56a0,0x56a0,0x56a0,0x56a0,
		0x56a0,0x56a0,0x56a0,0x56a0,0x56a0,0x56a0,0x56a0,0x56a0,0x56a0,0x56a0,0x56a0,0x56a0,0x56a0,0x56a0,0x56a0,0x56a0,
		0x56a0,0x56a0,0x56a0,0x56a0,0x56a0,0x56a0,0x56a0,0x56a0,0x56a0,0x56a0,0x56a0,0x56a0,0x56a0,0x56a0,0x56a0,0x56a0,
		0x56a0,0x56a0,0x56a0,0x56a0,0x56a0,0x56a0,0x56a0,0x56a0,0x56a0,0x56a0,0x56a0,0x56a0,0x56a0,0x56a0,0x56a0,0x56a0,
		0x56a0,0x56a0,0x56a0,0x56a0,0x56a0,0x56a0,0x56a0,0x56a0,0x56a0,0x56a0,0x56a0,0x56a0,0x56a0,0x56a0,0x56a0,0x56a0,
		0x56a0,0x56a0,0x56a0,0x56a0,0x56a0,0x56a0,0x56a0,0x56a0,0x56a0,0x56a0,0x56a0,0x56a0,0x56a0,0x56a0,0x56a0,0x56a0,
		0x56a0,0x56a0,0x56a0,0x56a0,0x56a0,0x56a0,0x56a0,0x56a0,0x56a0,0x56a0,0x56a0,0x56a0,0x56a0,0x56a0,0x56a0,0x56a0,
		0x56a0,0x56a0,0x56a0,0x56a0,0x56a0,0x56a0,0x56a0,0x56a0,0x56a0,0x56a0,0x56a0,0x56a0,0x56a0,0x56a0,0x56a0,0x56a0,
		0x56a0,0x56a0,0x56a0,0x56a0,0x56a0,0x56a0,0x56a0,0x56a0,0x56a0,0x56a0,0x56a0,0x56a0,0x56a0,0x56a0,0x56a0,0x56a0,
		0x56a0,0x56a0,0x56a0,0x56a0,0x56a0,0x56a0,0x56a0,0x56a0,0x56a0,0x56a0,0x56a0,0x56a0,0x56a0,0x56a0,0x56a0,0x56a0,
		0x56a0,0x56a0,0x56a0,0x56a0,0x56a0,0x56a0,0x56a0,0x56a0,0x56a0,0x56a0,0x56a0,0x56a0,0x56a0,0x56a0,0x56a0,0x56a0,
		0x56a0,0x56a0,0x56a0,0x56a0,0x56a0,0x56a0,0x56a0,0x56a0,0x56a0,0x56a0,0x56a0,0x56a0,0x56a0,0x56a0,0x56a0,0x56a0,
		0x56a0,0x56a0,0x56a0,0x56a0,0x56a0,0x56a0,0x56a0,0x56a0,0x56a0,0x56a0,0x56a0,0x56a0,0x56a0,0x56a0,0x56a0,0x56a0,
		0x56a0,0x56a0,0x56a0,0x56a0,0x56a0,0x56a0,0x56a0,0x56a0,0x56a0,0x56a0,0x56a0,0x56a0,0x56a0,0x56a0,0x56a0,0x56a0,
		0x56a0,0x56a0,0x56a0,0x56a0,0x56a0,0x56a0,0x56a0,0x56a0,0x56a0,0x56a0,0x56a0,0x56a0,0x56a0,0x56a0,0x56a0,0x56a0,
		0x56a0,0x56a0,0x56a0,0x56a0,0x56a0,0x56a0,0x56a0,0x56a0,0x56a0,0x56a0,0x56a0,0x56a0,0x56a0,0x56a0,0x56a0,0x56a0,
		0x56a0,0x56a0,0x56a0,0x56a0,0x56a0,0x56a0,0x56a0,0x56a0,0x56a0,0x56a0,0x56a0,0x56a0,0x56a0,0x56a0,0x56a0,0x56a0,
		0x56a0,0x56a0,0x56a0,0x56a0,0x56a0,0x56a0,0x56a0,0x56a0,0x56a0,0x56a0,0x56a0,0x56a0,0x56a0,0x56a0,0x56a0,0x56a0,
		0x56a0,0x56a0,0x56a0,0x56a0,0x56a0,0x56a0,0x56a0,0x56a0,0x56a0,0x56a0,0x56a0,0x56a0,0x56a0,0x56a0,0x56a0,0x56a0,
		0x56a0,0x56a0,0x56a0,0x56a0,0x56a0,0x56a0,0x56a0,0x56a0,0x56a0,0x56a0,0x56a0,0x56a0,0x56a0,0x56a0,0x56a0,0x56a0,
		0x56a0,0x56a0,0x56a0,0x56a0,0x56a0,0x56a0,0x56a0,0x56a0,0x56a0,0x56a0,0x56a0,0x56a0,0x56a0,0x56a0,0x56a0,0x56a0,
		0x56a0,0x56a0,0x56a0,0x56a0,0x56a0,0x56a0,0x56a0,0x56a0,0x56a0,0x56a0,0x56a0,0x56a0,0x56a0,0x56a0,0x56a0,0x56a0,
		0x56a0,0x56a0,0x56a0,0x56a0,0x56a0,0x56a0,0x56a0,0x56a0,0x56a0,0x56a0,0x56a0,0x56a0,0x56a0,0x56a0,0x56a0,0x56a0,
		0x56a0,0x56a0,0x56a0,0x56a0,0x56a0,0x56a0,0x56a0,0x56a0,0x56a0,0x56a0,0x56a0,0x56a0,0x56a0,0x56a0,0x56a0,0x56a0,
		0x56a0,0x56a0,0x56a0,0x56a0,0x56a0,0x56a0,0x56a0,0x56a0,0x56a0,0x56a0,0x56a0,0x56a0,0x56a0,0x56a0,0x56a0,0x56a0,
		0x56a0,0x56a0,0x56a0,0x56a0,0x56a0,0x56a0,0x56a0,0x56a0,0x56a0,0x56a0,0x56a0,0x56a0,0x56a0,0x56a0,0x56a0,0x56a0,
		0x56a0,0x56a0,0x56a0,0x56a0,0x56a0,0x56a0,0x56a0,0x56a0,0x56a0,0x56a0,0x56a0,0x56a0,0x56a0,0x56a0,0x56a0,0x56a0,
		0x56a0,0x56a0,0x56a0,0x56a0,0x56a0,0x56a0,0x56a0,0x56a0,0x56a0,0x56a0,0x56a0,0x56a0,0x56a0,0x56a0,0x56a0,0x56a0,
		0x56a0,0x56a0,0x56a0,0x56a0,0x56a0,0x56a0,0x56a0,0x56a0,0x56a0,0x56a0,0x56a0,0x56a0,0x56a0,0x56a0,0x56a0,0x56a0,
		0x56a0,0x56a0,0x56a0,0x56a0,0x56a0,0x56a0,0x56a0,0x56a0,0x56a0,0x56a0,0x56a0,0x56a0,0x56a0,0x56a0,0x56a0,0x56a0,
		0x56a0,0x56a0,0x56a0,0x56a0,0x56a0,0x56a0,0x56a0,0x56a0,0x56a0,0x56a0,0x56a0,0x56a0,0x56a0,0x56a0,0x56a0,0x56a0,
		0x56a0,0x56a0,0x56a0,0x56a0,0x56a0,0x56a0,0x56a0,0x56a0,0x56a0,0x56a0,0x56a0,0x56a0,0x56a0,0x56a0,0x56a0,0x56a0,
		0x56a0,0x56a0,0x56a0,0x56a0,0x56a0,0x56a0,0x56a0,0x56a0,0x56a0,0x56a0,0x4e02,0x5661,0x56a0,0x56a0,0x56a0,0x56a0,
		0x56a0,0x56a0,0x56a0,0x56a0,0x56a0,0x5680,0x4dc3,0x4dc4,0x56a0,0x56a0,0x56a0,0x56a0,0x56a0,0x56a0,0x56a0,0x56a0,
		0x56a0,0x56a0,0x56a0,0x56a0,0x56a0,0x56a0,0x56a0,0x56a0,0x56a0,0x56a0,0x56a0,0x56a0,0x56a0,0x56a0,0x56a0,0x56a0,
		0x56a0,0x56a0,0x56a0,0x56a0,0x56a0,0x56a0,0x56a0,0x56a0,0x56a0,0x56a0,0x56a0,0x56a0,0x56a0,0x56a0,0x56a0,0x56a0,
		0x56a0,0x56a0,0x56a0,0x56a0,0x56a0,0x56a0,0x56a0,0x56a0,0x56a0,0x56a0,0x56a0,0x56a0,0x56a0,0x56a0,0x56a0,0x56a0,
		0x56a0,0x56a0,0x56a0,0x56a0,0x56a0,0x56a0,0x56a0,0x56a0,0x56a0,0x56a0,0x56a0,0x56a0,0x56a0,0x56a0,0x56a0,0x56a0,
		0x56a0,0x56a0,0x56a0,0x56a0,0x56a0,0x56a0,0x56a0,0x56a0,0x56a0,0x56a0,0x56a0,0x56a0,0x56a0,0x56a0,0x56a0,0x56a0,
		0x56a0,0x56a0,0x56a0,0x56a0,0x56a0,0x56a0,0x56a0,0x56a0,0x56a0,0x56a0,0x56a0,0x56a0,0x56a0,0x56a0,0x56a0,0x56a0,
		0x56a0,0x56a0,0x56a0,0x56a0,0x56a0,0x56a0,0x56a0,0x56a0,0x56a0,0x56a0,0x56a0,0x56a0,0x56a0,0x56a0,0x56a0,0x56a0,
		0x56a0,0x56a0,0x56a0,0x56a0,0x56a0,0x56a0,0x56a0,0x56a0,0x56a0,0x56a0,0x56a0,0x56a0,0x56a0,0x56a0,0x56a0,0x56a0,
		0x56a0,0x56a0,0x56a0,0x56a0,0x56a0,0x56a0,0x56a0,0x56a0,0x56a0,0x56a0,0x56a0,0x56a0,0x56a0,0x56a0,0x56a0,0x56a0,
		0x56a0,0x56a0,0x56a0,0x56a0,0x56a0,0x56a0,0x56a0,0x56a0,0x56a0,0x56a0,0x56a0,0x56a0,0x56a0,0x56a0,0x56a0,0x56a0,
		0x56a0,0x56a0,0x56a0,0x56a0,0x56a0,0x56a0,0x56a0,0x56a0,0x56a0,0x56a0,0x56a0,0x56a0,0x56a0,0x56a0,0x56a0,0x56a0,
		0x56a0,0x56a0,0x56a0,0x56a0,0x56a0,0x56a0,0x56a0,0x56a0,0x56a0,0x56a0,0x56a0,0x56a0,0x56a0,0x56a0,0x56a0,0x56a0,
		0x56a0,0x56a0,0x56a0,0x56a0,0x56a0,0x56a0,0x56a0,0x56a0,0x56a0,0x56a0,0x56a0,0x56a0,0x56a0,0x56a0,0x56a0,0x56a0,
		0x56a0,0x56a0,0x56a0,0x56a0,0x56a0,0x56a0,0x56a0,0x56a0,0x56a0,0x56a0,0x56a0,0x56a0,0x56a0,0x56a0,0x56a0,0x56a0,
		0x56a0,0x56a0,0x56a0,0x56a0,0x56a0,0x56a0,0x56a0,0x56a0,0x56a0,0x56a0,0x56a0,0x56a0,0x56a0,0x56a0,0x56a0,0x56a0,
		0x56a0,0x56a0,0x56a0,0x56a0,0x56a0,0x56a0,0x56a0,0x56a0,0x56a0,0x56a0,0x56a0,0x56a0,0x56a0,0x4e22,0x1a16,0x08fb,
		0x08fb,0x093a,0x1159,0x1159,0x093a,0x08fb,0x08fb,0x08fb,0x08dc,0x08fb,0x11b8,0x2b11,0x4dc4,0x56a0,0x56a0,0x56a0,
		0x56a0,0x56a0,0x56a0,0x56a0,0x56a0,0x56a0,0x56a0,0x56a0,0x56a0,0x56a0,0x56a0,0x56a0,0x56a0,0x56a0,0x56a0,0x56a0,
		0x56a0,0x56a0,0x56a0,0x56a0,0x56a0,0x56a0,0x56a0,0x56a0,0x56a0,0x2b6f,0x001f,0x001f,0x08dc,0x1159,0x1159,0x1159,
		0x1159,0x1159,0x1159,0x1159,0x093a,0x003e,0x001f,0x001f,0x2bae,0x56a0,0x56a0,0x56a0,0x56a0,0x56a0,0x56a0,0x56a0,
		0x56a0,0x56a0,0x56a0,0x56a0,0x56a0,0x56a0,0x56a0,0x56a0,0x56a0,0x56a0,0x56a0,0x56a0,0x56a0,0x56a0,0x56a0,0x56a0,
		0x56a0,0x56a0,0x56a0,0x56a0,0x56a0,0x56a0,0x56a0,0x56a0,0x56a0,0x56a0,0x56a0,0x56a0,0x56a0,0x56a0,0x56a0,0x56a0,
		0x56a0,0x56a0,0x56a0,0x56a0,0x56a0,0x56a0,0x56a0,0x56a0,0x56a0,0x56a0,0x56a0,0x56a0,0x56a0,0x56a0,0x56a0,0x56a0,
		0x56a0,0x56a0,0x56a0,0x56a0,0x56a0,0x56a0,0x56a0,0x56a0,0x5680,0x3ca9,0x22b3,0x11b7,0x1198,0x2311,0x5661,0x56a0,
		0x56a0,0x56a0,0x56a0,0x56a0,0x56a0,0x56a0,0x56a0,0x56a0,0x56a0,0x56a0,0x56a0,0x56a0,0x56a0,0x56a0,0x56a0,0x56a0,
		0x56a0,0x56a0,0x56a0,0x56a0,0x56a0,0x56a0,0x56a0,0x56a0,0x56a0,0x56a0,0x56a0,0x56a0,0x56a0,0x56a0,0x56a0,0x56a0,
		0x56a0,0x56a0,0x56a0,0x56a0,0x56a0,0x56a0,0x56a0,0x56a0,0x56a0,0x56a0,0x56a0,0x56a0,0x56a0,0x56a0,0x56a0,0x56a0,
		0x56a0,0x56a0,0x56a0,0x56a0,0x56a0,0x56a0,0x56a0,0x56a0,0x56a0,0x56a0,0x56a0,0x56a0,0x56a0,0x56a0,0x56a0,0x56a0,
		0x56a0,0x56a0,0x56a0,0x56a0,0x56a0,0x56a0,0x56a0,0x56a0,0x56a0,0x56a0,0x56a0,0x56a0,0x56a0,0x56a0,0x56a0,0x56a0,
		0x56a0,0x56a0,0x56a0,0x56a0,0x56a0,0x56a0,0x56a0,0x56a0,0x56a0,0x56a0,0x56a0,0x56a0,0x56a0,0x56a0,0x56a0,0x56a0,
		0x56a0,0x56a0,0x56a0,0x56a0,0x56a0,0x56a0,0x56a0,0x56a0,0x56a0,0x56a0,0x56a0,0x56a0,0x56a0,0x56a0,0x56a0,0x56a0,
		0x56a0,0x56a0,0x56a0,0x56a0,0x56a0,0x56a0,0x56a0,0x56a0,0x56a0,0x56a0,0x56a0,0x56a0,0x56a0,0x56a0,0x56a0,0x56a0,
		0x56a0,0x56a0,0x56a0,0x56a0,0x56a0,0x56a0,0x56a0,0x56a0,0x56a0,0x56a0,0x56a0,0x56a0,0x56a0,0x56a0,0x56a0,0x56a0,
		0x56a0,0x56a0,0x56a0,0x56a0,0x56a0,0x56a0,0x56a0,0x56a0,0x56a0,0x56a0,0x56a0,0x56a0,0x56a0,0x56a0,0x56a0,0x56a0,
		0x56a0,0x56a0,0x56a0,0x56a0,0x56a0,0x56a0,0x56a0,0x56a0,0x56a0,0x56a0,0x56a0,0x56a0,0x56a0,0x56a0,0x56a0,0x56a0,
		0x56a0,0x56a0,0x56a0,0x56a0,0x56a0,0x56a0,0x56a0,0x56a0,0x56a0,0x56a0,0x56a0,0x56a0,0x56a0,0x3c8a,0x001f,0x001f,
		0x001f,0x001f,0x001f,0x001f,0x001f,0x001f,0x001f,0x001f,0x001f,0x001f,0x001f,0x001f,0x003e,0x3c6a,0x56a0,0x56a0,
		0x56a0,0x56a0,0x56a0,0x56a0,0x56a0,0x56a0,0x56a0,0x56a0,0x56a0,0x56a0,0x56a0,0x56a0,0x56a0,0x56a0,0x56a0,0x56a0,
		0x56a0,0x56a0,0x56a0,0x56a0,0x56a0,0x56a0,0x56a0,0x56a0,0x3c6a,0x001f,0x001f,0x001f,0x001f,0x001f,0x001f,0x001f,
		0x001f,0x001f,0x001f,0x001f,0x001f,0x001f,0x001f,0x001f,0x001f,0x4507,0x56a0,0x56a0,0x56a0,0x56a0,0x56a0,0x56a0,
		0x56a0,0x56a0,0x56a0,0x56a0,0x56a0,0x56a0,0x56a0,0x56a0,0x56a0,0x56a0,0x56a0,0x56a0,0x56a0,0x56a0,0x56a0,0x56a0,
		0x56a0,0x56a0,0x4e22,0x4dc4,0x5680,0x56a0,0x56a0,0x56a0,0x56a0,0x56a0,0x56a0,0x56a0,0x56a0,0x56a0,0x56a0,0x56a0,
		0x56a0,0x56a0,0x56a0,0x56a0,0x56a0,0x56a0,0x56a0,0x56a0,0x56a0,0x56a0,0x56a0,0x56a0,0x56a0,0x56a0,0x56a0,0x56a0,
		0x56a0,0x56a0,0x56a0,0x56a0,0x56a0,0x56a0,0x56a0,0x4dc4,0x08fb,0x001f,0x001f,0x001f,0x001f,0x001f,0x2b6f,0x56a0,
		0x56a0,0x56a0,0x56a0,0x56a0,0x56a0,0x56a0,0x56a0,0x56a0,0x56a0,0x56a0,0x56a0,0x56a0,0x56a0,0x56a0,0x56a0,0x56a0,
		0x56a0,0x56a0,0x56a0,0x56a0,0x56a0,0x56a0,0x56a0,0x56a0,0x56a0,0x56a0,0x56a0,0x56a0,0x56a0,0x56a0,0x56a0,0x56a0,
		0x56a0,0x56a0,0x56a0,0x56a0,0x56a0,0x56a0,0x56a0,0x56a0,0x56a0,0x56a0,0x56a0,0x56a0,0x56a0,0x56a0,0x56a0,0x56a0,
		0x56a0,0x56a0,0x56a0,0x56a0,0x56a0,0x56a0,0x56a0,0x56a0,0x56a0,0x56a0,0x56a0,0x56a0,0x56a0,0x56a0,0x56a0,0x56a0,
		0x56a0,0x56a0,0x56a0,0x56a0,0x56a0,0x56a0,0x56a0,0x56a0,0x56a0,0x56a0,0x56a0,0x56a0,0x56a0,0x56a0,0x56a0,0x56a0,
		0x56a0,0x56a0,0x56a0,0x56a0,0x56a0,0x56a0,0x56a0,0x56a0,0x56a0,0x56a0,0x56a0,0x56a0,0x56a0,0x56a0,0x56a0,0x56a0,
		0x56a0,0x56a0,0x56a0,0x56a0,0x56a0,0x56a0,0x56a0,0x56a0,0x56a0,0x56a0,0x56a0,0x56a0,0x56a0,0x56a0,0x56a0,0x56a0,
		0x56a0,0x56a0,0x56a0,0x56a0,0x56a0,0x56a0,0x56a0,0x56a0,0x56a0,0x56a0,0x56a0,0x56a0,0x56a0,0x56a0,0x56a0,0x56a0,
		0x56a0,0x56a0,0x56a0,0x56a0,0x56a0,0x56a0,0x56a0,0x56a0,0x56a0,0x56a0,0x56a0,0x56a0,0x56a0,0x56a0,0x56a0,0x56a0,
		0x56a0,0x56a0,0x56a0,0x56a0,0x56a0,0x56a0,0x56a0,0x56a0,0x56a0,0x56a0,0x56a0,0x56a0,0x56a0,0x56a0,0x56a0,0x56a0,
		0x56a0,0x56a0,0x56a0,0x56a0,0x56a0,0x56a0,0x56a0,0x56a0,0x56a0,0x56a0,0x56a0,0x56a0,0x56a0,0x56a0,0x56a0,0x56a0,
		0x56a0,0x56a0,0x56a0,0x56a0,0x56a0,0x56a0,0x56a0,0x56a0,0x56a0,0x56a0,0x56a0,0x56a0,0x56a0,0x5680,0x2b4f,0x003f,
		0x001f,0x001f,0x001f,0x001f,0x001f,0x003f,0x1a16,0x007d,0x001f,0x001f,0x001f,0x001f,0x001f,0x005e,0x4e02,0x56a0,
		0x56a0,0x56a0,0x56a0,0x56a0,0x56a0,0x56a0,0x56a0,0x56a0,0x56a0,0x56a0,0x56a0,0x56a0,0x56a0,0x56a0,0x56a0,0x56a0,
		0x56a0,0x56a0,0x56a0,0x56a0,0x56a0,0x56a0,0x56a0,0x5680,0x08fb,0x001f,0x001f,0x001f,0x001f,0x001f,0x001f,0x001f,
		0x001f,0x001f,0x001f,0x001f,0x001f,0x001f,0x001f,0x001f,0x001f,0x11d7,0x56a0,0x56a0,0x56a0,0x56a0,0x56a0,0x56a0,
		0x56a0,0x56a0,0x56a0,0x56a0,0x56a0,0x56a0,0x56a0,0x56a0,0x56a0,0x56a0,0x56a0,0x56a0,0x56a0,0x56a0,0x56a0,0x56a0,
		0x5661,0x2b50,0x003f,0x001f,0x33ae,0x56a0,0x56a0,0x56a0,0x56a0,0x56a0,0x56a0,0x56a0,0x56a0,0x56a0,0x56a0,0x56a0,
		0x56a0,0x56a0,0x56a0,0x56a0,0x56a0,0x56a0,0x56a0,0x56a0,0x56a0,0x56a0,0x56a0,0x56a0,0x56a0,0x56a0,0x56a0,0x56a0,
		0x56a0,0x56a0,0x56a0,0x56a0,0x56a0,0x56a0,0x56a0,0x2b4f,0x001f,0x001f,0x001f,0x001f,0x001f,0x001f,0x3ca9,0x56a0,
		0x56a0,0x56a0,0x56a0,0x56a0,0x56a0,0x56a0,0x56a0,0x56a0,0x56a0,0x56a0,0x56a0,0x56a0,0x56a0,0x56a0,0x56a0,0x56a0,
		0x56a0,0x56a0,0x56a0,0x56a0,0x56a0,0x56a0,0x56a0,0x56a0,0x56a0,0x56a0,0x56a0,0x56a0,0x56a0,0x56a0,0x56a0,0x56a0,
		0x56a0,0x56a0,0x56a0,0x56a0,0x56a0,0x56a0,0x56a0,0x56a0,0x56a0,0x56a0,0x56a0,0x56a0,0x56a0,0x56a0,0x56a0,0x56a0,
		0x56a0,0x56a0,0x56a0,0x56a0,0x56a0,0x56a0,0x56a0,0x56a0,0x56a0,0x56a0,0x56a0,0x56a0,0x56a0,0x56a0,0x56a0,0x56a0,
		0x56a0,0x56a0,0x56a0,0x56a0,0x56a0,0x56a0,0x56a0,0x56a0,0x56a0,0x56a0,0x56a0,0x56a0,0x56a0,0x56a0,0x56a0,0x56a0,
		0x56a0,0x56a0,0x56a0,0x56a0,0x56a0,0x56a0,0x56a0,0x56a0,0x56a0,0x56a0,0x56a0,0x56a0,0x56a0,0x56a0,0x56a0,0x56a0,
		0x56a0,0x56a0,0x56a0,0x56a0,0x56a0,0x56a0,0x56a0,0x56a0,0x56a0,0x56a0,0x56a0,0x56a0,0x56a0,0x56a0,0x56a0,0x56a0,
		0x56a0,0x56a0,0x56a0,0x56a0,0x56a0,0x56a0,0x56a0,0x56a0,0x56a0,0x56a0,0x56a0,0x56a0,0x56a0,0x56a0,0x56a0,0x56a0,
		0x56a0,0x56a0,0x56a0,0x56a0,0x56a0,0x56a0,0x56a0,0x56a0,0x56a0,0x56a0,0x56a0,0x56a0,0x56a0,0x56a0,0x56a0,0x56a0,
		0x56a0,0x56a0,0x56a0,0x56a0,0x56a0,0x56a0,0x56a0,0x56a0,0x56a0,0x56a0,0x56a0,0x56a0,0x56a0,0x56a0,0x56a0,0x56a0,
		0x56a0,0x56a0,0x56a0,0x56a0,0x56a0,0x56a0,0x56a0,0x56a0,0x56a0,0x56a0,0x56a0,0x56a0,0x56a0,0x56a0,0x56a0,0x56a0,
		0x56a0,0x56a0,0x56a0,0x56a0,0x56a0,0x56a0,0x56a0,0x56a0,0x56a0,0x56a0,0x56a0,0x56a0,0x56a0,0x56a0,0x56a0,0x22b2,
		0x001f,0x001f,0x001f,0x001f,0x001f,0x11d7,0x56a0,0x4565,0x001f,0x001f,0x001f,0x001f,0x001f,0x001f,0x3c4b,0x56a0,
		0x56a0,0x56a0,0x56a0,0x56a0,0x56a0,0x56a0,0x56a0,0x56a0,0x56a0,0x56a0,0x56a0,0x56a0,0x56a0,0x56a0,0x56a0,0x56a0,
		0x56a0,0x56a0,0x56a0,0x56a0,0x56a0,0x56a0,0x56a0,0x3ca9,0x001f,0x001f,0x001f,0x001f,0x1179,0x007d,0x001f,0x001f,
		0x001f,0x001f,0x001f,0x001f,0x1178,0x007d,0x001f,0x001f,0x001f,0x001f,0x5661,0x56a0,0x56a0,0x56a0,0x56a0,0x56a0,
		0x56a0,0x56a0,0x56a0,0x56a0,0x56a0,0x56a0,0x56a0,0x56a0,0x56a0,0x56a0,0x56a0,0x56a0,0x56a0,0x56a0,0x56a0,0x44e8,
		0x091b,0x001f,0x001f,0x001f,0x2b6f,0x56a0,0x56a0,0x56a0,0x56a0,0x56a0,0x56a0,0x56a0,0x56a0,0x56a0,0x56a0,0x56a0,
		0x56a0,0x56a0,0x56a0,0x56a0,0x56a0,0x56a0,0x56a0,0x56a0,0x56a0,0x56a0,0x56a0,0x56a0,0x56a0,0x56a0,0x56a0,0x56a0,
		0x56a0,0x56a0,0x56a0,0x56a0,0x56a0,0x56a0,0x56a0,0x4546,0x007e,0x001f,0x001f,0x001f,0x11b8,0x3c8a,0x56a0,0x56a0,
		0x56a0,0x56a0,0x56a0,0x56a0,0x56a0,0x56a0,0x56a0,0x56a0,0x56a0,0x56a0,0x56a0,0x56a0,0x56a0,0x56a0,0x56a0,0x56a0,
		0x56a0,0x56a0,0x56a0,0x56a0,0x56a0,0x56a0,0x56a0,0x56a0,0x56a0,0x56a0,0x56a0,0x56a0,0x56a0,0x56a0,0x56a0,0x56a0,
		0x56a0,0x56a0,0x56a0,0x56a0,0x56a0,0x56a0,0x56a0,0x56a0,0x56a0,0x56a0,0x56a0,0x56a0,0x56a0,0x56a0,0x56a0,0x56a0,
		0x56a0,0x56a0,0x56a0,0x56a0,0x56a0,0x56a0,0x56a0,0x56a0,0x56a0,0x56a0,0x56a0,0x56a0,0x56a0,0x56a0,0x56a0,0x56a0,
		0x56a0,0x56a0,0x56a0,0x56a0,0x56a0,0x56a0,0x56a0,0x56a0,0x56a0,0x56a0,0x56a0,0x56a0,0x56a0,0x56a0,0x56a0,0x56a0,
		0x56a0,0x56a0,0x56a0,0x56a0,0x56a0,0x56a0,0x56a0,0x56a0,0x56a0,0x56a0,0x56a0,0x56a0,0x56a0,0x56a0,0x56a0,0x56a0,
		0x56a0,0x56a0,0x56a0,0x56a0,0x56a0,0x56a0,0x56a0,0x56a0,0x56a0,0x56a0,0x56a0,0x56a0,0x56a0,0x56a0,0x56a0,0x56a0,
		0x56a0,0x56a0,0x56a0,0x56a0,0x56a0,0x56a0,0x56a0,0x56a0,0x56a0,0x56a0,0x56a0,0x56a0,0x56a0,0x56a0,0x56a0,0x56a0,
		0x56a0,0x56a0,0x56a0,0x56a0,0x56a0,0x56a0,0x56a0,0x56a0,0x56a0,0x56a0,0x56a0,0x56a0,0x56a0,0x56a0,0x56a0,0x56a0,
		0x56a0,0x56a0,0x56a0,0x56a0,0x56a0,0x56a0,0x56a0,0x56a0,0x56a0,0x56a0,0x56a0,0x56a0,0x56a0,0x56a0,0x56a0,0x56a0,
		0x56a0,0x56a0,0x56a0,0x56a0,0x56a0,0x56a0,0x56a0,0x56a0,0x56a0,0x56a0,0x56a0,0x56a0,0x56a0,0x56a0,0x56a0,0x56a0,
		0x56a0,0x56a0,0x56a0,0x56a0,0x56a0,0x56a0,0x56a0,0x56a0,0x56a0,0x56a0,0x56a0,0x56a0,0x56a0,0x56a0,0x56a0,0x33cd,
		0x001f,0x001f,0x001f,0x001f,0x001f,0x1a55,0x56a0,0x56a0,0x113a,0x001f,0x001f,0x001f,0x001f,0x001f,0x340c,0x56a0,
		0x56a0,0x56a0,0x56a0,0x56a0,0x56a0,0x56a0,0x56a0,0x56a0,0x56a0,0x56a0,0x56a0,0x56a0,0x56a0,0x56a0,0x56a0,0x56a0,
		0x56a0,0x56a0,0x56a0,0x56a0,0x56a0,0x56a0,0x56a0,0x2b6f,0x001f,0x001f,0x001f,0x11d7,0x5680,0x2311,0x001f,0x001f,
		0x001f,0x001f,0x001f,0x001f,0x5660,0x4507,0x001f,0x001f,0x001f,0x001f,0x4da4,0x56a0,0x56a0,0x56a0,0x56a0,0x56a0,
		0x56a0,0x56a0,0x56a0,0x56a0,0x56a0,0x56a0,0x56a0,0x56a0,0x56a0,0x56a0,0x56a0,0x56a0,0x56a0,0x4e22,0x2293,0x001f,
		0x001f,0x001f,0x001f,0x001f,0x22f1,0x5680,0x56a0,0x56a0,0x56a0,0x56a0,0x56a0,0x56a0,0x56a0,0x56a0,0x56a0,0x56a0,
		0x56a0,0x56a0,0x56a0,0x56a0,0x56a0,0x56a0,0x56a0,0x56a0,0x56a0,0x56a0,0x56a0,0x56a0,0x56a0,0x56a0,0x56a0,0x56a0,
		0x56a0,0x56a0,0x56a0,0x56a0,0x56a0,0x56a0,0x56a0,0x56a0,0x5622,0x4507,0x4565,0x5641,0x56a0,0x56a0,0x56a0,0x56a0,
		0x56a0,0x56a0,0x56a0,0x56a0,0x56a0,0x56a0,0x56a0,0x56a0,0x56a0,0x56a0,0x56a0,0x56a0,0x56a0,0x56a0,0x56a0,0x56a0,
		0x56a0,0x56a0,0x56a0,0x56a0,0x56a0,0x56a0,0x56a0,0x56a0,0x56a0,0x56a0,0x56a0,0x56a0,0x56a0,0x56a0,0x56a0,0x56a0,
		0x56a0,0x56a0,0x56a0,0x56a0,0x56a0,0x56a0,0x56a0,0x56a0,0x56a0,0x56a0,0x56a0,0x56a0,0x56a0,0x56a0,0x56a0,0x56a0,
		0x56a0,0x56a0,0x56a0,0x56a0,0x56a0,0x56a0,0x56a0,0x56a0,0x56a0,0x56a0,0x56a0,0x56a0,0x56a0,0x56a0,0x56a0,0x56a0,
		0x56a0,0x56a0,0x56a0,0x56a0,0x56a0,0x56a0,0x56a0,0x56a0,0x56a0,0x56a0,0x56a0,0x56a0,0x56a0,0x56a0,0x56a0,0x56a0,
		0x56a0,0x56a0,0x56a0,0x56a0,0x56a0,0x56a0,0x56a0,0x56a0,0x56a0,0x56a0,0x56a0,0x56a0,0x56a0,0x56a0,0x56a0,0x56a0,
		0x56a0,0x56a0,0x56a0,0x56a0,0x56a0,0x56a0,0x56a0,0x56a0,0x56a0,0x56a0,0x56a0,0x56a0,0x56a0,0x56a0,0x56a0,0x56a0,
		0x56a0,0x56a0,0x56a0,0x56a0,0x56a0,0x56a0,0x56a0,0x56a0,0x56a0,0x56a0,0x56a0,0x56a0,0x56a0,0x56a0,0x56a0,0x56a0,
		0x56a0,0x56a0,0x56a0,0x56a0,0x56a0,0x56a0,0x56a0,0x56a0,0x56a0,0x56a0,0x56a0,0x56a0,0x56a0,0x56a0,0x56a0,0x56a0,
		0x56a0,0x56a0,0x56a0,0x56a0,0x56a0,0x56a0,0x56a0,0x56a0,0x56a0,0x56a0,0x56a0,0x56a0,0x56a0,0x56a0,0x56a0,0x56a0,
		0x56a0,0x56a0,0x56a0,0x56a0,0x56a0,0x56a0,0x56a0,0x56a0,0x56a0,0x56a0,0x56a0,0x56a0,0x56a0,0x56a0,0x56a0,0x56a0,
		0x56a0,0x56a0,0x56a0,0x56a0,0x56a0,0x56a0,0x56a0,0x56a0,0x56a0,0x56a0,0x56a0,0x56a0,0x56a0,0x56a0,0x56a0,0x33ec,
		0x001f,0x001f,0x001f,0x001f,0x001f,0x1a55,0x56a0,0x56a0,0x1198,0x001f,0x001f,0x001f,0x001f,0x001f,0x4546,0x56a0,
		0x5680,0x3c6a,0x2293,0x1198,0x08fb,0x009d,0x089d,0x113a,0x2b4f,0x5680,0x56a0,0x344b,0x11b7,0x08dc,0x08bc,0x1198,
		0x3cc9,0x56a0,0x56a0,0x56a0,0x56a0,0x56a0,0x56a0,0x344b,0x001f,0x001f,0x08dc,0x4e03,0x56a0,0x33ae,0x001f,0x001f,
		0x001f,0x001f,0x001f,0x08dc,0x56a0,0x56a0,0x22d2,0x001f,0x001f,0x009d,0x5661,0x4546,0x2bae,0x2293,0x1198,0x091a,
		0x08dc,0x2293,0x56a0,0x5680,0x3cc8,0x2b4f,0x1a15,0x1159,0x08fb,0x08bc,0x3ca9,0x56a0,0x3c6a,0x009d,0x001f,0x001f,
		0x001f,0x001f,0x001f,0x001f,0x001f,0x001f,0x001f,0x003f,0x4546,0x56a0,0x56a0,0x56a0,0x5680,0x344b,0x1a15,0x08bc,
		0x003f,0x001f,0x08db,0x2293,0x4565,0x56a0,0x56a0,0x56a0,0x56a0,0x56a0,0x5680,0x3ce8,0x2b30,0x11b8,0x08db,0x091b,
		0x5680,0x5641,0x22b2,0x08db,0x1179,0x3ca9,0x56a0,0x56a0,0x56a0,0x5680,0x3ce8,0x2b11,0x1a16,0x091b,0x2b6f,0x56a0,
		0x56a0,0x4dc3,0x33ec,0x22d2,0x11d7,0x113a,0x08fb,0x091a,0x5660,0x56a0,0x4585,0x2bae,0x1a74,0x1179,0x091b,0x08bc,
		0x2b11,0x56a0,0x56a0,0x56a0,0x56a0,0x4507,0x19d7,0x007e,0x003e,0x091a,0x19f6,0x091b,0x08bc,0x4546,0x56a0,0x56a0,
		0x56a0,0x56a0,0x56a0,0x56a0,0x56a0,0x56a0,0x56a0,0x56a0,0x56a0,0x56a0,0x56a0,0x56a0,0x56a0,0x56a0,0x56a0,0x56a0,
		0x56a0,0x56a0,0x56a0,0x56a0,0x56a0,0x56a0,0x56a0,0x56a0,0x56a0,0x56a0,0x56a0,0x56a0,0x56a0,0x56a0,0x56a0,0x56a0,
		0x56a0,0x56a0,0x56a0,0x56a0,0x56a0,0x56a0,0x56a0,0x56a0,0x56a0,0x56a0,0x56a0,0x56a0,0x56a0,0x56a0,0x56a0,0x56a0,
		0x56a0,0x56a0,0x56a0,0x56a0,0x56a0,0x56a0,0x56a0,0x56a0,0x56a0,0x56a0,0x56a0,0x56a0,0x56a0,0x56a0,0x56a0,0x56a0,
		0x56a0,0x56a0,0x56a0,0x56a0,0x56a0,0x56a0,0x56a0,0x56a0,0x56a0,0x56a0,0x56a0,0x56a0,0x56a0,0x56a0,0x56a0,0x56a0,
		0x56a0,0x56a0,0x56a0,0x56a0,0x56a0,0x56a0,0x56a0,0x56a0,0x56a0,0x56a0,0x56a0,0x56a0,0x56a0,0x56a0,0x56a0,0x56a0,
		0x56a0,0x56a0,0x56a0,0x56a0,0x56a0,0x56a0,0x56a0,0x56a0,0x56a0,0x56a0,0x56a0,0x56a0,0x56a0,0x56a0,0x56a0,0x56a0,
		0x56a0,0x56a0,0x56a0,0x56a0,0x56a0,0x56a0,0x56a0,0x56a0,0x56a0,0x56a0,0x56a0,0x56a0,0x56a0,0x56a0,0x56a0,0x56a0,
		0x56a0,0x56a0,0x56a0,0x56a0,0x56a0,0x56a0,0x56a0,0x56a0,0x56a0,0x56a0,0x56a0,0x56a0,0x56a0,0x56a0,0x56a0,0x56a0,
		0x56a0,0x56a0,0x56a0,0x56a0,0x56a0,0x56a0,0x56a0,0x56a0,0x56a0,0x56a0,0x56a0,0x56a0,0x56a0,0x56a0,0x56a0,0x33cd,
		0x001f,0x001f,0x001f,0x001f,0x001f,0x1a15,0x56a0,0x5660,0x009d,0x001f,0x001f,0x001f,0x001f,0x19d7,0x56a0,0x56a0,
		0x2b30,0x001f,0x001f,0x001f,0x001f,0x001f,0x001f,0x001f,0x001f,0x3cc8,0x4de3,0x001f,0x001f,0x001f,0x001f,0x001f,
		0x1198,0x56a0,0x56a0,0x56a0,0x56a0,0x56a0,0x56a0,0x5680,0x2bae,0x2b11,0x4de3,0x56a0,0x56a0,0x33cd,0x001f,0x001f,
		0x001f,0x001f,0x001f,0x08db,0x56a0,0x56a0,0x5680,0x33cd,0x22f1,0x4565,0x340c,0x001f,0x001f,0x001f,0x001f,0x001f,
		0x001f,0x1159,0x56a0,0x22b2,0x001f,0x001f,0x001f,0x001f,0x001f,0x001f,0x2274,0x56a0,0x009d,0x001f,0x001f,0x001f,
		0x001f,0x001f,0x001f,0x001f,0x001f,0x001f,0x001f,0x001f,0x3ca9,0x56a0,0x56a0,0x4526,0x091b,0x001f,0x001f,0x001f,
		0x001f,0x001f,0x001f,0x001f,0x001f,0x2b50,0x5680,0x56a0,0x56a0,0x3c6a,0x08bc,0x001f,0x001f,0x001f,0x001f,0x001f,
		0x4546,0x11b7,0x001f,0x001f,0x001f,0x003f,0x4d85,0x4dc4,0x1a74,0x007d,0x001f,0x001f,0x001f,0x001f,0x1a35,0x56a0,
		0x4da4,0x003f,0x001f,0x001f,0x001f,0x001f,0x001f,0x001f,0x4e02,0x3c8a,0x001f,0x001f,0x001f,0x001f,0x001f,0x001f,
		0x08bc,0x56a0,0x56a0,0x56a0,0x344b,0x001f,0x001f,0x001f,0x001f,0x001f,0x001f,0x001f,0x001f,0x091b,0x5660,0x56a0,
		0x56a0,0x56a0,0x56a0,0x56a0,0x56a0,0x56a0,0x56a0,0x56a0,0x56a0,0x56a0,0x56a0,0x56a0,0x56a0,0x56a0,0x56a0,0x56a0,
		0x56a0,0x56a0,0x56a0,0x56a0,0x56a0,0x56a0,0x56a0,0x56a0,0x56a0,0x56a0,0x56a0,0x56a0,0x56a0,0x56a0,0x56a0,0x56a0,
		0x56a0,0x56a0,0x56a0,0x56a0,0x56a0,0x56a0,0x56a0,0x56a0,0x56a0,0x56a0,0x56a0,0x56a0,0x56a0,0x56a0,0x56a0,0x56a0,
		0x56a0,0x56a0,0x56a0,0x56a0,0x56a0,0x56a0,0x56a0,0x56a0,0x56a0,0x56a0,0x56a0,0x56a0,0x56a0,0x56a0,0x56a0,0x56a0,
		0x56a0,0x56a0,0x56a0,0x56a0,0x56a0,0x56a0,0x56a0,0x56a0,0x56a0,0x56a0,0x56a0,0x56a0,0x56a0,0x56a0,0x56a0,0x56a0,
		0x56a0,0x56a0,0x56a0,0x56a0,0x56a0,0x56a0,0x56a0,0x56a0,0x56a0,0x56a0,0x56a0,0x56a0,0x56a0,0x56a0,0x56a0,0x56a0,
		0x56a0,0x56a0,0x56a0,0x56a0,0x56a0,0x56a0,0x56a0,0x56a0,0x56a0,0x56a0,0x56a0,0x56a0,0x56a0,0x56a0,0x56a0,0x56a0,
		0x56a0,0x56a0,0x56a0,0x56a0,0x56a0,0x56a0,0x56a0,0x56a0,0x56a0,0x56a0,0x56a0,0x56a0,0x56a0,0x56a0,0x56a0,0x56a0,
		0x56a0,0x56a0,0x56a0,0x56a0,0x56a0,0x56a0,0x56a0,0x56a0,0x56a0,0x56a0,0x56a0,0x56a0,0x56a0,0x56a0,0x56a0,0x56a0,
		0x56a0,0x56a0,0x56a0,0x56a0,0x56a0,0x56a0,0x56a0,0x56a0,0x56a0,0x56a0,0x56a0,0x56a0,0x56a0,0x56a0,0x56a0,0x2b8f,
		0x001f,0x001f,0x001f,0x001f,0x001f,0x08bc,0x340c,0x19f6,0x001f,0x001f,0x001f,0x001f,0x093a,0x5641,0x56a0,0x56a0,
		0x33ed,0x001f,0x001f,0x001f,0x001f,0x001f,0x001f,0x001f,0x003e,0x5622,0x5680,0x11d7,0x001f,0x001f,0x001f,0x11b7,
		0x4546,0x56a0,0x56a0,0x56a0,0x56a0,0x56a0,0x56a0,0x56a0,0x56a0,0x56a0,0x56a0,0x56a0,0x56a0,0x2bae,0x001f,0x001f,
		0x001f,0x001f,0x001f,0x08db,0x56a0,0x56a0,0x56a0,0x56a0,0x56a0,0x56a0,0x44e8,0x009d,0x001f,0x001f,0x001f,0x001f,
		0x001f,0x1159,0x56a0,0x3c6a,0x003e,0x001f,0x001f,0x001f,0x001f,0x001f,0x2293,0x56a0,0x2b6f,0x22b3,0x091b,0x001f,
		0x001f,0x001f,0x001f,0x001f,0x007e,0x1159,0x1159,0x1198,0x4de3,0x56a0,0x3ca9,0x003f,0x001f,0x001f,0x001f,0x001f,
		0x001f,0x001f,0x001f,0x001f,0x001f,0x001f,0x2b30,0x56a0,0x5661,0x001f,0x001f,0x001f,0x001f,0x001f,0x001f,0x001f,
		0x001f,0x001f,0x001f,0x001f,0x001f,0x001f,0x2b6f,0x19f6,0x001f,0x001f,0x001f,0x001f,0x001f,0x001f,0x1a35,0x56a0,
		0x4e03,0x1159,0x001f,0x001f,0x001f,0x001f,0x001f,0x001f,0x4e02,0x4da4,0x08db,0x001f,0x001f,0x001f,0x001f,0x001f,
		0x08bc,0x56a0,0x56a0,0x4e22,0x007d,0x001f,0x001f,0x001f,0x001f,0x1198,0x1179,0x001f,0x001f,0x001f,0x3c6a,0x56a0,
		0x56a0,0x56a0,0x56a0,0x56a0,0x56a0,0x56a0,0x56a0,0x56a0,0x56a0,0x56a0,0x56a0,0x56a0,0x56a0,0x56a0,0x56a0,0x56a0,
		0x56a0,0x56a0,0x56a0,0x56a0,0x56a0,0x56a0,0x56a0,0x56a0,0x56a0,0x56a0,0x56a0,0x56a0,0x56a0,0x56a0,0x56a0,0x56a0,
		0x56a0,0x56a0,0x56a0,0x56a0,0x56a0,0x56a0,0x56a0,0x56a0,0x56a0,0x56a0,0x56a0,0x56a0,0x56a0,0x56a0,0x56a0,0x56a0,
		0x56a0,0x56a0,0x56a0,0x56a0,0x56a0,0x56a0,0x56a0,0x56a0,0x56a0,0x56a0,0x56a0,0x56a0,0x56a0,0x56a0,0x56a0,0x56a0,
		0x56a0,0x56a0,0x56a0,0x56a0,0x56a0,0x56a0,0x56a0,0x56a0,0x56a0,0x56a0,0x56a0,0x56a0,0x56a0,0x56a0,0x56a0,0x56a0,
		0x56a0,0x56a0,0x56a0,0x56a0,0x56a0,0x56a0,0x56a0,0x56a0,0x56a0,0x56a0,0x56a0,0x56a0,0x56a0,0x56a0,0x56a0,0x56a0,
		0x56a0,0x56a0,0x56a0,0x56a0,0x56a0,0x56a0,0x56a0,0x56a0,0x56a0,0x56a0,0x56a0,0x56a0,0x56a0,0x56a0,0x56a0,0x56a0,
		0x56a0,0x56a0,0x56a0,0x56a0,0x56a0,0x56a0,0x56a0,0x56a0,0x56a0,0x56a0,0x56a0,0x56a0,0x56a0,0x56a0,0x56a0,0x56a0,
		0x56a0,0x56a0,0x56a0,0x56a0,0x56a0,0x56a0,0x56a0,0x56a0,0x56a0,0x56a0,0x56a0,0x56a0,0x56a0,0x56a0,0x56a0,0x56a0,
		0x56a0,0x56a0,0x56a0,0x56a0,0x56a0,0x56a0,0x56a0,0x56a0,0x56a0,0x56a0,0x56a0,0x56a0,0x56a0,0x56a0,0x56a0,0x2b50,
		0x001f,0x001f,0x001f,0x001f,0x001f,0x001f,0x001f,0x001f,0x001f,0x001f,0x001f,0x001f,0x08db,0x3ce8,0x56a0,0x56a0,
		0x56a0,0x4507,0x009d,0x001f,0x001f,0x001f,0x001f,0x001f,0x08fb,0x56a0,0x56a0,0x33ed,0x001f,0x001f,0x22b2,0x56a0,
		0x56a0,0x56a0,0x56a0,0x56a0,0x56a0,0x56a0,0x56a0,0x56a0,0x56a0,0x56a0,0x56a0,0x56a0,0x56a0,0x2b8e,0x001f,0x001f,
		0x001f,0x001f,0x001f,0x08db,0x56a0,0x56a0,0x56a0,0x56a0,0x56a0,0x56a0,0x56a0,0x4565,0x001f,0x001f,0x001f,0x001f,
		0x001f,0x1159,0x56a0,0x56a0,0x340c,0x001f,0x001f,0x001f,0x001f,0x001f,0x22b3,0x56a0,0x56a0,0x56a0,0x22f2,0x001f,
		0x001f,0x001f,0x001f,0x001f,0x2b4f,0x56a0,0x56a0,0x56a0,0x56a0,0x4dc3,0x005e,0x001f,0x001f,0x001f,0x007d,0x4da4,
		0x4507,0x003e,0x001f,0x001f,0x001f,0x001f,0x001f,0x4526,0x56a0,0x2b6f,0x001f,0x001f,0x001f,0x001f,0x001f,0x001f,
		0x001f,0x001f,0x001f,0x001f,0x001f,0x001f,0x2bae,0x3ca9,0x009d,0x001f,0x001f,0x001f,0x001f,0x001f,0x1a35,0x56a0,
		0x56a0,0x5660,0x08db,0x001f,0x001f,0x001f,0x001f,0x001f,0x4e02,0x56a0,0x4de3,0x001f,0x001f,0x001f,0x001f,0x001f,
		0x08db,0x56a0,0x56a0,0x3ca9,0x001f,0x001f,0x001f,0x001f,0x001f,0x4da4,0x5680,0x2311,0x001f,0x001f,0x2b6f,0x56a0,
		0x56a0,0x56a0,0x56a0,0x56a0,0x56a0,0x56a0,0x56a0,0x56a0,0x56a0,0x56a0,0x56a0,0x56a0,0x56a0,0x56a0,0x56a0,0x56a0,
		0x56a0,0x56a0,0x56a0,0x56a0,0x56a0,0x56a0,0x56a0,0x56a0,0x56a0,0x56a0,0x56a0,0x56a0,0x56a0,0x56a0,0x56a0,0x56a0,
		0x56a0,0x56a0,0x56a0,0x56a0,0x56a0,0x56a0,0x56a0,0x56a0,0x56a0,0x56a0,0x56a0,0x56a0,0x56a0,0x56a0,0x56a0,0x56a0,
		0x56a0,0x56a0,0x56a0,0x56a0,0x56a0,0x56a0,0x56a0,0x56a0,0x56a0,0x56a0,0x56a0,0x56a0,0x56a0,0x56a0,0x56a0,0x56a0,
		0x56a0,0x56a0,0x56a0,0x56a0,0x56a0,0x56a0,0x56a0,0x56a0,0x56a0,0x56a0,0x56a0,0x56a0,0x56a0,0x56a0,0x56a0,0x56a0,
		0x56a0,0x56a0,0x56a0,0x56a0,0x56a0,0x56a0,0x56a0,0x56a0,0x56a0,0x56a0,0x56a0,0x56a0,0x56a0,0x56a0,0x56a0,0x56a0,
		0x56a0,0x56a0,0x56a0,0x56a0,0x56a0,0x56a0,0x56a0,0x56a0,0x56a0,0x56a0,0x56a0,0x56a0,0x56a0,0x56a0,0x56a0,0x56a0,
		0x56a0,0x56a0,0x56a0,0x56a0,0x56a0,0x56a0,0x56a0,0x56a0,0x56a0,0x56a0,0x56a0,0x56a0,0x56a0,0x56a0,0x56a0,0x56a0,
		0x56a0,0x56a0,0x56a0,0x56a0,0x56a0,0x56a0,0x56a0,0x56a0,0x56a0,0x56a0,0x56a0,0x56a0,0x56a0,0x56a0,0x56a0,0x56a0,
		0x56a0,0x56a0,0x56a0,0x56a0,0x56a0,0x56a0,0x56a0,0x56a0,0x56a0,0x56a0,0x56a0,0x56a0,0x56a0,0x56a0,0x56a0,0x2311,
		0x001f,0x001f,0x001f,0x001f,0x001f,0x001f,0x001f,0x001f,0x001f,0x001f,0x001f,0x001f,0x001f,0x001f,0x2311,0x5680,
		0x56a0,0x56a0,0x33cd,0x001f,0x001f,0x001f,0x001f,0x001f,0x001f,0x3ce8,0x56a0,0x22d2,0x001f,0x007e,0x4e22,0x56a0,
		0x56a0,0x56a0,0x56a0,0x56a0,0x56a0,0x56a0,0x56a0,0x56a0,0x56a0,0x56a0,0x56a0,0x56a0,0x56a0,0x2b6f,0x001f,0x001f,
		0x001f,0x001f,0x001f,0x08db,0x56a0,0x56a0,0x56a0,0x56a0,0x56a0,0x56a0,0x56a0,0x56a0,0x007e,0x001f,0x001f,0x001f,
		0x001f,0x1159,0x56a0,0x56a0,0x3ce8,0x001f,0x001f,0x001f,0x001f,0x001f,0x22b2,0x56a0,0x56a0,0x56a0,0x22f2,0x001f,
		0x001f,0x001f,0x001f,0x001f,0x2b6f,0x56a0,0x56a0,0x56a0,0x56a0,0x22b3,0x001f,0x001f,0x001f,0x001f,0x11d7,0x56a0,
		0x56a0,0x1a54,0x001f,0x001f,0x001f,0x001f,0x001f,0x1a74,0x56a0,0x56a0,0x2293,0x001f,0x001f,0x001f,0x001f,0x001f,
		0x1179,0x005e,0x001f,0x001f,0x001f,0x005e,0x4dc4,0x56a0,0x3c8a,0x001f,0x001f,0x001f,0x001f,0x001f,0x1a35,0x56a0,
		0x56a0,0x56a0,0x1a35,0x001f,0x001f,0x001f,0x001f,0x001f,0x4e02,0x56a0,0x56a0,0x001f,0x001f,0x001f,0x001f,0x001f,
		0x08fb,0x56a0,0x56a0,0x342b,0x001f,0x001f,0x001f,0x001f,0x001f,0x1159,0x4526,0x56a0,0x3ca9,0x2b6f,0x4e22,0x56a0,
		0x56a0,0x56a0,0x56a0,0x56a0,0x56a0,0x56a0,0x56a0,0x56a0,0x56a0,0x56a0,0x56a0,0x56a0,0x56a0,0x56a0,0x56a0,0x56a0,
		0x56a0,0x56a0,0x56a0,0x56a0,0x56a0,0x56a0,0x56a0,0x56a0,0x56a0,0x56a0,0x56a0,0x56a0,0x56a0,0x56a0,0x56a0,0x56a0,
		0x56a0,0x56a0,0x56a0,0x56a0,0x56a0,0x56a0,0x56a0,0x56a0,0x56a0,0x56a0,0x56a0,0x56a0,0x56a0,0x56a0,0x56a0,0x56a0,
		0x56a0,0x56a0,0x56a0,0x56a0,0x56a0,0x56a0,0x56a0,0x56a0,0x56a0,0x56a0,0x56a0,0x56a0,0x56a0,0x56a0,0x56a0,0x56a0,
		0x56a0,0x56a0,0x56a0,0x56a0,0x56a0,0x56a0,0x56a0,0x56a0,0x56a0,0x56a0,0x56a0,0x56a0,0x56a0,0x56a0,0x56a0,0x56a0,
		0x56a0,0x56a0,0x56a0,0x56a0,0x56a0,0x56a0,0x56a0,0x56a0,0x56a0,0x56a0,0x56a0,0x56a0,0x56a0,0x56a0,0x56a0,0x56a0,
		0x56a0,0x56a0,0x56a0,0x56a0,0x56a0,0x56a0,0x56a0,0x56a0,0x56a0,0x56a0,0x56a0,0x56a0,0x56a0,0x56a0,0x56a0,0x56a0,
		0x56a0,0x56a0,0x56a0,0x56a0,0x56a0,0x56a0,0x56a0,0x56a0,0x56a0,0x56a0,0x56a0,0x56a0,0x56a0,0x56a0,0x56a0,0x56a0,
		0x56a0,0x56a0,0x56a0,0x56a0,0x56a0,0x56a0,0x56a0,0x56a0,0x56a0,0x56a0,0x56a0,0x56a0,0x56a0,0x56a0,0x56a0,0x56a0,
		0x56a0,0x56a0,0x56a0,0x56a0,0x56a0,0x56a0,0x56a0,0x56a0,0x56a0,0x56a0,0x56a0,0x56a0,0x56a0,0x56a0,0x56a0,0x22d2,
		0x001f,0x001f,0x001f,0x001f,0x001f,0x08fb,0x4527,0x342b,0x009d,0x001f,0x001f,0x001f,0x001f,0x001f,0x001f,0x344b,
		0x56a0,0x56a0,0x5660,0x08bc,0x001f,0x001f,0x001f,0x001f,0x001f,0x091a,0x3ca9,0x005e,0x001f,0x22d2,0x56a0,0x56a0,
		0x56a0,0x56a0,0x56a0,0x56a0,0x56a0,0x56a0,0x56a0,0x56a0,0x56a0,0x56a0,0x56a0,0x56a0,0x56a0,0x2311,0x001f,0x001f,
		0x001f,0x001f,0x001f,0x08db,0x56a0,0x56a0,0x56a0,0x56a0,0x56a0,0x56a0,0x56a0,0x56a0,0x091b,0x001f,0x001f,0x001f,
		0x001f,0x1159,0x56a0,0x56a0,0x4526,0x001f,0x001f,0x001f,0x001f,0x001f,0x22b2,0x56a0,0x56a0,0x56a0,0x22f2,0x001f,
		0x001f,0x001f,0x001f,0x001f,0x2b6f,0x56a0,0x56a0,0x56a0,0x56a0,0x009d,0x001f,0x001f,0x001f,0x001f,0x093a,0x56a0,
		0x56a0,0x3c6a,0x001f,0x001f,0x001f,0x001f,0x001f,0x009d,0x56a0,0x56a0,0x2311,0x001f,0x001f,0x001f,0x001f,0x001f,
		0x4546,0x4585,0x113a,0x001f,0x08fb,0x3cc8,0x56a0,0x56a0,0x4546,0x001f,0x001f,0x001f,0x001f,0x001f,0x1a35,0x56a0,
		0x56a0,0x56a0,0x22d2,0x001f,0x001f,0x001f,0x001f,0x001f,0x4e02,0x56a0,0x56a0,0x007d,0x001f,0x001f,0x001f,0x001f,
		0x08fb,0x56a0,0x56a0,0x4565,0x001f,0x001f,0x001f,0x001f,0x001f,0x001f,0x001f,0x1a35,0x4dc4,0x56a0,0x56a0,0x56a0,
		0x56a0,0x56a0,0x56a0,0x56a0,0x56a0,0x56a0,0x56a0,0x56a0,0x56a0,0x56a0,0x56a0,0x56a0,0x56a0,0x56a0,0x56a0,0x56a0,
		0x56a0,0x56a0,0x56a0,0x56a0,0x56a0,0x56a0,0x56a0,0x56a0,0x56a0,0x56a0,0x56a0,0x56a0,0x56a0,0x56a0,0x56a0,0x56a0,
		0x56a0,0x56a0,0x56a0,0x56a0,0x56a0,0x56a0,0x56a0,0x56a0,0x56a0,0x56a0,0x56a0,0x56a0,0x56a0,0x56a0,0x56a0,0x56a0,
		0x56a0,0x56a0,0x56a0,0x56a0,0x56a0,0x56a0,0x56a0,0x56a0,0x56a0,0x56a0,0x56a0,0x56a0,0x56a0,0x56a0,0x56a0,0x56a0,
		0x56a0,0x56a0,0x56a0,0x56a0,0x56a0,0x56a0,0x56a0,0x56a0,0x56a0,0x56a0,0x56a0,0x56a0,0x56a0,0x56a0,0x56a0,0x56a0,
		0x56a0,0x56a0,0x56a0,0x56a0,0x56a0,0x56a0,0x56a0,0x56a0,0x56a0,0x56a0,0x56a0,0x56a0,0x56a0,0x56a0,0x56a0,0x56a0,
		0x56a0,0x56a0,0x56a0,0x56a0,0x56a0,0x56a0,0x56a0,0x56a0,0x56a0,0x56a0,0x56a0,0x56a0,0x56a0,0x56a0,0x56a0,0x56a0,
		0x56a0,0x56a0,0x56a0,0x56a0,0x56a0,0x56a0,0x56a0,0x56a0,0x56a0,0x56a0,0x56a0,0x56a0,0x56a0,0x56a0,0x56a0,0x56a0,
		0x56a0,0x56a0,0x56a0,0x56a0,0x56a0,0x56a0,0x56a0,0x56a0,0x56a0,0x56a0,0x56a0,0x56a0,0x56a0,0x56a0,0x56a0,0x56a0,
		0x56a0,0x56a0,0x56a0,0x56a0,0x56a0,0x56a0,0x56a0,0x56a0,0x56a0,0x56a0,0x56a0,0x56a0,0x56a0,0x56a0,0x56a0,0x2293,
		0x001f,0x001f,0x001f,0x001f,0x001f,0x1a35,0x56a0,0x56a0,0x340c,0x001f,0x001f,0x001f,0x001f,0x001f,0x001f,0x1178,
		0x56a0,0x56a0,0x56a0,0x2bae,0x001f,0x001f,0x001f,0x001f,0x001f,0x001f,0x001f,0x001f,0x001f,0x4565,0x56a0,0x56a0,
		0x56a0,0x56a0,0x56a0,0x56a0,0x56a0,0x56a0,0x56a0,0x56a0,0x56a0,0x56a0,0x56a0,0x56a0,0x56a0,0x22b3,0x001f,0x001f,
		0x001f,0x001f,0x001f,0x08db,0x56a0,0x56a0,0x56a0,0x56a0,0x56a0,0x56a0,0x56a0,0x56a0,0x091b,0x001f,0x001f,0x001f,
		0x001f,0x1159,0x56a0,0x56a0,0x4565,0x001f,0x001f,0x001f,0x001f,0x001f,0x22b2,0x56a0,0x56a0,0x56a0,0x22f2,0x001f,
		0x001f,0x001f,0x001f,0x001f,0x2b6f,0x56a0,0x56a0,0x56a0,0x5641,0x001f,0x001f,0x001f,0x001f,0x001f,0x005e,0x5680,
		0x56a0,0x4de3,0x001f,0x001f,0x001f,0x001f,0x001f,0x001f,0x5660,0x56a0,0x22f1,0x001f,0x001f,0x001f,0x001f,0x001f,
		0x4da4,0x56a0,0x56a0,0x5660,0x56a0,0x56a0,0x56a0,0x56a0,0x4d85,0x001f,0x001f,0x001f,0x001f,0x001f,0x1a35,0x56a0,
		0x56a0,0x56a0,0x22d2,0x001f,0x001f,0x001f,0x001f,0x001f,0x4e02,0x56a0,0x56a0,0x08bc,0x001f,0x001f,0x001f,0x001f,
		0x08fb,0x56a0,0x56a0,0x56a0,0x1a55,0x001f,0x001f,0x001f,0x001f,0x001f,0x001f,0x001f,0x007d,0x3cc8,0x56a0,0x56a0,
		0x56a0,0x56a0,0x56a0,0x56a0,0x56a0,0x56a0,0x56a0,0x56a0,0x56a0,0x56a0,0x56a0,0x56a0,0x56a0,0x56a0,0x56a0,0x56a0,
		0x56a0,0x56a0,0x56a0,0x56a0,0x56a0,0x56a0,0x56a0,0x56a0,0x56a0,0x56a0,0x56a0,0x56a0,0x56a0,0x56a0,0x56a0,0x56a0,
		0x56a0,0x56a0,0x56a0,0x56a0,0x56a0,0x56a0,0x56a0,0x56a0,0x56a0,0x56a0,0x56a0,0x56a0,0x56a0,0x56a0,0x56a0,0x56a0,
		0x56a0,0x56a0,0x56a0,0x56a0,0x56a0,0x56a0,0x56a0,0x56a0,0x56a0,0x56a0,0x56a0,0x56a0,0x56a0,0x56a0,0x56a0,0x56a0,
		0x56a0,0x56a0,0x56a0,0x56a0,0x56a0,0x56a0,0x56a0,0x56a0,0x56a0,0x56a0,0x56a0,0x56a0,0x56a0,0x56a0,0x56a0,0x56a0,
		0x56a0,0x56a0,0x56a0,0x56a0,0x56a0,0x56a0,0x56a0,0x56a0,0x56a0,0x56a0,0x56a0,0x56a0,0x56a0,0x56a0,0x56a0,0x56a0,
		0x56a0,0x56a0,0x56a0,0x56a0,0x56a0,0x56a0,0x56a0,0x56a0,0x56a0,0x56a0,0x56a0,0x56a0,0x56a0,0x56a0,0x56a0,0x56a0,
		0x56a0,0x56a0,0x56a0,0x56a0,0x56a0,0x56a0,0x56a0,0x56a0,0x56a0,0x56a0,0x56a0,0x56a0,0x56a0,0x56a0,0x56a0,0x56a0,
		0x56a0,0x56a0,0x56a0,0x56a0,0x56a0,0x56a0,0x56a0,0x56a0,0x56a0,0x56a0,0x56a0,0x56a0,0x56a0,0x56a0,0x56a0,0x56a0,
		0x56a0,0x56a0,0x56a0,0x56a0,0x56a0,0x56a0,0x56a0,0x56a0,0x56a0,0x56a0,0x56a0,0x56a0,0x56a0,0x56a0,0x56a0,0x1a35,
		0x001f,0x001f,0x001f,0x001f,0x001f,0x1a35,0x56a0,0x56a0,0x4565,0x001f,0x001f,0x001f,0x001f,0x001f,0x001f,0x009d,
		0x56a0,0x56a0,0x56a0,0x5641,0x007d,0x001f,0x001f,0x001f,0x001f,0x001f,0x001f,0x001f,0x113a,0x56a0,0x56a0,0x56a0,
		0x56a0,0x56a0,0x56a0,0x56a0,0x56a0,0x56a0,0x56a0,0x56a0,0x56a0,0x56a0,0x56a0,0x56a0,0x56a0,0x1a55,0x001f,0x001f,
		0x001f,0x001f,0x001f,0x08db,0x56a0,0x56a0,0x56a0,0x56a0,0x56a0,0x56a0,0x56a0,0x56a0,0x08fb,0x001f,0x001f,0x001f,
		0x001f,0x1159,0x56a0,0x56a0,0x4546,0x001f,0x001f,0x001f,0x001f,0x001f,0x22b2,0x56a0,0x56a0,0x56a0,0x22f2,0x001f,
		0x001f,0x001f,0x001f,0x001f,0x2b6f,0x56a0,0x56a0,0x56a0,0x4e22,0x001f,0x001f,0x001f,0x001f,0x001f,0x001f,0x4527,
		0x56a0,0x5680,0x003f,0x001f,0x001f,0x001f,0x001f,0x005e,0x56a0,0x56a0,0x22b2,0x001f,0x001f,0x001f,0x001f,0x001f,
		0x4585,0x56a0,0x56a0,0x56a0,0x56a0,0x56a0,0x56a0,0x56a0,0x4dc4,0x001f,0x001f,0x001f,0x001f,0x001f,0x1a35,0x56a0,
		0x56a0,0x56a0,0x22d2,0x001f,0x001f,0x001f,0x001f,0x001f,0x4e02,0x56a0,0x56a0,0x007d,0x001f,0x001f,0x001f,0x001f,
		0x08fb,0x56a0,0x56a0,0x56a0,0x5660,0x1a54,0x001f,0x001f,0x001f,0x001f,0x001f,0x001f,0x001f,0x005e,0x4dc4,0x56a0,
		0x56a0,0x56a0,0x56a0,0x56a0,0x56a0,0x56a0,0x56a0,0x56a0,0x56a0,0x56a0,0x56a0,0x56a0,0x56a0,0x56a0,0x56a0,0x56a0,
		0x56a0,0x56a0,0x56a0,0x56a0,0x56a0,0x56a0,0x56a0,0x56a0,0x56a0,0x56a0,0x56a0,0x56a0,0x56a0,0x56a0,0x56a0,0x56a0,
		0x56a0,0x56a0,0x56a0,0x56a0,0x56a0,0x56a0,0x56a0,0x56a0,0x56a0,0x56a0,0x56a0,0x56a0,0x56a0,0x56a0,0x56a0,0x56a0,
		0x56a0,0x56a0,0x56a0,0x56a0,0x56a0,0x56a0,0x56a0,0x56a0,0x56a0,0x56a0,0x56a0,0x56a0,0x56a0,0x56a0,0x56a0,0x56a0,
		0x56a0,0x56a0,0x56a0,0x56a0,0x56a0,0x56a0,0x56a0,0x56a0,0x56a0,0x56a0,0x56a0,0x56a0,0x56a0,0x56a0,0x56a0,0x56a0,
		0x56a0,0x56a0,0x56a0,0x56a0,0x56a0,0x56a0,0x56a0,0x56a0,0x56a0,0x56a0,0x56a0,0x56a0,0x56a0,0x56a0,0x56a0,0x56a0,
		0x56a0,0x56a0,0x56a0,0x56a0,0x56a0,0x56a0,0x56a0,0x56a0,0x56a0,0x56a0,0x56a0,0x56a0,0x56a0,0x56a0,0x56a0,0x56a0,
		0x56a0,0x56a0,0x56a0,0x56a0,0x56a0,0x56a0,0x56a0,0x56a0,0x56a0,0x56a0,0x56a0,0x56a0,0x56a0,0x56a0,0x56a0,0x56a0,
		0x56a0,0x56a0,0x56a0,0x56a0,0x56a0,0x56a0,0x56a0,0x56a0,0x56a0,0x56a0,0x56a0,0x56a0,0x56a0,0x56a0,0x56a0,0x56a0,
		0x56a0,0x56a0,0x56a0,0x56a0,0x56a0,0x56a0,0x56a0,0x56a0,0x56a0,0x56a0,0x56a0,0x56a0,0x56a0,0x56a0,0x56a0,0x1159,
		0x001f,0x001f,0x001f,0x001f,0x001f,0x1a16,0x56a0,0x56a0,0x4585,0x001f,0x001f,0x001f,0x001f,0x001f,0x001f,0x08fb,
		0x56a0,0x56a0,0x56a0,0x56a0,0x2b50,0x001f,0x001f,0x001f,0x001f,0x001f,0x001f,0x001f,0x2bae,0x56a0,0x56a0,0x56a0,
		0x56a0,0x56a0,0x56a0,0x56a0,0x56a0,0x56a0,0x56a0,0x56a0,0x56a0,0x56a0,0x56a0,0x56a0,0x56a0,0x1179,0x001f,0x001f,
		0x001f,0x001f,0x001f,0x007d,0x56a0,0x56a0,0x56a0,0x56a0,0x56a0,0x56a0,0x56a0,0x56a0,0x1179,0x001f,0x001f,0x001f,
		0x001f,0x08dc,0x56a0,0x56a0,0x3ca9,0x001f,0x001f,0x001f,0x001f,0x001f,0x22b2,0x56a0,0x56a0,0x56a0,0x22f2,0x001f,
		0x001f,0x001f,0x001f,0x001f,0x2293,0x56a0,0x56a0,0x56a0,0x5680,0x007d,0x001f,0x001f,0x001f,0x001f,0x001f,0x2b30,
		0x56a0,0x56a0,0x08db,0x001f,0x001f,0x001f,0x001f,0x1a16,0x56a0,0x56a0,0x1a35,0x001f,0x001f,0x001f,0x001f,0x001f,
		0x4526,0x56a0,0x56a0,0x56a0,0x56a0,0x56a0,0x56a0,0x56a0,0x4546,0x001f,0x001f,0x001f,0x001f,0x001f,0x1a16,0x56a0,
		0x56a0,0x56a0,0x2b30,0x001f,0x001f,0x001f,0x001f,0x001f,0x4da4,0x56a0,0x5660,0x001f,0x001f,0x001f,0x001f,0x001f,
		0x08fb,0x56a0,0x56a0,0x2b6f,0x2b6f,0x5680,0x3c8a,0x08fb,0x001f,0x001f,0x001f,0x001f,0x001f,0x001f,0x2b8e,0x56a0,
		0x56a0,0x56a0,0x56a0,0x56a0,0x56a0,0x56a0,0x56a0,0x56a0,0x56a0,0x56a0,0x56a0,0x56a0,0x56a0,0x56a0,0x56a0,0x56a0,
		0x56a0,0x56a0,0x56a0,0x56a0,0x56a0,0x56a0,0x56a0,0x56a0,0x56a0,0x56a0,0x56a0,0x56a0,0x56a0,0x56a0,0x56a0,0x56a0,
		0x56a0,0x56a0,0x56a0,0x56a0,0x56a0,0x56a0,0x56a0,0x56a0,0x56a0,0x56a0,0x56a0,0x56a0,0x56a0,0x56a0,0x56a0,0x56a0,
		0x56a0,0x56a0,0x56a0,0x56a0,0x56a0,0x56a0,0x56a0,0x56a0,0x56a0,0x56a0,0x56a0,0x56a0,0x56a0,0x56a0,0x56a0,0x56a0,
		0x56a0,0x56a0,0x56a0,0x56a0,0x56a0,0x56a0,0x56a0,0x56a0,0x56a0,0x56a0,0x56a0,0x56a0,0x56a0,0x56a0,0x56a0,0x56a0,
		0x56a0,0x56a0,0x56a0,0x56a0,0x56a0,0x56a0,0x56a0,0x56a0,0x56a0,0x56a0,0x56a0,0x56a0,0x56a0,0x56a0,0x56a0,0x56a0,
		0x56a0,0x56a0,0x56a0,0x56a0,0x56a0,0x56a0,0x56a0,0x56a0,0x56a0,0x56a0,0x56a0,0x56a0,0x56a0,0x56a0,0x56a0,0x56a0,
		0x56a0,0x56a0,0x56a0,0x56a0,0x56a0,0x56a0,0x56a0,0x56a0,0x56a0,0x56a0,0x56a0,0x56a0,0x56a0,0x56a0,0x56a0,0x56a0,
		0x56a0,0x56a0,0x56a0,0x56a0,0x56a0,0x56a0,0x56a0,0x56a0,0x56a0,0x56a0,0x56a0,0x56a0,0x56a0,0x56a0,0x56a0,0x56a0,
		0x56a0,0x56a0,0x56a0,0x56a0,0x56a0,0x56a0,0x56a0,0x56a0,0x56a0,0x56a0,0x56a0,0x56a0,0x56a0,0x56a0,0x5680,0x007d,
		0x001f,0x001f,0x001f,0x001f,0x001f,0x091a,0x5680,0x56a0,0x2b6f,0x001f,0x001f,0x001f,0x001f,0x001f,0x001f,0x2311,
		0x56a0,0x56a0,0x56a0,0x56a0,0x4e02,0x005e,0x001f,0x001f,0x001f,0x001f,0x001f,0x001f,0x4de3,0x56a0,0x56a0,0x56a0,
		0x56a0,0x56a0,0x56a0,0x56a0,0x56a0,0x56a0,0x56a0,0x56a0,0x56a0,0x56a0,0x56a0,0x56a0,0x4e02,0x003e,0x001f,0x001f,
		0x001f,0x001f,0x001f,0x001f,0x3c89,0x56a0,0x56a0,0x56a0,0x56a0,0x56a0,0x56a0,0x56a0,0x19f6,0x001f,0x001f,0x001f,
		0x001f,0x001f,0x3ca9,0x5661,0x1a54,0x001f,0x001f,0x001f,0x001f,0x001f,0x19d7,0x5680,0x56a0,0x56a0,0x2b30,0x001f,
		0x001f,0x001f,0x001f,0x001f,0x003f,0x2311,0x22b3,0x009d,0x4585,0x1a74,0x001f,0x001f,0x001f,0x001f,0x001f,0x089d,
		0x4de3,0x4e03,0x003e,0x001f,0x001f,0x001f,0x001f,0x4527,0x56a0,0x56a0,0x1159,0x001f,0x001f,0x001f,0x001f,0x001f,
		0x3c6a,0x56a0,0x56a0,0x56a0,0x56a0,0x56a0,0x56a0,0x56a0,0x3c8a,0x001f,0x001f,0x001f,0x001f,0x001f,0x093a,0x56a0,
		0x56a0,0x56a0,0x33cd,0x001f,0x001f,0x001f,0x001f,0x001f,0x2311,0x5680,0x33ed,0x001f,0x001f,0x001f,0x001f,0x001f,
		0x007d,0x5622,0x56a0,0x009d,0x001f,0x2293,0x5680,0x5661,0x11d7,0x001f,0x001f,0x001f,0x001f,0x001f,0x22f2,0x56a0,
		0x56a0,0x56a0,0x56a0,0x56a0,0x56a0,0x56a0,0x56a0,0x56a0,0x56a0,0x56a0,0x56a0,0x56a0,0x56a0,0x56a0,0x56a0,0x56a0,
		0x56a0,0x56a0,0x56a0,0x56a0,0x56a0,0x56a0,0x56a0,0x56a0,0x56a0,0x56a0,0x56a0,0x56a0,0x56a0,0x56a0,0x56a0,0x56a0,
		0x56a0,0x56a0,0x56a0,0x56a0,0x56a0,0x56a0,0x56a0,0x56a0,0x56a0,0x56a0,0x56a0,0x56a0,0x56a0,0x56a0,0x56a0,0x56a0,
		0x56a0,0x56a0,0x56a0,0x56a0,0x56a0,0x56a0,0x56a0,0x56a0,0x56a0,0x56a0,0x56a0,0x56a0,0x56a0,0x56a0,0x56a0,0x56a0,
		0x56a0,0x56a0,0x56a0,0x56a0,0x56a0,0x56a0,0x56a0,0x56a0,0x56a0,0x56a0,0x56a0,0x56a0,0x56a0,0x56a0,0x56a0,0x56a0,
		0x56a0,0x56a0,0x56a0,0x56a0,0x56a0,0x56a0,0x56a0,0x56a0,0x56a0,0x56a0,0x56a0,0x56a0,0x56a0,0x56a0,0x56a0,0x56a0,
		0x56a0,0x56a0,0x56a0,0x56a0,0x56a0,0x56a0,0x56a0,0x56a0,0x56a0,0x56a0,0x56a0,0x56a0,0x56a0,0x56a0,0x56a0,0x56a0,
		0x56a0,0x56a0,0x56a0,0x56a0,0x56a0,0x56a0,0x56a0,0x56a0,0x56a0,0x56a0,0x56a0,0x56a0,0x56a0,0x56a0,0x56a0,0x56a0,
		0x56a0,0x56a0,0x56a0,0x56a0,0x56a0,0x56a0,0x56a0,0x56a0,0x56a0,0x56a0,0x56a0,0x56a0,0x56a0,0x56a0,0x56a0,0x56a0,
		0x56a0,0x56a0,0x56a0,0x56a0,0x56a0,0x56a0,0x56a0,0x56a0,0x56a0,0x56a0,0x56a0,0x56a0,0x56a0,0x5680,0x2b50,0x001f,
		0x001f,0x001f,0x001f,0x001f,0x001f,0x001f,0x11b7,0x11d7,0x001f,0x001f,0x001f,0x001f,0x001f,0x001f,0x08bc,0x4e02,
		0x56a0,0x56a0,0x56a0,0x56a0,0x56a0,0x22f2,0x001f,0x001f,0x001f,0x001f,0x001f,0x19d7,0x56a0,0x56a0,0x56a0,0x56a0,
		0x56a0,0x56a0,0x56a0,0x56a0,0x56a0,0x56a0,0x56a0,0x56a0,0x56a0,0x56a0,0x56a0,0x2311,0x007d,0x001f,0x001f,0x001f,
		0x001f,0x001f,0x001f,0x001f,0x001f,0x2293,0x5680,0x56a0,0x56a0,0x56a0,0x56a0,0x56a0,0x2311,0x001f,0x001f,0x001f,
		0x001f,0x001f,0x001f,0x001f,0x001f,0x001f,0x001f,0x001f,0x001f,0x001f,0x001f,0x1a16,0x56a0,0x56a0,0x3c8a,0x001f,
		0x001f,0x001f,0x001f,0x001f,0x001f,0x001f,0x001f,0x001f,0x3c89,0x4da4,0x005e,0x001f,0x001f,0x001f,0x001f,0x001f,
		0x003f,0x005e,0x001f,0x001f,0x001f,0x001f,0x2bae,0x56a0,0x5680,0x22b3,0x001f,0x001f,0x001f,0x001f,0x001f,0x001f,
		0x005e,0x22f2,0x5641,0x56a0,0x56a0,0x56a0,0x56a0,0x4e02,0x093a,0x001f,0x001f,0x001f,0x001f,0x001f,0x001f,0x2b6f,
		0x56a0,0x56a0,0x3cc8,0x001f,0x001f,0x001f,0x001f,0x001f,0x001f,0x001f,0x001f,0x001f,0x001f,0x001f,0x001f,0x001f,
		0x001f,0x08dc,0x4e02,0x11b8,0x001f,0x001f,0x1a16,0x3ce8,0x11b7,0x001f,0x001f,0x001f,0x001f,0x001f,0x344b,0x56a0,
		0x56a0,0x56a0,0x56a0,0x56a0,0x56a0,0x56a0,0x56a0,0x56a0,0x56a0,0x56a0,0x56a0,0x56a0,0x56a0,0x56a0,0x56a0,0x56a0,
		0x56a0,0x56a0,0x56a0,0x56a0,0x56a0,0x56a0,0x56a0,0x56a0,0x56a0,0x56a0,0x56a0,0x56a0,0x56a0,0x56a0,0x56a0,0x56a0,
		0x56a0,0x56a0,0x56a0,0x56a0,0x56a0,0x56a0,0x56a0,0x56a0,0x56a0,0x56a0,0x56a0,0x56a0,0x56a0,0x56a0,0x56a0,0x56a0,
		0x56a0,0x56a0,0x56a0,0x56a0,0x56a0,0x56a0,0x56a0,0x56a0,0x56a0,0x56a0,0x56a0,0x56a0,0x56a0,0x56a0,0x56a0,0x56a0,
		0x56a0,0x56a0,0x56a0,0x56a0,0x56a0,0x56a0,0x56a0,0x56a0,0x56a0,0x56a0,0x56a0,0x56a0,0x56a0,0x56a0,0x56a0,0x56a0,
		0x56a0,0x56a0,0x56a0,0x56a0,0x56a0,0x56a0,0x56a0,0x56a0,0x56a0,0x56a0,0x56a0,0x56a0,0x56a0,0x56a0,0x56a0,0x56a0,
		0x56a0,0x56a0,0x56a0,0x56a0,0x56a0,0x56a0,0x56a0,0x56a0,0x56a0,0x56a0,0x56a0,0x56a0,0x56a0,0x56a0,0x56a0,0x56a0,
		0x56a0,0x56a0,0x56a0,0x56a0,0x56a0,0x56a0,0x56a0,0x56a0,0x56a0,0x56a0,0x56a0,0x56a0,0x56a0,0x56a0,0x56a0,0x56a0,
		0x56a0,0x56a0,0x56a0,0x56a0,0x56a0,0x56a0,0x56a0,0x56a0,0x56a0,0x56a0,0x56a0,0x56a0,0x56a0,0x56a0,0x56a0,0x56a0,
		0x56a0,0x56a0,0x56a0,0x56a0,0x56a0,0x56a0,0x56a0,0x56a0,0x56a0,0x56a0,0x56a0,0x56a0,0x56a0,0x342b,0x001f,0x001f,
		0x001f,0x001f,0x001f,0x001f,0x001f,0x001f,0x001f,0x001f,0x001f,0x001f,0x001f,0x001f,0x001f,0x08bc,0x4565,0x56a0,
		0x56a0,0x56a0,0x56a0,0x56a0,0x56a0,0x4de3,0x001f,0x001f,0x001f,0x001f,0x001f,0x3c6a,0x56a0,0x56a0,0x56a0,0x56a0,
		0x56a0,0x56a0,0x56a0,0x56a0,0x56a0,0x56a0,0x56a0,0x56a0,0x56a0,0x56a0,0x5660,0x003f,0x001f,0x001f,0x001f,0x001f,
		0x001f,0x001f,0x001f,0x001f,0x001f,0x001f,0x4da4,0x56a0,0x56a0,0x56a0,0x56a0,0x56a0,0x4da4,0x003f,0x001f,0x001f,
		0x001f,0x001f,0x001f,0x001f,0x091b,0x001f,0x001f,0x001f,0x001f,0x001f,0x001f,0x1178,0x56a0,0x56a0,0x5680,0x1159,
		0x001f,0x001f,0x001f,0x001f,0x001f,0x001f,0x001f,0x1a16,0x5680,0x56a0,0x3cc8,0x007e,0x001f,0x001f,0x001f,0x001f,
		0x001f,0x001f,0x001f,0x001f,0x007e,0x342b,0x56a0,0x56a0,0x4585,0x001f,0x001f,0x001f,0x001f,0x001f,0x001f,0x001f,
		0x001f,0x001f,0x3c6a,0x56a0,0x56a0,0x56a0,0x56a0,0x1a54,0x001f,0x001f,0x001f,0x001f,0x001f,0x001f,0x001f,0x001f,
		0x4e03,0x56a0,0x5680,0x091a,0x001f,0x001f,0x001f,0x001f,0x001f,0x001f,0x091b,0x001f,0x001f,0x001f,0x001f,0x001f,
		0x001f,0x007e,0x4de3,0x344b,0x001f,0x001f,0x001f,0x001f,0x001f,0x001f,0x001f,0x001f,0x001f,0x11b7,0x5680,0x56a0,
		0x56a0,0x56a0,0x56a0,0x56a0,0x56a0,0x56a0,0x56a0,0x56a0,0x56a0,0x56a0,0x56a0,0x56a0,0x56a0,0x56a0,0x56a0,0x56a0,
		0x56a0,0x56a0,0x56a0,0x56a0,0x56a0,0x56a0,0x56a0,0x56a0,0x56a0,0x56a0,0x56a0,0x56a0,0x56a0,0x56a0,0x56a0,0x56a0,
		0x56a0,0x56a0,0x56a0,0x56a0,0x56a0,0x56a0,0x56a0,0x56a0,0x56a0,0x56a0,0x56a0,0x56a0,0x56a0,0x56a0,0x56a0,0x56a0,
		0x56a0,0x56a0,0x56a0,0x56a0,0x56a0,0x56a0,0x56a0,0x56a0,0x56a0,0x56a0,0x56a0,0x56a0,0x56a0,0x56a0,0x56a0,0x56a0,
		0x56a0,0x56a0,0x56a0,0x56a0,0x56a0,0x56a0,0x56a0,0x56a0,0x56a0,0x56a0,0x56a0,0x56a0,0x56a0,0x56a0,0x56a0,0x56a0,
		0x56a0,0x56a0,0x56a0,0x56a0,0x56a0,0x56a0,0x56a0,0x56a0,0x56a0,0x56a0,0x56a0,0x56a0,0x56a0,0x56a0,0x56a0,0x56a0,
		0x56a0,0x56a0,0x56a0,0x56a0,0x56a0,0x56a0,0x56a0,0x56a0,0x56a0,0x56a0,0x56a0,0x56a0,0x56a0,0x56a0,0x56a0,0x56a0,
		0x56a0,0x56a0,0x56a0,0x56a0,0x56a0,0x56a0,0x56a0,0x56a0,0x56a0,0x56a0,0x56a0,0x56a0,0x56a0,0x56a0,0x56a0,0x56a0,
		0x56a0,0x56a0,0x56a0,0x56a0,0x56a0,0x56a0,0x56a0,0x56a0,0x56a0,0x56a0,0x56a0,0x56a0,0x56a0,0x56a0,0x56a0,0x56a0,
		0x56a0,0x56a0,0x56a0,0x56a0,0x56a0,0x56a0,0x56a0,0x56a0,0x56a0,0x56a0,0x56a0,0x56a0,0x56a0,0x4565,0x009d,0x001f,
		0x001f,0x001f,0x001f,0x007d,0x007d,0x001f,0x001f,0x001f,0x001f,0x001f,0x001f,0x1159,0x2b6f,0x5641,0x56a0,0x56a0,
		0x56a0,0x3c6a,0x1159,0x11d7,0x4d85,0x56a0,0x1a15,0x001f,0x001f,0x001f,0x08fb,0x5680,0x56a0,0x56a0,0x56a0,0x56a0,
		0x56a0,0x56a0,0x56a0,0x56a0,0x56a0,0x56a0,0x56a0,0x56a0,0x56a0,0x56a0,0x56a0,0x3ce8,0x11b7,0x007e,0x001f,0x001f,
		0x001f,0x001f,0x001f,0x001f,0x08fb,0x33cd,0x56a0,0x56a0,0x56a0,0x56a0,0x56a0,0x56a0,0x56a0,0x3cc8,0x08fb,0x001f,
		0x001f,0x001f,0x11b7,0x4507,0x4e22,0x003f,0x001f,0x001f,0x003e,0x1198,0x2bae,0x5641,0x56a0,0x56a0,0x56a0,0x4e02,
		0x1a16,0x001f,0x001f,0x001f,0x001f,0x08dc,0x33cd,0x5680,0x56a0,0x56a0,0x56a0,0x4da4,0x1a74,0x003e,0x001f,0x001f,
		0x001f,0x001f,0x08bc,0x2311,0x4de3,0x56a0,0x56a0,0x56a0,0x5680,0x22b3,0x007e,0x001f,0x001f,0x001f,0x001f,0x001f,
		0x001f,0x11b7,0x4e22,0x56a0,0x56a0,0x56a0,0x56a0,0x3cc8,0x08db,0x001f,0x001f,0x001f,0x001f,0x001f,0x007d,0x2b30,
		0x56a0,0x56a0,0x56a0,0x4dc4,0x11b7,0x001f,0x001f,0x001f,0x08fb,0x340c,0x5680,0x1198,0x001f,0x001f,0x001f,0x091a,
		0x2311,0x4dc4,0x56a0,0x5680,0x1a16,0x001f,0x001f,0x001f,0x001f,0x001f,0x001f,0x003e,0x22d2,0x5661,0x56a0,0x56a0,
		0x56a0,0x56a0,0x56a0,0x56a0,0x56a0,0x56a0,0x56a0,0x56a0,0x56a0,0x56a0,0x56a0,0x56a0,0x56a0,0x56a0,0x56a0,0x56a0,
		0x56a0,0x56a0,0x56a0,0x56a0,0x56a0,0x56a0,0x56a0,0x56a0,0x56a0,0x56a0,0x56a0,0x56a0,0x56a0,0x56a0,0x56a0,0x56a0,
		0x56a0,0x56a0,0x56a0,0x56a0,0x56a0,0x56a0,0x56a0,0x56a0,0x56a0,0x56a0,0x56a0,0x56a0,0x56a0,0x56a0,0x56a0,0x56a0,
		0x56a0,0x56a0,0x56a0,0x56a0,0x56a0,0x56a0,0x56a0,0x56a0,0x56a0,0x56a0,0x56a0,0x56a0,0x56a0,0x56a0,0x56a0,0x56a0,
		0x56a0,0x56a0,0x56a0,0x56a0,0x56a0,0x56a0,0x56a0,0x56a0,0x56a0,0x56a0,0x56a0,0x56a0,0x56a0,0x56a0,0x56a0,0x56a0,
		0x56a0,0x56a0,0x56a0,0x56a0,0x56a0,0x56a0,0x56a0,0x56a0,0x56a0,0x56a0,0x56a0,0x56a0,0x56a0,0x56a0,0x56a0,0x56a0,
		0x56a0,0x56a0,0x56a0,0x56a0,0x56a0,0x56a0,0x56a0,0x56a0,0x56a0,0x56a0,0x56a0,0x56a0,0x56a0,0x56a0,0x56a0,0x56a0,
		0x56a0,0x56a0,0x56a0,0x56a0,0x56a0,0x56a0,0x56a0,0x56a0,0x56a0,0x56a0,0x56a0,0x56a0,0x56a0,0x56a0,0x56a0,0x56a0,
		0x56a0,0x56a0,0x56a0,0x56a0,0x56a0,0x56a0,0x56a0,0x56a0,0x56a0,0x56a0,0x56a0,0x56a0,0x56a0,0x56a0,0x56a0,0x56a0,
		0x56a0,0x56a0,0x56a0,0x56a0,0x56a0,0x56a0,0x56a0,0x56a0,0x56a0,0x56a0,0x56a0,0x56a0,0x56a0,0x56a0,0x5680,0x4e22,
		0x5661,0x56a0,0x56a0,0x56a0,0x56a0,0x56a0,0x56a0,0x5641,0x4e22,0x5622,0x56a0,0x56a0,0x56a0,0x56a0,0x56a0,0x56a0,
		0x4da4,0x001f,0x001f,0x001f,0x1178,0x56a0,0x2bae,0x001f,0x001f,0x001f,0x33cd,0x56a0,0x56a0,0x56a0,0x56a0,0x56a0,
		0x56a0,0x56a0,0x56a0,0x56a0,0x56a0,0x56a0,0x56a0,0x56a0,0x56a0,0x56a0,0x56a0,0x56a0,0x56a0,0x5680,0x4de3,0x4d85,
		0x4546,0x4546,0x4d85,0x4e22,0x56a0,0x56a0,0x56a0,0x56a0,0x56a0,0x56a0,0x56a0,0x56a0,0x56a0,0x56a0,0x56a0,0x4dc3,
		0x4546,0x4e22,0x56a0,0x56a0,0x56a0,0x4dc4,0x4546,0x4dc4,0x5680,0x56a0,0x56a0,0x56a0,0x56a0,0x56a0,0x56a0,0x56a0,
		0x56a0,0x4de3,0x3cc8,0x3cc8,0x4da4,0x56a0,0x56a0,0x56a0,0x56a0,0x56a0,0x56a0,0x56a0,0x56a0,0x5660,0x4546,0x3ca9,
		0x44e8,0x4da4,0x56a0,0x56a0,0x56a0,0x56a0,0x56a0,0x56a0,0x56a0,0x56a0,0x5680,0x4dc3,0x4565,0x4546,0x4546,0x4dc4,
		0x5660,0x56a0,0x56a0,0x56a0,0x56a0,0x56a0,0x56a0,0x56a0,0x56a0,0x4e22,0x4da4,0x4546,0x4546,0x4dc3,0x5680,0x56a0,
		0x56a0,0x56a0,0x56a0,0x56a0,0x56a0,0x4e22,0x4546,0x4dc3,0x56a0,0x56a0,0x56a0,0x4e22,0x4546,0x4585,0x5661,0x56a0,
		0x56a0,0x56a0,0x56a0,0x56a0,0x56a0,0x5622,0x5660,0x4de3,0x4546,0x3cc9,0x4546,0x5641,0x56a0,0x56a0,0x56a0,0x56a0,
		0x56a0,0x56a0,0x56a0,0x56a0,0x56a0,0x56a0,0x56a0,0x56a0,0x56a0,0x56a0,0x56a0,0x56a0,0x56a0,0x56a0,0x56a0,0x56a0,
		0x56a0,0x56a0,0x56a0,0x56a0,0x56a0,0x56a0,0x56a0,0x56a0,0x56a0,0x56a0,0x56a0,0x56a0,0x56a0,0x56a0,0x56a0,0x56a0,
		0x56a0,0x56a0,0x56a0,0x56a0,0x56a0,0x56a0,0x56a0,0x56a0,0x56a0,0x56a0,0x56a0,0x56a0,0x56a0,0x56a0,0x56a0,0x56a0,
		0x56a0,0x56a0,0x56a0,0x56a0,0x56a0,0x56a0,0x56a0,0x56a0,0x56a0,0x56a0,0x56a0,0x56a0,0x56a0,0x56a0,0x56a0,0x56a0,
		0x56a0,0x56a0,0x56a0,0x56a0,0x56a0,0x56a0,0x56a0,0x56a0,0x56a0,0x56a0,0x56a0,0x56a0,0x56a0,0x56a0,0x56a0,0x56a0,
		0x56a0,0x56a0,0x56a0,0x56a0,0x56a0,0x56a0,0x56a0,0x56a0,0x56a0,0x56a0,0x56a0,0x56a0,0x56a0,0x56a0,0x56a0,0x56a0,
		0x56a0,0x56a0,0x56a0,0x56a0,0x56a0,0x56a0,0x56a0,0x56a0,0x56a0,0x56a0,0x56a0,0x56a0,0x56a0,0x56a0,0x56a0,0x56a0,
		0x56a0,0x56a0,0x56a0,0x56a0,0x56a0,0x56a0,0x56a0,0x56a0,0x56a0,0x56a0,0x56a0,0x56a0,0x56a0,0x56a0,0x56a0,0x56a0,
		0x56a0,0x56a0,0x56a0,0x56a0,0x56a0,0x56a0,0x56a0,0x56a0,0x56a0,0x56a0,0x56a0,0x56a0,0x56a0,0x56a0,0x56a0,0x56a0,
		0x56a0,0x56a0,0x56a0,0x56a0,0x56a0,0x56a0,0x56a0,0x56a0,0x56a0,0x56a0,0x56a0,0x56a0,0x56a0,0x56a0,0x56a0,0x56a0,
		0x56a0,0x56a0,0x56a0,0x56a0,0x56a0,0x56a0,0x56a0,0x56a0,0x56a0,0x56a0,0x56a0,0x56a0,0x56a0,0x56a0,0x56a0,0x56a0,
		0x3c6a,0x001f,0x001f,0x001f,0x001f,0x3c8a,0x11b8,0x001f,0x001f,0x091a,0x5661,0x56a0,0x56a0,0x56a0,0x56a0,0x56a0,
		0x56a0,0x56a0,0x56a0,0x56a0,0x56a0,0x56a0,0x56a0,0x56a0,0x56a0,0x56a0,0x56a0,0x56a0,0x56a0,0x56a0,0x56a0,0x56a0,
		0x56a0,0x56a0,0x56a0,0x56a0,0x56a0,0x56a0,0x56a0,0x56a0,0x56a0,0x56a0,0x56a0,0x56a0,0x56a0,0x56a0,0x56a0,0x56a0,
		0x56a0,0x56a0,0x56a0,0x56a0,0x56a0,0x56a0,0x56a0,0x56a0,0x56a0,0x56a0,0x56a0,0x56a0,0x56a0,0x56a0,0x56a0,0x56a0,
		0x56a0,0x56a0,0x56a0,0x56a0,0x56a0,0x56a0,0x56a0,0x56a0,0x56a0,0x56a0,0x56a0,0x56a0,0x56a0,0x56a0,0x56a0,0x56a0,
		0x56a0,0x56a0,0x56a0,0x56a0,0x56a0,0x56a0,0x56a0,0x56a0,0x56a0,0x56a0,0x56a0,0x56a0,0x56a0,0x56a0,0x56a0,0x56a0,
		0x56a0,0x56a0,0x56a0,0x56a0,0x56a0,0x56a0,0x56a0,0x56a0,0x56a0,0x56a0,0x56a0,0x56a0,0x56a0,0x56a0,0x56a0,0x56a0,
		0x56a0,0x56a0,0x56a0,0x56a0,0x56a0,0x56a0,0x56a0,0x56a0,0x56a0,0x56a0,0x56a0,0x56a0,0x56a0,0x56a0,0x56a0,0x56a0,
		0x56a0,0x56a0,0x56a0,0x56a0,0x56a0,0x56a0,0x56a0,0x56a0,0x56a0,0x56a0,0x56a0,0x56a0,0x56a0,0x56a0,0x56a0,0x56a0,
		0x56a0,0x56a0,0x56a0,0x56a0,0x56a0,0x56a0,0x56a0,0x56a0,0x56a0,0x56a0,0x56a0,0x56a0,0x56a0,0x56a0,0x56a0,0x56a0,
		0x56a0,0x56a0,0x56a0,0x56a0,0x56a0,0x56a0,0x56a0,0x56a0,0x56a0,0x56a0,0x56a0,0x56a0,0x56a0,0x56a0,0x56a0,0x56a0,
		0x56a0,0x56a0,0x56a0,0x56a0,0x56a0,0x56a0,0x56a0,0x56a0,0x56a0,0x56a0,0x56a0,0x56a0,0x56a0,0x56a0,0x56a0,0x56a0,
		0x56a0,0x56a0,0x56a0,0x56a0,0x56a0,0x56a0,0x56a0,0x56a0,0x56a0,0x56a0,0x56a0,0x5680,0x6600,0x7d20,0x9440,0xa380,
		0xb300,0xbaa0,0xc260,0xc260,0xba80,0xb2e0,0xab60,0x9c00,0x84c0,0x6dc0,0x5e80,0x56a0,0x56a0,0x56a0,0x56a0,0x56a0,
		0x56a0,0x56a0,0x56a0,0x56a0,0x56a0,0x56a0,0x56a0,0x56a0,0x56a0,0x56a0,0x56a0,0x56a0,0x56a0,0x56a0,0x56a0,0x56a0,
		0x56a0,0x56a0,0x56a0,0x56a0,0x56a0,0x56a0,0x56a0,0x56a0,0x56a0,0x56a0,0x56a0,0x56a0,0x56a0,0x56a0,0x56a0,0x56a0,
		0x56a0,0x56a0,0x56a0,0x56a0,0x56a0,0x56a0,0x56a0,0x56a0,0x56a0,0x56a0,0x56a0,0x56a0,0x56a0,0x56a0,0x56a0,0x56a0,
		0x56a0,0x56a0,0x56a0,0x56a0,0x56a0,0x56a0,0x56a0,0x56a0,0x56a0,0x56a0,0x56a0,0x56a0,0x56a0,0x56a0,0x56a0,0x56a0,
		0x56a0,0x56a0,0x56a0,0x56a0,0x56a0,0x56a0,0x56a0,0x56a0,0x56a0,0x56a0,0x56a0,0x56a0,0x56a0,0x56a0,0x56a0,0x56a0,
		0x56a0,0x56a0,0x56a0,0x56a0,0x56a0,0x56a0,0x56a0,0x56a0,0x56a0,0x56a0,0x56a0,0x56a0,0x56a0,0x56a0,0x56a0,0x56a0,
		0x4da4,0x003f,0x001f,0x001f,0x001f,0x001f,0x001f,0x001f,0x007d,0x4585,0x56a0,0x56a0,0x56a0,0x56a0,0x56a0,0x56a0,
		0x56a0,0x56a0,0x56a0,0x56a0,0x56a0,0x56a0,0x56a0,0x56a0,0x56a0,0x56a0,0x56a0,0x56a0,0x56a0,0x56a0,0x56a0,0x56a0,
		0x56a0,0x56a0,0x56a0,0x56a0,0x56a0,0x56a0,0x56a0,0x56a0,0x56a0,0x56a0,0x56a0,0x56a0,0x56a0,0x56a0,0x56a0,0x56a0,
		0x56a0,0x56a0,0x56a0,0x56a0,0x56a0,0x56a0,0x56a0,0x56a0,0x56a0,0x56a0,0x56a0,0x56a0,0x56a0,0x56a0,0x56a0,0x56a0,
		0x56a0,0x56a0,0x56a0,0x56a0,0x56a0,0x56a0,0x56a0,0x56a0,0x56a0,0x56a0,0x56a0,0x56a0,0x56a0,0x56a0,0x56a0,0x56a0,
		0x56a0,0x56a0,0x56a0,0x56a0,0x56a0,0x56a0,0x56a0,0x56a0,0x56a0,0x56a0,0x56a0,0x56a0,0x56a0,0x56a0,0x56a0,0x56a0,
		0x56a0,0x56a0,0x56a0,0x56a0,0x56a0,0x56a0,0x56a0,0x56a0,0x56a0,0x56a0,0x56a0,0x56a0,0x56a0,0x56a0,0x56a0,0x56a0,
		0x56a0,0x56a0,0x56a0,0x56a0,0x56a0,0x56a0,0x56a0,0x56a0,0x56a0,0x56a0,0x56a0,0x56a0,0x56a0,0x56a0,0x56a0,0x56a0,
		0x56a0,0x56a0,0x56a0,0x56a0,0x56a0,0x56a0,0x56a0,0x56a0,0x56a0,0x56a0,0x56a0,0x56a0,0x56a0,0x56a0,0x56a0,0x56a0,
		0x56a0,0x56a0,0x56a0,0x56a0,0x56a0,0x56a0,0x56a0,0x56a0,0x56a0,0x56a0,0x56a0,0x56a0,0x56a0,0x56a0,0x56a0,0x56a0,
		0x56a0,0x56a0,0x56a0,0x56a0,0x56a0,0x56a0,0x56a0,0x56a0,0x56a0,0x56a0,0x56a0,0x56a0,0x56a0,0x56a0,0x56a0,0x56a0,
		0x56a0,0x56a0,0x56a0,0x56a0,0x56a0,0x56a0,0x56a0,0x56a0,0x56a0,0x56a0,0x56a0,0x56a0,0x56a0,0x56a0,0x56a0,0x56a0,
		0x56a0,0x56a0,0x56a0,0x56a0,0x56a0,0x56a0,0x56a0,0x5680,0x7560,0x9bc0,0xca20,0xe8c0,0xf800,0xf800,0xf800,0xf800,
		0xf800,0xf800,0xf800,0xf800,0xf800,0xf800,0xf800,0xf800,0xf800,0xf800,0xf080,0xd1a0,0xab40,0x84e0,0x5e60,0x56a0,
		0x56a0,0x56a0,0x56a0,0x56a0,0x56a0,0x56a0,0x56a0,0x56a0,0x56a0,0x56a0,0x56a0,0x56a0,0x56a0,0x56a0,0x56a0,0x56a0,
		0x56a0,0x56a0,0x56a0,0x56a0,0x56a0,0x56a0,0x56a0,0x56a0,0x56a0,0x56a0,0x56a0,0x56a0,0x56a0,0x56a0,0x56a0,0x56a0,
		0x56a0,0x56a0,0x56a0,0x56a0,0x56a0,0x56a0,0x56a0,0x56a0,0x56a0,0x56a0,0x56a0,0x56a0,0x56a0,0x56a0,0x56a0,0x56a0,
		0x56a0,0x56a0,0x56a0,0x56a0,0x56a0,0x56a0,0x56a0,0x56a0,0x56a0,0x56a0,0x56a0,0x56a0,0x56a0,0x56a0,0x56a0,0x56a0,
		0x56a0,0x56a0,0x56a0,0x56a0,0x56a0,0x56a0,0x56a0,0x56a0,0x56a0,0x56a0,0x56a0,0x56a0,0x56a0,0x56a0,0x56a0,0x56a0,
		0x56a0,0x56a0,0x56a0,0x56a0,0x56a0,0x56a0,0x56a0,0x56a0,0x56a0,0x56a0,0x56a0,0x56a0,0x56a0,0x56a0,0x56a0,0x56a0,
		0x56a0,0x340c,0x003e,0x001f,0x001f,0x001f,0x001f,0x1198,0x4da4,0x56a0,0x56a0,0x56a0,0x56a0,0x56a0,0x56a0,0x56a0,
		0x56a0,0x56a0,0x56a0,0x56a0,0x56a0,0x56a0,0x56a0,0x56a0,0x56a0,0x56a0,0x56a0,0x56a0,0x56a0,0x56a0,0x56a0,0x56a0,
		0x56a0,0x56a0,0x56a0,0x56a0,0x56a0,0x56a0,0x56a0,0x56a0,0x56a0,0x56a0,0x56a0,0x56a0,0x56a0,0x56a0,0x56a0,0x56a0,
		0x56a0,0x56a0,0x56a0,0x56a0,0x56a0,0x56a0,0x56a0,0x56a0,0x56a0,0x56a0,0x56a0,0x56a0,0x56a0,0x56a0,0x56a0,0x56a0,
		0x56a0,0x56a0,0x56a0,0x56a0,0x56a0,0x56a0,0x56a0,0x56a0,0x56a0,0x56a0,0x56a0,0x56a0,0x56a0,0x56a0,0x56a0,0x56a0,
		0x56a0,0x56a0,0x56a0,0x56a0,0x56a0,0x56a0,0x56a0,0x56a0,0x56a0,0x56a0,0x56a0,0x56a0,0x56a0,0x56a0,0x56a0,0x56a0,
		0x56a0,0x56a0,0x56a0,0x56a0,0x56a0,0x56a0,0x56a0,0x56a0,0x56a0,0x56a0,0x56a0,0x56a0,0x56a0,0x56a0,0x56a0,0x56a0,
		0x56a0,0x56a0,0x56a0,0x56a0,0x56a0,0x56a0,0x56a0,0x56a0,0x56a0,0x56a0,0x56a0,0x56a0,0x56a0,0x56a0,0x56a0,0x56a0,
		0x56a0,0x56a0,0x56a0,0x56a0,0x56a0,0x56a0,0x56a0,0x56a0,0x56a0,0x56a0,0x56a0,0x56a0,0x56a0,0x56a0,0x56a0,0x56a0,
		0x56a0,0x56a0,0x56a0,0x56a0,0x56a0,0x56a0,0x56a0,0x56a0,0x56a0,0x56a0,0x56a0,0x56a0,0x56a0,0x56a0,0x56a0,0x56a0,
		0x56a0,0x56a0,0x56a0,0x56a0,0x56a0,0x56a0,0x56a0,0x56a0,0x56a0,0x56a0,0x56a0,0x56a0,0x56a0,0x56a0,0x56a0,0x56a0,
		0x56a0,0x56a0,0x56a0,0x56a0,0x56a0,0x56a0,0x56a0,0x56a0,0x56a0,0x56a0,0x56a0,0x56a0,0x56a0,0x56a0,0x56a0,0x56a0,
		0x56a0,0x56a0,0x56a0,0x56a0,0x5680,0x7d40,0xb2e0,0xe8e0,0xf800,0xf800,0xf800,0xf800,0xf800,0xf800,0xf800,0xf800,
		0xf800,0xf800,0xf800,0xf800,0xf800,0xf800,0xf800,0xf800,0xf800,0xf800,0xf800,0xf800,0xf800,0xf800,0xf060,0xc240,
		0x8c80,0x5e60,0x56a0,0x56a0,0x56a0,0x56a0,0x56a0,0x56a0,0x56a0,0x56a0,0x56a0,0x56a0,0x56a0,0x56a0,0x56a0,0x56a0,
		0x56a0,0x56a0,0x56a0,0x56a0,0x56a0,0x56a0,0x56a0,0x56a0,0x56a0,0x56a0,0x56a0,0x56a0,0x56a0,0x56a0,0x56a0,0x56a0,
		0x56a0,0x56a0,0x56a0,0x56a0,0x56a0,0x56a0,0x56a0,0x56a0,0x56a0,0x56a0,0x56a0,0x56a0,0x56a0,0x56a0,0x56a0,0x56a0,
		0x56a0,0x56a0,0x56a0,0x56a0,0x56a0,0x56a0,0x56a0,0x56a0,0x56a0,0x56a0,0x56a0,0x56a0,0x56a0,0x56a0,0x56a0,0x56a0,
		0x56a0,0x56a0,0x56a0,0x56a0,0x56a0,0x56a0,0x56a0,0x56a0,0x56a0,0x56a0,0x56a0,0x56a0,0x56a0,0x56a0,0x56a0,0x56a0,
		0x56a0,0x56a0,0x56a0,0x56a0,0x56a0,0x56a0,0x56a0,0x56a0,0x56a0,0x56a0,0x56a0,0x56a0,0x56a0,0x56a0,0x56a0,0x56a0,
		0x56a0,0x56a0,0x4e02,0x3c6a,0x2b8e,0x33cd,0x4546,0x56a0,0x56a0,0x56a0,0x56a0,0x56a0,0x56a0,0x56a0,0x56a0,0x56a0,
		0x56a0,0x56a0,0x56a0,0x56a0,0x56a0,0x56a0,0x56a0,0x56a0,0x56a0,0x56a0,0x56a0,0x56a0,0x56a0,0x56a0,0x56a0,0x56a0,
		0x56a0,0x56a0,0x56a0,0x56a0,0x56a0,0x56a0,0x56a0,0x56a0,0x56a0,0x56a0,0x56a0,0x56a0,0x56a0,0x56a0,0x56a0,0x56a0,
		0x56a0,0x56a0,0x56a0,0x56a0,0x56a0,0x56a0,0x56a0,0x56a0,0x56a0,0x56a0,0x56a0,0x56a0,0x56a0,0x56a0,0x56a0,0x56a0,
		0x56a0,0x56a0,0x56a0,0x56a0,0x56a0,0x56a0,0x56a0,0x56a0,0x56a0,0x56a0,0x56a0,0x56a0,0x56a0,0x56a0,0x56a0,0x56a0,
		0x56a0,0x56a0,0x56a0,0x56a0,0x56a0,0x56a0,0x56a0,0x56a0,0x56a0,0x56a0,0x56a0,0x56a0,0x56a0,0x56a0,0x56a0,0x56a0,
		0x56a0,0x56a0,0x56a0,0x56a0,0x56a0,0x56a0,0x56a0,0x56a0,0x56a0,0x56a0,0x56a0,0x56a0,0x56a0,0x56a0,0x56a0,0x56a0,
		0x56a0,0x56a0,0x56a0,0x56a0,0x56a0,0x56a0,0x56a0,0x56a0,0x56a0,0x56a0,0x56a0,0x56a0,0x56a0,0x56a0,0x56a0,0x56a0,
		0x56a0,0x56a0,0x56a0,0x56a0,0x56a0,0x56a0,0x56a0,0x56a0,0x56a0,0x56a0,0x56a0,0x56a0,0x56a0,0x56a0,0x56a0,0x56a0,
		0x56a0,0x56a0,0x56a0,0x56a0,0x56a0,0x56a0,0x56a0,0x56a0,0x56a0,0x56a0,0x56a0,0x56a0,0x56a0,0x56a0,0x56a0,0x56a0,
		0x56a0,0x56a0,0x56a0,0x56a0,0x56a0,0x56a0,0x56a0,0x56a0,0x56a0,0x56a0,0x56a0,0x56a0,0x56a0,0x56a0,0x56a0,0x56a0,
		0x56a0,0x56a0,0x56a0,0x56a0,0x56a0,0x56a0,0x56a0,0x56a0,0x56a0,0x56a0,0x56a0,0x56a0,0x56a0,0x56a0,0x56a0,0x56a0,
		0x56a0,0x56a0,0x5e40,0x9be0,0xe120,0xf800,0xf800,0xf800,0xf800,0xf800,0xf800,0xf800,0xf800,0xf800,0xf800,0xf800,
		0xf800,0xf800,0xf800,0xf800,0xf800,0xf800,0xf800,0xf800,0xf800,0xf800,0xf800,0xf800,0xf800,0xf800,0xf800,0xf800,
		0xf800,0xf080,0xb300,0x6dc0,0x56a0,0x56a0,0x56a0,0x56a0,0x56a0,0x56a0,0x56a0,0x56a0,0x56a0,0x56a0,0x56a0,0x56a0,
		0x56a0,0x56a0,0x56a0,0x56a0,0x56a0,0x56a0,0x56a0,0x56a0,0x56a0,0x56a0,0x56a0,0x56a0,0x56a0,0x56a0,0x56a0,0x56a0,
		0x56a0,0x56a0,0x56a0,0x56a0,0x56a0,0x56a0,0x56a0,0x56a0,0x56a0,0x56a0,0x56a0,0x56a0,0x56a0,0x56a0,0x56a0,0x56a0,
		0x56a0,0x56a0,0x56a0,0x56a0,0x56a0,0x56a0,0x56a0,0x56a0,0x56a0,0x56a0,0x56a0,0x56a0,0x56a0,0x56a0,0x56a0,0x56a0,
		0x56a0,0x56a0,0x56a0,0x56a0,0x56a0,0x56a0,0x56a0,0x56a0,0x56a0,0x56a0,0x56a0,0x56a0,0x56a0,0x56a0,0x56a0,0x56a0,
		0x56a0,0x56a0,0x56a0,0x56a0,0x56a0,0x56a0,0x56a0,0x56a0,0x56a0,0x56a0,0x56a0,0x56a0,0x56a0,0x56a0,0x56a0,0x56a0,
		0x56a0,0x56a0,0x56a0,0x56a0,0x56a0,0x56a0,0x56a0,0x56a0,0x56a0,0x56a0,0x56a0,0x56a0,0x56a0,0x56a0,0x56a0,0x56a0,
		0x56a0,0x56a0,0x56a0,0x56a0,0x56a0,0x56a0,0x56a0,0x56a0,0x56a0,0x56a0,0x56a0,0x56a0,0x56a0,0x56a0,0x56a0,0x56a0,
		0x56a0,0x56a0,0x56a0,0x56a0,0x56a0,0x56a0,0x56a0,0x56a0,0x56a0,0x56a0,0x56a0,0x56a0,0x56a0,0x56a0,0x56a0,0x56a0,
		0x56a0,0x56a0,0x56a0,0x56a0,0x56a0,0x56a0,0x56a0,0x56a0,0x56a0,0x56a0,0x56a0,0x56a0,0x56a0,0x56a0,0x56a0,0x56a0,
		0x56a0,0x56a0,0x56a0,0x56a0,0x56a0,0x56a0,0x56a0,0x56a0,0x56a0,0x56a0,0x56a0,0x56a0,0x56a0,0x56a0,0x56a0,0x56a0,
		0x56a0,0x56a0,0x56a0,0x56a0,0x56a0,0x56a0,0x56a0,0x56a0,0x56a0,0x56a0,0x56a0,0x56a0,0x56a0,0x56a0,0x56a0,0x56a0,
		0x56a0,0x56a0,0x56a0,0x56a0,0x56a0,0x56a0,0x56a0,0x56a0,0x56a0,0x56a0,0x56a0,0x56a0,0x56a0,0x56a0,0x56a0,0x56a0,
		0x56a0,0x56a0,0x56a0,0x56a0,0x56a0,0x56a0,0x56a0,0x56a0,0x56a0,0x56a0,0x56a0,0x56a0,0x56a0,0x56a0,0x56a0,0x56a0,
		0x56a0,0x56a0,0x56a0,0x56a0,0x56a0,0x56a0,0x56a0,0x56a0,0x56a0,0x56a0,0x56a0,0x56a0,0x56a0,0x56a0,0x56a0,0x56a0,
		0x56a0,0x56a0,0x56a0,0x56a0,0x56a0,0x56a0,0x56a0,0x56a0,0x56a0,0x56a0,0x56a0,0x56a0,0x56a0,0x56a0,0x56a0,0x56a0,
		0x56a0,0x56a0,0x56a0,0x56a0,0x56a0,0x56a0,0x56a0,0x56a0,0x56a0,0x56a0,0x56a0,0x56a0,0x56a0,0x56a0,0x56a0,0x56a0,
		0x56a0,0x56a0,0x56a0,0x56a0,0x56a0,0x56a0,0x56a0,0x56a0,0x56a0,0x56a0,0x56a0,0x56a0,0x56a0,0x56a0,0x56a0,0x56a0,
		0x5e40,0xa360,0xf080,0xf800,0xf800,0xf800,0xf800,0xf800,0xf800,0xf800,0xf800,0xf800,0xf800,0xf800,0xf800,0xf800,
		0xf800,0xf800,0xf800,0xf800,0xf800,0xf800,0xf800,0xf800,0xf800,0xf800,0xf800,0xf800,0xf800,0xf800,0xf800,0xf800,
		0xf800,0xf800,0xf800,0xf820,0xc260,0x6da0,0x56a0,0x56a0,0x56a0,0x56a0,0x56a0,0x56a0,0x56a0,0x56a0,0x56a0,0x56a0,
		0x56a0,0x56a0,0x56a0,0x56a0,0x56a0,0x56a0,0x56a0,0x56a0,0x56a0,0x56a0,0x56a0,0x56a0,0x56a0,0x56a0,0x56a0,0x56a0,
		0x56a0,0x56a0,0x56a0,0x56a0,0x56a0,0x56a0,0x56a0,0x56a0,0x56a0,0x56a0,0x56a0,0x56a0,0x56a0,0x56a0,0x56a0,0x56a0,
		0x56a0,0x56a0,0x56a0,0x56a0,0x56a0,0x56a0,0x56a0,0x56a0,0x56a0,0x56a0,0x56a0,0x56a0,0x56a0,0x56a0,0x56a0,0x56a0,
		0x56a0,0x56a0,0x56a0,0x56a0,0x56a0,0x56a0,0x56a0,0x56a0,0x56a0,0x56a0,0x56a0,0x56a0,0x56a0,0x56a0,0x56a0,0x56a0,
		0x56a0,0x56a0,0x56a0,0x56a0,0x56a0,0x56a0,0x56a0,0x56a0,0x56a0,0x56a0,0x56a0,0x56a0,0x56a0,0x56a0,0x56a0,0x56a0,
		0x56a0,0x56a0,0x56a0,0x56a0,0x56a0,0x56a0,0x56a0,0x56a0,0x56a0,0x56a0,0x56a0,0x56a0,0x56a0,0x56a0,0x56a0,0x56a0,
		0x56a0,0x56a0,0x56a0,0x56a0,0x56a0,0x56a0,0x56a0,0x56a0,0x56a0,0x56a0,0x56a0,0x56a0,0x56a0,0x56a0,0x56a0,0x56a0,
		0x56a0,0x56a0,0x56a0,0x56a0,0x56a0,0x56a0,0x56a0,0x56a0,0x56a0,0x56a0,0x56a0,0x56a0,0x56a0,0x56a0,0x56a0,0x56a0,
		0x56a0,0x56a0,0x56a0,0x56a0,0x56a0,0x56a0,0x56a0,0x56a0,0x56a0,0x56a0,0x56a0,0x56a0,0x56a0,0x56a0,0x56a0,0x56a0,
		0x56a0,0x56a0,0x56a0,0x56a0,0x56a0,0x56a0,0x56a0,0x56a0,0x56a0,0x56a0,0x56a0,0x56a0,0x56a0,0x56a0,0x56a0,0x56a0,
		0x56a0,0x56a0,0x56a0,0x56a0,0x56a0,0x56a0,0x56a0,0x56a0,0x56a0,0x56a0,0x56a0,0x56a0,0x56a0,0x56a0,0x56a0,0x56a0,
		0x56a0,0x56a0,0x56a0,0x56a0,0x56a0,0x56a0,0x56a0,0x56a0,0x56a0,0x56a0,0x56a0,0x56a0,0x56a0,0x56a0,0x56a0,0x56a0,
		0x56a0,0x56a0,0x56a0,0x56a0,0x56a0,0x56a0,0x56a0,0x56a0,0x56a0,0x56a0,0x56a0,0x56a0,0x56a0,0x56a0,0x56a0,0x56a0,
		0x56a0,0x56a0,0x56a0,0x56a0,0x56a0,0x56a0,0x56a0,0x56a0,0x56a0,0x56a0,0x56a0,0x56a0,0x56a0,0x56a0,0x56a0,0x56a0,
		0x56a0,0x56a0,0x56a0,0x56a0,0x56a0,0x56a0,0x56a0,0x56a0,0x56a0,0x56a0,0x56a0,0x56a0,0x56a0,0x56a0,0x56a0,0x56a0,
		0x56a0,0x56a0,0x56a0,0x56a0,0x56a0,0x56a0,0x56a0,0x56a0,0x56a0,0x56a0,0x56a0,0x56a0,0x56a0,0x56a0,0x56a0,0x56a0,
		0x56a0,0x56a0,0x56a0,0x56a0,0x56a0,0x56a0,0x56a0,0x56a0,0x56a0,0x56a0,0x56a0,0x56a0,0x56a0,0x56a0,0x5e80,0x9be0,
		0xf080,0xf800,0xf800,0xf800,0xf800,0xf800,0xf800,0xf800,0xf800,0xf800,0xf800,0xf800,0xf800,0xf800,0xf800,0xf800,
		0xf800,0xf800,0xf800,0xf800,0xf800,0xf800,0xf800,0xf800,0xf800,0xf800,0xf800,0xf800,0xf800,0xf800,0xf800,0xf800,
		0xf800,0xf800,0xf800,0xf800,0xf800,0xf820,0xbac0,0x6600,0x56a0,0x56a0,0x56a0,0x56a0,0x56a0,0x56a0,0x56a0,0x56a0,
		0x56a0,0x56a0,0x56a0,0x56a0,0x56a0,0x56a0,0x56a0,0x56a0,0x56a0,0x56a0,0x56a0,0x56a0,0x56a0,0x56a0,0x56a0,0x56a0,
		0x56a0,0x56a0,0x56a0,0x56a0,0x56a0,0x56a0,0x56a0,0x56a0,0x56a0,0x56a0,0x56a0,0x56a0,0x56a0,0x56a0,0x56a0,0x56a0,
		0x56a0,0x56a0,0x56a0,0x56a0,0x56a0,0x56a0,0x56a0,0x56a0,0x56a0,0x56a0,0x56a0,0x56a0,0x56a0,0x56a0,0x56a0,0x56a0,
		0x56a0,0x56a0,0x56a0,0x56a0,0x56a0,0x56a0,0x56a0,0x56a0,0x56a0,0x56a0,0x56a0,0x56a0,0x56a0,0x56a0,0x56a0,0x56a0,
		0x56a0,0x56a0,0x56a0,0x56a0,0x56a0,0x56a0,0x56a0,0x56a0,0x56a0,0x56a0,0x56a0,0x56a0,0x56a0,0x56a0,0x56a0,0x56a0,
		0x56a0,0x56a0,0x56a0,0x56a0,0x56a0,0x56a0,0x56a0,0x56a0,0x56a0,0x56a0,0x56a0,0x56a0,0x56a0,0x56a0,0x56a0,0x56a0,
		0x56a0,0x56a0,0x56a0,0x56a0,0x56a0,0x56a0,0x56a0,0x56a0,0x56a0,0x56a0,0x56a0,0x56a0,0x56a0,0x56a0,0x56a0,0x56a0,
		0x56a0,0x56a0,0x56a0,0x56a0,0x56a0,0x56a0,0x56a0,0x56a0,0x56a0,0x56a0,0x56a0,0x56a0,0x56a0,0x56a0,0x56a0,0x56a0,
		0x56a0,0x56a0,0x56a0,0x56a0,0x56a0,0x56a0,0x56a0,0x56a0,0x56a0,0x56a0,0x56a0,0x56a0,0x56a0,0x56a0,0x56a0,0x56a0,
		0x56a0,0x56a0,0x56a0,0x56a0,0x56a0,0x56a0,0x56a0,0x56a0,0x56a0,0x56a0,0x56a0,0x56a0,0x56a0,0x56a0,0x56a0,0x56a0,
		0x56a0,0x56a0,0x56a0,0x56a0,0x56a0,0x56a0,0x56a0,0x56a0,0x56a0,0x56a0,0x56a0,0x56a0,0x56a0,0x56a0,0x56a0,0x56a0,
		0x56a0,0x56a0,0x56a0,0x56a0,0x56a0,0x56a0,0x56a0,0x56a0,0x56a0,0x56a0,0x56a0,0x56a0,0x56a0,0x56a0,0x56a0,0x56a0,
		0x56a0,0x56a0,0x56a0,0x56a0,0x56a0,0x56a0,0x56a0,0x56a0,0x56a0,0x56a0,0x56a0,0x56a0,0x56a0,0x56a0,0x56a0,0x56a0,
		0x56a0,0x56a0,0x56a0,0x56a0,0x56a0,0x56a0,0x56a0,0x56a0,0x56a0,0x56a0,0x56a0,0x56a0,0x56a0,0x56a0,0x56a0,0x56a0,
		0x56a0,0x56a0,0x56a0,0x56a0,0x56a0,0x56a0,0x56a0,0x56a0,0x56a0,0x56a0,0x56a0,0x56a0,0x56a0,0x56a0,0x56a0,0x56a0,
		0x56a0,0x56a0,0x56a0,0x56a0,0x56a0,0x56a0,0x56a0,0x56a0,0x56a0,0x56a0,0x56a0,0x56a0,0x56a0,0x56a0,0x56a0,0x56a0,
		0x56a0,0x56a0,0x56a0,0x56a0,0x56a0,0x56a0,0x56a0,0x56a0,0x56a0,0x56a0,0x56a0,0x56a0,0x56a0,0x7d40,0xd940,0xf800,
		0xf800,0xf800,0xf800,0xf800,0xf800,0xf800,0xf800,0xf800,0xf800,0xf800,0xf800,0xf800,0xf8a2,0xfa28,0xfb4d,0xfc71,
		0xfd14,0xfdb6,0xfdf7,0xfdf7,0xfdd7,0xfd75,0xfcb2,0xfbae,0xfa8a,0xf924,0xf800,0xf800,0xf800,0xf800,0xf800,0xf800,
		0xf800,0xf800,0xf800,0xf800,0xf800,0xf800,0xf800,0xf080,0x93c0,0x5660,0x56a0,0x56a0,0x56a0,0x56a0,0x56a0,0x56a0,
		0x56a0,0x56a0,0x56a0,0x56a0,0x56a0,0x56a0,0x56a0,0x56a0,0x56a0,0x56a0,0x56a0,0x56a0,0x56a0,0x56a0,0x56a0,0x56a0,
		0x56a0,0x56a0,0x56a0,0x56a0,0x56a0,0x56a0,0x56a0,0x56a0,0x56a0,0x56a0,0x56a0,0x56a0,0x56a0,0x56a0,0x56a0,0x56a0,
		0x56a0,0x56a0,0x56a0,0x56a0,0x56a0,0x56a0,0x56a0,0x56a0,0x56a0,0x56a0,0x56a0,0x56a0,0x56a0,0x56a0,0x56a0,0x56a0,
		0x56a0,0x56a0,0x56a0,0x56a0,0x56a0,0x56a0,0x56a0,0x56a0,0x56a0,0x56a0,0x56a0,0x56a0,0x56a0,0x56a0,0x56a0,0x56a0,
		0x56a0,0x56a0,0x56a0,0x56a0,0x56a0,0x56a0,0x56a0,0x56a0,0x56a0,0x56a0,0x56a0,0x56a0,0x56a0,0x56a0,0x56a0,0x56a0,
		0x56a0,0x56a0,0x56a0,0x56a0,0x56a0,0x56a0,0x56a0,0x56a0,0x56a0,0x56a0,0x56a0,0x56a0,0x56a0,0x56a0,0x56a0,0x56a0,
		0x56a0,0x56a0,0x56a0,0x56a0,0x56a0,0x56a0,0x56a0,0x56a0,0x56a0,0x56a0,0x56a0,0x56a0,0x56a0,0x56a0,0x56a0,0x56a0,
		0x56a0,0x56a0,0x56a0,0x56a0,0x56a0,0x56a0,0x56a0,0x56a0,0x56a0,0x56a0,0x56a0,0x56a0,0x56a0,0x56a0,0x56a0,0x56a0,
		0x56a0,0x56a0,0x56a0,0x56a0,0x56a0,0x56a0,0x56a0,0x56a0,0x56a0,0x56a0,0x56a0,0x56a0,0x56a0,0x56a0,0x56a0,0x56a0,
		0x56a0,0x56a0,0x56a0,0x56a0,0x56a0,0x56a0,0x56a0,0x56a0,0x56a0,0x56a0,0x56a0,0x56a0,0x56a0,0x56a0,0x56a0,0x56a0,
		0x56a0,0x56a0,0x56a0,0x56a0,0x56a0,0x56a0,0x56a0,0x56a0,0x56a0,0x56a0,0x56a0,0x56a0,0x56a0,0x56a0,0x56a0,0x56a0,
		0x56a0,0x56a0,0x56a0,0x56a0,0x56a0,0x56a0,0x56a0,0x56a0,0x56a0,0x56a0,0x56a0,0x56a0,0x56a0,0x56a0,0x56a0,0x56a0,
		0x56a0,0x56a0,0x56a0,0x56a0,0x56a0,0x56a0,0x56a0,0x56a0,0x56a0,0x56a0,0x56a0,0x56a0,0x56a0,0x56a0,0x56a0,0x56a0,
		0x56a0,0x56a0,0x56a0,0x56a0,0x56a0,0x56a0,0x56a0,0x56a0,0x56a0,0x56a0,0x56a0,0x56a0,0x56a0,0x56a0,0x56a0,0x56a0,
		0x56a0,0x56a0,0x56a0,0x56a0,0x56a0,0x56a0,0x56a0,0x56a0,0x56a0,0x56a0,0x56a0,0x56a0,0x56a0,0x56a0,0x56a0,0x56a0,
		0x56a0,0x56a0,0x56a0,0x56a0,0x56a0,0x56a0,0x56a0,0x56a0,0x56a0,0x56a0,0x56a0,0x56a0,0x56a0,0x56a0,0x56a0,0x56a0,
		0x56a0,0x56a0,0x56a0,0x56a0,0x56a0,0x56a0,0x56a0,0x56a0,0x56a0,0x56a0,0x56a0,0x5e80,0xab20,0xf820,0xf800,0xf800,
		0xf800,0xf800,0xf800,0xf800,0xf800,0xf800,0xf800,0xf800,0xf861,0xfaaa,0xfcf3,0xfefb,0xffff,0xffff,0xffff,0xffff,
		0xffff,0xffff,0xffff,0xffff,0xffff,0xffff,0xffff,0xffff,0xffff,0xffff,0xff7d,0xfd96,0xfb6d,0xf904,0xf800,0xf800,
		0xf800,0xf800,0xf800,0xf800,0xf800,0xf800,0xf800,0xf800,0xf800,0xc900,0x5cc0,0x56a0,0x56a0,0x56a0,0x56a0,0x56a0,
		0x56a0,0x56a0,0x56a0,0x56a0,0x56a0,0x56a0,0x56a0,0x56a0,0x56a0,0x56a0,0x56a0,0x56a0,0x56a0,0x56a0,0x56a0,0x56a0,
		0x56a0,0x56a0,0x56a0,0x56a0,0x56a0,0x56a0,0x56a0,0x56a0,0x56a0,0x56a0,0x56a0,0x56a0,0x56a0,0x56a0,0x56a0,0x56a0,
		0x56a0,0x56a0,0x56a0,0x56a0,0x56a0,0x56a0,0x56a0,0x56a0,0x56a0,0x56a0,0x56a0,0x56a0,0x56a0,0x56a0,0x56a0,0x56a0,
		0x56a0,0x56a0,0x56a0,0x56a0,0x56a0,0x56a0,0x56a0,0x56a0,0x56a0,0x56a0,0x56a0,0x56a0,0x56a0,0x56a0,0x56a0,0x56a0,
		0x56a0,0x56a0,0x56a0,0x56a0,0x56a0,0x56a0,0x56a0,0x56a0,0x56a0,0x56a0,0x56a0,0x56a0,0x56a0,0x56a0,0x56a0,0x56a0,
		0x56a0,0x56a0,0x56a0,0x56a0,0x56a0,0x56a0,0x56a0,0x56a0,0x56a0,0x56a0,0x56a0,0x56a0,0x56a0,0x56a0,0x56a0,0x56a0,
		0x56a0,0x56a0,0x56a0,0x56a0,0x56a0,0x56a0,0x56a0,0x56a0,0x56a0,0x56a0,0x56a0,0x56a0,0x56a0,0x56a0,0x56a0,0x56a0,
		0x56a0,0x56a0,0x56a0,0x56a0,0x56a0,0x56a0,0x56a0,0x56a0,0x56a0,0x56a0,0x56a0,0x56a0,0x56a0,0x56a0,0x56a0,0x56a0,
		0x56a0,0x56a0,0x56a0,0x56a0,0x56a0,0x56a0,0x56a0,0x56a0,0x56a0,0x56a0,0x56a0,0x56a0,0x56a0,0x56a0,0x56a0,0x56a0,
		0x56a0,0x56a0,0x56a0,0x56a0,0x56a0,0x56a0,0x56a0,0x56a0,0x56a0,0x56a0,0x56a0,0x56a0,0x56a0,0x56a0,0x56a0,0x56a0,
		0x56a0,0x56a0,0x56a0,0x56a0,0x56a0,0x56a0,0x56a0,0x56a0,0x56a0,0x56a0,0x56a0,0x56a0,0x56a0,0x56a0,0x56a0,0x56a0,
		0x56a0,0x56a0,0x56a0,0x56a0,0x56a0,0x56a0,0x56a0,0x56a0,0x56a0,0x56a0,0x56a0,0x56a0,0x56a0,0x56a0,0x56a0,0x56a0,
		0x56a0,0x56a0,0x56a0,0x56a0,0x56a0,0x56a0,0x56a0,0x56a0,0x56a0,0x56a0,0x56a0,0x56a0,0x56a0,0x56a0,0x56a0,0x56a0,
		0x56a0,0x56a0,0x56a0,0x56a0,0x56a0,0x56a0,0x56a0,0x56a0,0x56a0,0x56a0,0x56a0,0x56a0,0x56a0,0x56a0,0x56a0,0x56a0,
		0x56a0,0x56a0,0x56a0,0x56a0,0x56a0,0x56a0,0x56a0,0x56a0,0x56a0,0x56a0,0x56a0,0x56a0,0x56a0,0x56a0,0x56a0,0x56a0,
		0x56a0,0x56a0,0x56a0,0x56a0,0x56a0,0x56a0,0x56a0,0x56a0,0x56a0,0x56a0,0x56a0,0x56a0,0x56a0,0x56a0,0x56a0,0x56a0,
		0x56a0,0x56a0,0x56a0,0x56a0,0x56a0,0x56a0,0x56a0,0x56a0,0x56a0,0x56a0,0x6dc0,0xd980,0xf800,0xf800,0xf800,0xf800,
		0xf800,0xf800,0xf800,0xf800,0xf800,0xf800,0xfa28,0xfd55,0xffbe,0xffff,0xffff,0xffff,0xffff,0xffff,0xffff,0xffff,
		0xffff,0xffff,0xffff,0xffff,0xffff,0xffff,0xffff,0xffff,0xffff,0xffff,0xffff,0xffff,0xffff,0xffff,0xfe59,0xfb4d,
		0xf861,0xf800,0xf800,0xf800,0xf800,0xf800,0xf800,0xf800,0xf800,0xf800,0xe800,0x6a60,0x4e20,0x56a0,0x56a0,0x56a0,
		0x56a0,0x56a0,0x56a0,0x56a0,0x56a0,0x56a0,0x56a0,0x56a0,0x56a0,0x56a0,0x56a0,0x56a0,0x56a0,0x56a0,0x56a0,0x56a0,
		0x56a0,0x56a0,0x56a0,0x56a0,0x56a0,0x56a0,0x56a0,0x56a0,0x56a0,0x56a0,0x56a0,0x56a0,0x56a0,0x56a0,0x56a0,0x56a0,
		0x56a0,0x56a0,0x56a0,0x56a0,0x56a0,0x56a0,0x56a0,0x56a0,0x56a0,0x56a0,0x56a0,0x56a0,0x56a0,0x56a0,0x56a0,0x56a0,
		0x56a0,0x56a0,0x56a0,0x56a0,0x56a0,0x56a0,0x56a0,0x56a0,0x56a0,0x56a0,0x56a0,0x56a0,0x56a0,0x56a0,0x56a0,0x56a0,
		0x56a0,0x56a0,0x56a0,0x56a0,0x56a0,0x56a0,0x56a0,0x56a0,0x56a0,0x56a0,0x56a0,0x56a0,0x56a0,0x56a0,0x56a0,0x56a0,
		0x56a0,0x56a0,0x56a0,0x56a0,0x56a0,0x56a0,0x56a0,0x56a0,0x56a0,0x56a0,0x56a0,0x56a0,0x56a0,0x56a0,0x56a0,0x56a0,
		0x56a0,0x56a0,0x56a0,0x56a0,0x56a0,0x56a0,0x56a0,0x56a0,0x56a0,0x56a0,0x56a0,0x56a0,0x56a0,0x56a0,0x56a0,0x56a0,
		0x56a0,0x56a0,0x56a0,0x56a0,0x56a0,0x56a0,0x56a0,0x56a0,0x56a0,0x56a0,0x56a0,0x56a0,0x56a0,0x56a0,0x56a0,0x56a0,
		0x56a0,0x56a0,0x56a0,0x56a0,0x56a0,0x56a0,0x56a0,0x56a0,0x56a0,0x56a0,0x56a0,0x56a0,0x56a0,0x56a0,0x56a0,0x56a0,
		0x56a0,0x56a0,0x56a0,0x56a0,0x56a0,0x56a0,0x56a0,0x56a0,0x56a0,0x56a0,0x56a0,0x56a0,0x56a0,0x56a0,0x56a0,0x56a0,
		0x56a0,0x56a0,0x56a0,0x56a0,0x56a0,0x56a0,0x56a0,0x56a0,0x56a0,0x56a0,0x56a0,0x56a0,0x56a0,0x56a0,0x56a0,0x56a0,
		0x56a0,0x56a0,0x56a0,0x56a0,0x56a0,0x56a0,0x56a0,0x56a0,0x56a0,0x56a0,0x56a0,0x56a0,0x56a0,0x56a0,0x56a0,0x56a0,
		0x56a0,0x56a0,0x56a0,0x56a0,0x56a0,0x56a0,0x56a0,0x56a0,0x56a0,0x56a0,0x56a0,0x56a0,0x56a0,0x56a0,0x56a0,0x56a0,
		0x56a0,0x56a0,0x56a0,0x56a0,0x56a0,0x56a0,0x56a0,0x56a0,0x56a0,0x56a0,0x56a0,0x56a0,0x56a0,0x56a0,0x56a0,0x56a0,
		0x56a0,0x56a0,0x56a0,0x56a0,0x56a0,0x56a0,0x56a0,0x56a0,0x56a0,0x56a0,0x56a0,0x56a0,0x56a0,0x56a0,0x56a0,0x56a0,
		0x56a0,0x56a0,0x56a0,0x56a0,0x56a0,0x56a0,0x56a0,0x56a0,0x56a0,0x56a0,0x56a0,0x56a0,0x56a0,0x56a0,0x56a0,0x56a0,
		0x56a0,0x56a0,0x56a0,0x56a0,0x56a0,0x56a0,0x56a0,0x56a0,0x56a0,0x7d00,0xe8a0,0xf800,0xf800,0xf800,0xf800,0xf800,
		0xf800,0xf800,0xf800,0xf820,0xfb0c,0xfeba,0xffff,0xffff,0xffff,0xffff,0xffff,0xffff,0xffff,0xffff,0xffff,0xffff,
		0xffff,0xffff,0xffff,0xffff,0xffff,0xffff,0xffff,0xffff,0xffff,0xffff,0xffff,0xffff,0xffff,0xffff,0xffff,0xffff,
		0xff7d,0xfc71,0xf8c3,0xf800,0xf800,0xf800,0xf800,0xf800,0xf800,0xf800,0xf800,0xf800,0x88c0,0x44e0,0x56a0,0x56a0,
		0x56a0,0x56a0,0x56a0,0x56a0,0x56a0,0x56a0,0x56a0,0x56a0,0x56a0,0x56a0,0x56a0,0x56a0,0x56a0,0x56a0,0x56a0,0x56a0,
		0x56a0,0x56a0,0x56a0,0x56a0,0x56a0,0x56a0,0x56a0,0x56a0,0x56a0,0x56a0,0x56a0,0x56a0,0x56a0,0x56a0,0x56a0,0x56a0,
		0x56a0,0x56a0,0x56a0,0x56a0,0x56a0,0x56a0,0x56a0,0x56a0,0x56a0,0x56a0,0x56a0,0x56a0,0x56a0,0x56a0,0x56a0,0x56a0,
		0x56a0,0x56a0,0x56a0,0x56a0,0x56a0,0x56a0,0x56a0,0x56a0,0x56a0,0x56a0,0x56a0,0x56a0,0x56a0,0x56a0,0x56a0,0x56a0,
		0x56a0,0x56a0,0x56a0,0x56a0,0x56a0,0x56a0,0x56a0,0x56a0,0x56a0,0x56a0,0x56a0,0x56a0,0x56a0,0x56a0,0x56a0,0x56a0,
		0x56a0,0x56a0,0x56a0,0x56a0,0x56a0,0x56a0,0x56a0,0x56a0,0x56a0,0x56a0,0x56a0,0x56a0,0x56a0,0x56a0,0x56a0,0x56a0,
		0x56a0,0x56a0,0x56a0,0x56a0,0x56a0,0x56a0,0x56a0,0x56a0,0x56a0,0x56a0,0x56a0,0x56a0,0x56a0,0x56a0,0x56a0,0x56a0,
		0x56a0,0x56a0,0x56a0,0x56a0,0x56a0,0x56a0,0x56a0,0x56a0,0x56a0,0x56a0,0x56a0,0x56a0,0x56a0,0x56a0,0x56a0,0x56a0,
		0x56a0,0x56a0,0x56a0,0x56a0,0x56a0,0x56a0,0x56a0,0x56a0,0x56a0,0x56a0,0x56a0,0x56a0,0x56a0,0x56a0,0x56a0,0x56a0,
		0x56a0,0x56a0,0x56a0,0x56a0,0x56a0,0x56a0,0x56a0,0x56a0,0x56a0,0x56a0,0x56a0,0x56a0,0x56a0,0x56a0,0x56a0,0x56a0,
		0x56a0,0x56a0,0x56a0,0x33ed,0x089d,0x1159,0x2311,0x4dc4,0x56a0,0x56a0,0x56a0,0x56a0,0x56a0,0x56a0,0x56a0,0x56a0,
		0x56a0,0x56a0,0x56a0,0x56a0,0x56a0,0x56a0,0x56a0,0x56a0,0x56a0,0x56a0,0x56a0,0x56a0,0x56a0,0x56a0,0x56a0,0x56a0,
		0x56a0,0x56a0,0x56a0,0x56a0,0x56a0,0x56a0,0x56a0,0x56a0,0x56a0,0x56a0,0x56a0,0x56a0,0x56a0,0x56a0,0x56a0,0x56a0,
		0x56a0,0x56a0,0x56a0,0x56a0,0x56a0,0x56a0,0x56a0,0x56a0,0x56a0,0x56a0,0x56a0,0x56a0,0x56a0,0x56a0,0x56a0,0x56a0,
		0x56a0,0x56a0,0x56a0,0x56a0,0x56a0,0x56a0,0x56a0,0x56a0,0x56a0,0x56a0,0x56a0,0x56a0,0x56a0,0x56a0,0x56a0,0x56a0,
		0x56a0,0x56a0,0x56a0,0x56a0,0x56a0,0x56a0,0x56a0,0x56a0,0x56a0,0x56a0,0x56a0,0x56a0,0x56a0,0x56a0,0x56a0,0x56a0,
		0x56a0,0x56a0,0x56a0,0x56a0,0x56a0,0x56a0,0x56a0,0x56a0,0x8c60,0xf820,0xf800,0xf800,0xf800,0xf800,0xf800,0xf800,
		0xf800,0xf800,0xfaaa,0xfedb,0xffff,0xffff,0xffff,0xffff,0xffff,0xffff,0xffff,0xffff,0xffff,0xffff,0xffff,0xffff,
		0xffff,0xffff,0xffff,0xffff,0xffff,0xffff,0xffff,0xffff,0xffff,0xffff,0xffff,0xffff,0xffff,0xffff,0xffff,0xffff,
		0xffff,0xffff,0xff9e,0xfc30,0xf861,0xf800,0xf800,0xf800,0xf800,0xf800,0xf800,0xf800,0xf800,0xa020,0x3380,0x5680,
		0x56a0,0x56a0,0x56a0,0x56a0,0x56a0,0x56a0,0x56a0,0x56a0,0x56a0,0x56a0,0x56a0,0x56a0,0x56a0,0x56a0,0x56a0,0x56a0,
		0x56a0,0x56a0,0x56a0,0x56a0,0x56a0,0x56a0,0x56a0,0x56a0,0x56a0,0x56a0,0x56a0,0x56a0,0x56a0,0x56a0,0x56a0,0x56a0,
		0x56a0,0x56a0,0x56a0,0x56a0,0x56a0,0x56a0,0x56a0,0x56a0,0x56a0,0x56a0,0x56a0,0x56a0,0x56a0,0x56a0,0x56a0,0x56a0,
		0x56a0,0x56a0,0x56a0,0x56a0,0x56a0,0x56a0,0x56a0,0x56a0,0x56a0,0x56a0,0x56a0,0x56a0,0x56a0,0x56a0,0x56a0,0x56a0,
		0x56a0,0x56a0,0x56a0,0x56a0,0x56a0,0x56a0,0x56a0,0x56a0,0x56a0,0x56a0,0x56a0,0x56a0,0x56a0,0x56a0,0x56a0,0x56a0,
		0x56a0,0x56a0,0x56a0,0x56a0,0x56a0,0x56a0,0x56a0,0x56a0,0x56a0,0x56a0,0x56a0,0x56a0,0x56a0,0x56a0,0x56a0,0x56a0,
		0x56a0,0x56a0,0x56a0,0x56a0,0x56a0,0x56a0,0x56a0,0x56a0,0x56a0,0x56a0,0x56a0,0x56a0,0x56a0,0x56a0,0x56a0,0x56a0,
		0x56a0,0x56a0,0x56a0,0x56a0,0x56a0,0x56a0,0x56a0,0x56a0,0x56a0,0x56a0,0x56a0,0x56a0,0x56a0,0x56a0,0x56a0,0x56a0,
		0x56a0,0x56a0,0x56a0,0x56a0,0x56a0,0x5661,0x5680,0x56a0,0x56a0,0x56a0,0x56a0,0x56a0,0x56a0,0x56a0,0x56a0,0x56a0,
		0x56a0,0x56a0,0x56a0,0x56a0,0x56a0,0x56a0,0x56a0,0x56a0,0x56a0,0x56a0,0x56a0,0x56a0,0x56a0,0x56a0,0x56a0,0x56a0,
		0x56a0,0x56a0,0x340c,0x001f,0x001f,0x001f,0x001f,0x003e,0x5641,0x56a0,0x56a0,0x56a0,0x56a0,0x56a0,0x56a0,0x56a0,
		0x56a0,0x56a0,0x56a0,0x56a0,0x56a0,0x56a0,0x56a0,0x56a0,0x56a0,0x56a0,0x56a0,0x56a0,0x56a0,0x56a0,0x56a0,0x56a0,
		0x56a0,0x56a0,0x56a0,0x56a0,0x56a0,0x56a0,0x56a0,0x56a0,0x56a0,0x56a0,0x56a0,0x56a0,0x56a0,0x56a0,0x56a0,0x56a0,
		0x56a0,0x56a0,0x56a0,0x56a0,0x56a0,0x56a0,0x56a0,0x56a0,0x56a0,0x56a0,0x56a0,0x56a0,0x56a0,0x56a0,0x56a0,0x56a0,
		0x56a0,0x56a0,0x56a0,0x56a0,0x56a0,0x56a0,0x56a0,0x56a0,0x56a0,0x56a0,0x56a0,0x56a0,0x56a0,0x56a0,0x56a0,0x56a0,
		0x56a0,0x56a0,0x56a0,0x56a0,0x56a0,0x56a0,0x56a0,0x56a0,0x56a0,0x56a0,0x56a0,0x56a0,0x56a0,0x56a0,0x56a0,0x56a0,
		0x56a0,0x56a0,0x56a0,0x56a0,0x56a0,0x56a0,0x56a0,0x9400,0xf800,0xf800,0xf800,0xf800,0xf800,0xf800,0xf800,0xf800,
		0xf924,0xfdd7,0xffff,0xffff,0xffff,0xffff,0xffff,0xffff,0xffff,0xffff,0xffff,0xffff,0xffff,0xffff,0xffff,0xffff,
		0xffff,0xffff,0xffff,0xffff,0xffff,0xffff,0xffff,0xffff,0xffff,0xffff,0xffff,0xffff,0xffff,0xffff,0xffff,0xffff,
		0xffff,0xffff,0xffff,0xffff,0xff1c,0xfa8a,0xf800,0xf800,0xf800,0xf800,0xf800,0xf800,0xf800,0xf800,0xb000,0x2260,
		0x5660,0x56a0,0x56a0,0x56a0,0x56a0,0x56a0,0x56a0,0x56a0,0x56a0,0x56a0,0x56a0,0x56a0,0x56a0,0x56a0,0x56a0,0x56a0,
		0x56a0,0x56a0,0x56a0,0x56a0,0x56a0,0x56a0,0x56a0,0x56a0,0x56a0,0x56a0,0x56a0,0x56a0,0x56a0,0x56a0,0x56a0,0x56a0,
		0x56a0,0x56a0,0x56a0,0x56a0,0x56a0,0x56a0,0x56a0,0x56a0,0x56a0,0x56a0,0x56a0,0x56a0,0x56a0,0x56a0,0x56a0,0x56a0,
		0x56a0,0x56a0,0x56a0,0x56a0,0x56a0,0x56a0,0x56a0,0x56a0,0x56a0,0x56a0,0x56a0,0x56a0,0x56a0,0x56a0,0x56a0,0x56a0,
		0x56a0,0x56a0,0x56a0,0x56a0,0x56a0,0x56a0,0x56a0,0x56a0,0x56a0,0x56a0,0x56a0,0x56a0,0x56a0,0x56a0,0x56a0,0x56a0,
		0x56a0,0x56a0,0x56a0,0x56a0,0x56a0,0x56a0,0x56a0,0x56a0,0x56a0,0x56a0,0x56a0,0x56a0,0x56a0,0x56a0,0x56a0,0x56a0,
		0x56a0,0x56a0,0x56a0,0x56a0,0x56a0,0x56a0,0x56a0,0x56a0,0x56a0,0x56a0,0x56a0,0x56a0,0x56a0,0x56a0,0x56a0,0x56a0,
		0x56a0,0x56a0,0x4565,0x2b11,0x1198,0x08bc,0x007e,0x08db,0x1198,0x2b11,0x4dc4,0x56a0,0x56a0,0x56a0,0x56a0,0x56a0,
		0x56a0,0x56a0,0x4507,0x1a35,0x007d,0x001f,0x001f,0x08fb,0x2b30,0x4dc4,0x56a0,0x56a0,0x56a0,0x56a0,0x56a0,0x56a0,
		0x56a0,0x56a0,0x4585,0x2b30,0x1198,0x08bc,0x007e,0x08db,0x1198,0x2311,0x4da4,0x56a0,0x56a0,0x56a0,0x56a0,0x56a0,
		0x56a0,0x3cc8,0x003f,0x001f,0x001f,0x001f,0x001f,0x2b6f,0x56a0,0x56a0,0x56a0,0x56a0,0x56a0,0x56a0,0x56a0,0x56a0,
		0x56a0,0x56a0,0x56a0,0x56a0,0x56a0,0x56a0,0x56a0,0x56a0,0x56a0,0x56a0,0x56a0,0x56a0,0x56a0,0x56a0,0x56a0,0x56a0,
		0x56a0,0x56a0,0x56a0,0x56a0,0x56a0,0x56a0,0x56a0,0x56a0,0x56a0,0x56a0,0x56a0,0x56a0,0x56a0,0x56a0,0x56a0,0x56a0,
		0x56a0,0x56a0,0x56a0,0x56a0,0x56a0,0x56a0,0x56a0,0x56a0,0x56a0,0x56a0,0x56a0,0x56a0,0x56a0,0x56a0,0x56a0,0x56a0,
		0x56a0,0x56a0,0x56a0,0x56a0,0x56a0,0x56a0,0x56a0,0x56a0,0x56a0,0x56a0,0x56a0,0x56a0,0x56a0,0x56a0,0x56a0,0x56a0,
		0x56a0,0x56a0,0x56a0,0x56a0,0x56a0,0x56a0,0x56a0,0x56a0,0x56a0,0x56a0,0x56a0,0x56a0,0x56a0,0x56a0,0x56a0,0x56a0,
		0x56a0,0x56a0,0x56a0,0x56a0,0x56a0,0x56a0,0x9400,0xf800,0xf800,0xf800,0xf800,0xf800,0xf800,0xf800,0xf800,0xfb4d,
		0xffbe,0xffff,0xffff,0xffff,0xffff,0xffff,0xffff,0xffff,0xffff,0xffff,0xffff,0xffff,0xffff,0xffff,0xffff,0xffff,
		0xffff,0xffff,0xffff,0xffff,0xffff,0xffff,0xffff,0xffff,0xffff,0xffff,0xffff,0xffff,0xffff,0xffff,0xffff,0xffff,
		0xffff,0xffff,0xffff,0xffff,0xffff,0xffff,0xfd34,0xf882,0xf800,0xf800,0xf800,0xf800,0xf800,0xf800,0xf800,0xb000,
		0x19c0,0x5640,0x56a0,0x56a0,0x56a0,0x56a0,0x56a0,0x56a0,0x56a0,0x56a0,0x56a0,0x56a0,0x56a0,0x56a0,0x56a0,0x56a0,
		0x56a0,0x56a0,0x56a0,0x56a0,0x56a0,0x56a0,0x56a0,0x56a0,0x56a0,0x56a0,0x56a0,0x56a0,0x56a0,0x56a0,0x56a0,0x56a0,
		0x56a0,0x56a0,0x56a0,0x56a0,0x56a0,0x56a0,0x56a0,0x56a0,0x56a0,0x56a0,0x56a0,0x56a0,0x56a0,0x56a0,0x56a0,0x56a0,
		0x56a0,0x56a0,0x56a0,0x56a0,0x56a0,0x56a0,0x56a0,0x56a0,0x56a0,0x56a0,0x56a0,0x56a0,0x56a0,0x56a0,0x56a0,0x56a0,
		0x56a0,0x56a0,0x56a0,0x56a0,0x56a0,0x56a0,0x56a0,0x56a0,0x56a0,0x56a0,0x56a0,0x56a0,0x56a0,0x56a0,0x56a0,0x56a0,
		0x56a0,0x56a0,0x56a0,0x56a0,0x56a0,0x56a0,0x56a0,0x56a0,0x56a0,0x56a0,0x56a0,0x56a0,0x56a0,0x56a0,0x56a0,0x56a0,
		0x56a0,0x56a0,0x56a0,0x56a0,0x56a0,0x56a0,0x56a0,0x56a0,0x56a0,0x56a0,0x56a0,0x56a0,0x56a0,0x56a0,0x56a0,0x56a0,
		0x4da4,0x19f6,0x001f,0x001f,0x001f,0x001f,0x001f,0x001f,0x001f,0x001f,0x003f,0x340c,0x56a0,0x56a0,0x56a0,0x56a0,
		0x5680,0x22d2,0x001f,0x001f,0x001f,0x001f,0x001f,0x001f,0x001f,0x003e,0x33cd,0x56a0,0x56a0,0x56a0,0x56a0,0x56a0,
		0x4da4,0x19f6,0x001f,0x001f,0x001f,0x001f,0x001f,0x001f,0x001f,0x001f,0x003f,0x340c,0x56a0,0x56a0,0x56a0,0x56a0,
		0x4de3,0x007d,0x001f,0x001f,0x001f,0x001f,0x19f6,0x5680,0x56a0,0x56a0,0x56a0,0x56a0,0x56a0,0x56a0,0x56a0,0x56a0,
		0x56a0,0x56a0,0x56a0,0x56a0,0x56a0,0x56a0,0x56a0,0x56a0,0x56a0,0x56a0,0x56a0,0x56a0,0x56a0,0x56a0,0x56a0,0x56a0,
		0x56a0,0x56a0,0x56a0,0x56a0,0x56a0,0x56a0,0x56a0,0x56a0,0x56a0,0x56a0,0x56a0,0x56a0,0x56a0,0x56a0,0x56a0,0x56a0,
		0x56a0,0x56a0,0x56a0,0x56a0,0x56a0,0x56a0,0x56a0,0x56a0,0x56a0,0x56a0,0x56a0,0x56a0,0x56a0,0x56a0,0x56a0,0x56a0,
		0x56a0,0x56a0,0x56a0,0x56a0,0x56a0,0x56a0,0x56a0,0x56a0,0x56a0,0x56a0,0x56a0,0x56a0,0x56a0,0x56a0,0x56a0,0x56a0,
		0x56a0,0x56a0,0x56a0,0x56a0,0x56a0,0x56a0,0x56a0,0x56a0,0x56a0,0x56a0,0x56a0,0x56a0,0x56a0,0x56a0,0x56a0,0x56a0,
		0x56a0,0x56a0,0x56a0,0x56a0,0x56a0,0x8c60,0xf800,0xf800,0xf800,0xf800,0xf800,0xf800,0xf800,0xf861,0xfd34,0xffff,
		0xffff,0xffff,0xffff,0xffff,0xffff,0xffff,0xffff,0xffff,0xffff,0xffff,0xffff,0xffff,0xffff,0xffff,0xffff,0xffff,
		0xffff,0xffff,0xffff,0xffff,0xffff,0xffff,0xffff,0xffff,0xffff,0xffff,0xffff,0xffff,0xffff,0xffff,0xffff,0xffff,
		0xffff,0xffff,0xffff,0xffff,0xffff,0xffff,0xffff,0xfedb,0xf965,0xf800,0xf800,0xf800,0xf800,0xf800,0xf800,0xf800,
		0xa000,0x1180,0x5640,0x56a0,0x56a0,0x56a0,0x56a0,0x56a0,0x56a0,0x56a0,0x56a0,0x56a0,0x56a0,0x56a0,0x56a0,0x56a0,
		0x56a0,0x56a0,0x56a0,0x56a0,0x56a0,0x56a0,0x56a0,0x56a0,0x56a0,0x56a0,0x56a0,0x56a0,0x56a0,0x56a0,0x56a0,0x56a0,
		0x56a0,0x56a0,0x56a0,0x56a0,0x56a0,0x56a0,0x56a0,0x56a0,0x56a0,0x56a0,0x56a0,0x56a0,0x56a0,0x56a0,0x56a0,0x56a0,
		0x56a0,0x56a0,0x56a0,0x56a0,0x56a0,0x56a0,0x56a0,0x56a0,0x56a0,0x56a0,0x56a0,0x56a0,0x56a0,0x56a0,0x56a0,0x56a0,
		0x56a0,0x56a0,0x56a0,0x56a0,0x56a0,0x56a0,0x56a0,0x56a0,0x56a0,0x56a0,0x56a0,0x56a0,0x56a0,0x56a0,0x56a0,0x56a0,
		0x56a0,0x56a0,0x56a0,0x56a0,0x56a0,0x56a0,0x56a0,0x56a0,0x56a0,0x56a0,0x56a0,0x56a0,0x56a0,0x56a0,0x56a0,0x56a0,
		0x56a0,0x56a0,0x56a0,0x56a0,0x56a0,0x56a0,0x56a0,0x56a0,0x56a0,0x56a0,0x56a0,0x56a0,0x56a0,0x56a0,0x56a0,0x4507,
		0x005e,0x001f,0x001f,0x001f,0x001f,0x001f,0x001f,0x001f,0x001f,0x001f,0x001f,0x003f,0x4dc4,0x56a0,0x56a0,0x56a0,
		0x22f1,0x001f,0x001f,0x001f,0x001f,0x001f,0x001f,0x001f,0x001f,0x001f,0x001f,0x2b4f,0x56a0,0x56a0,0x56a0,0x4507,
		0x005e,0x001f,0x001f,0x001f,0x001f,0x001f,0x001f,0x001f,0x001f,0x001f,0x001f,0x003f,0x4da4,0x56a0,0x56a0,0x56a0,
		0x1a16,0x001f,0x001f,0x001f,0x001f,0x001f,0x4de3,0x56a0,0x56a0,0x56a0,0x56a0,0x56a0,0x56a0,0x56a0,0x56a0,0x56a0,
		0x56a0,0x56a0,0x56a0,0x56a0,0x56a0,0x56a0,0x56a0,0x56a0,0x56a0,0x56a0,0x56a0,0x56a0,0x56a0,0x56a0,0x56a0,0x56a0,
		0x56a0,0x56a0,0x56a0,0x56a0,0x56a0,0x56a0,0x56a0,0x56a0,0x56a0,0x56a0,0x56a0,0x56a0,0x56a0,0x56a0,0x56a0,0x56a0,
		0x56a0,0x56a0,0x56a0,0x56a0,0x56a0,0x56a0,0x56a0,0x56a0,0x56a0,0x56a0,0x56a0,0x56a0,0x56a0,0x56a0,0x56a0,0x56a0,
		0x56a0,0x56a0,0x56a0,0x56a0,0x56a0,0x56a0,0x56a0,0x56a0,0x56a0,0x56a0,0x56a0,0x56a0,0x56a0,0x56a0,0x56a0,0x56a0,
		0x56a0,0x56a0,0x56a0,0x56a0,0x56a0,0x56a0,0x56a0,0x56a0,0x56a0,0x56a0,0x56a0,0x56a0,0x56a0,0x56a0,0x56a0,0x56a0,
		0x56a0,0x56a0,0x56a0,0x56a0,0x7d20,0xf840,0xf800,0xf800,0xf800,0xf800,0xf800,0xf800,0xf8e3,0xfe59,0xffff,0xffff,
		0xffff,0xffff,0xffff,0xffff,0xffff,0xffff,0xffff,0xffff,0xffff,0xffff,0xffff,0xffff,0xffff,0xffff,0xffff,0xffff,
		0xffff,0xffff,0xffff,0xffff,0xffff,0xffff,0xffff,0xffff,0xffff,0xffff,0xffff,0xffff,0xffff,0xffff,0xffff,0xffff,
		0xffff,0xffff,0xffff,0xffff,0xffff,0xffff,0xffff,0xffff,0xff9e,0xfa49,0xf800,0xf800,0xf800,0xf800,0xf800,0xf800,
		0xf800,0x8000,0x11a0,0x5660,0x56a0,0x56a0,0x56a0,0x56a0,0x56a0,0x56a0,0x56a0,0x56a0,0x56a0,0x56a0,0x56a0,0x56a0,
		0x56a0,0x56a0,0x56a0,0x56a0,0x56a0,0x56a0,0x56a0,0x56a0,0x56a0,0x56a0,0x56a0,0x56a0,0x56a0,0x56a0,0x56a0,0x56a0,
		0x56a0,0x56a0,0x56a0,0x56a0,0x56a0,0x56a0,0x56a0,0x56a0,0x56a0,0x56a0,0x56a0,0x56a0,0x56a0,0x56a0,0x56a0,0x56a0,
		0x56a0,0x56a0,0x56a0,0x56a0,0x56a0,0x56a0,0x56a0,0x56a0,0x56a0,0x56a0,0x56a0,0x56a0,0x56a0,0x56a0,0x56a0,0x56a0,
		0x56a0,0x56a0,0x56a0,0x56a0,0x56a0,0x56a0,0x56a0,0x56a0,0x56a0,0x56a0,0x56a0,0x56a0,0x56a0,0x56a0,0x56a0,0x56a0,
		0x56a0,0x56a0,0x56a0,0x56a0,0x56a0,0x56a0,0x56a0,0x56a0,0x56a0,0x56a0,0x56a0,0x56a0,0x56a0,0x56a0,0x56a0,0x56a0,
		0x56a0,0x56a0,0x56a0,0x56a0,0x56a0,0x56a0,0x56a0,0x56a0,0x56a0,0x56a0,0x56a0,0x56a0,0x56a0,0x56a0,0x4da4,0x005e,
		0x001f,0x001f,0x001f,0x001f,0x001f,0x001f,0x001f,0x001f,0x001f,0x001f,0x001f,0x001f,0x33ae,0x56a0,0x56a0,0x4546,
		0x001f,0x001f,0x001f,0x001f,0x001f,0x08bc,0x001f,0x001f,0x001f,0x001f,0x001f,0x001f,0x4507,0x56a0,0x4dc4,0x005e,
		0x001f,0x001f,0x001f,0x001f,0x001f,0x001f,0x001f,0x001f,0x001f,0x001f,0x001f,0x001f,0x2bae,0x56a0,0x56a0,0x4507,
		0x001f,0x001f,0x001f,0x001f,0x001f,0x1179,0x4e02,0x342b,0x22d2,0x22f1,0x342b,0x5660,0x56a0,0x56a0,0x56a0,0x56a0,
		0x56a0,0x56a0,0x56a0,0x56a0,0x56a0,0x56a0,0x56a0,0x56a0,0x56a0,0x56a0,0x56a0,0x56a0,0x56a0,0x56a0,0x56a0,0x56a0,
		0x56a0,0x56a0,0x56a0,0x56a0,0x56a0,0x56a0,0x56a0,0x56a0,0x56a0,0x56a0,0x56a0,0x56a0,0x56a0,0x56a0,0x56a0,0x56a0,
		0x56a0,0x56a0,0x56a0,0x56a0,0x56a0,0x56a0,0x56a0,0x56a0,0x56a0,0x56a0,0x56a0,0x56a0,0x56a0,0x56a0,0x56a0,0x56a0,
		0x56a0,0x56a0,0x56a0,0x56a0,0x56a0,0x56a0,0x56a0,0x56a0,0x56a0,0x56a0,0x56a0,0x56a0,0x56a0,0x56a0,0x56a0,0x56a0,
		0x56a0,0x56a0,0x56a0,0x56a0,0x56a0,0x56a0,0x56a0,0x56a0,0x56a0,0x56a0,0x56a0,0x56a0,0x56a0,0x56a0,0x56a0,0x56a0,
		0x56a0,0x56a0,0x56a0,0x6600,0xe8a0,0xf800,0xf800,0xf800,0xf800,0xf800,0xf800,0xf904,0xfefb,0xffff,0xffff,0xffff,
		0xffff,0xffff,0xffff,0xffff,0xffff,0xffff,0xffff,0xffff,0xffff,0xffff,0xffff,0xffff,0xffff,0xffff,0xffff,0xffff,
		0xffff,0xffff,0xffff,0xffff,0xffff,0xffff,0xffff,0xffff,0xffff,0xffff,0xffff,0xffff,0xffff,0xffff,0xffff,0xffff,
		0xffff,0xffff,0xffff,0xffff,0xffff,0xffff,0xffff,0xffff,0xffff,0xffdf,0xfaeb,0xf800,0xf800,0xf800,0xf800,0xf800,
		0xf800,0xf800,0x5000,0x1a20,0x5680,0x56a0,0x56a0,0x56a0,0x56a0,0x56a0,0x56a0,0x56a0,0x56a0,0x56a0,0x56a0,0x56a0,
		0x56a0,0x56a0,0x56a0,0x56a0,0x56a0,0x56a0,0x56a0,0x56a0,0x56a0,0x56a0,0x56a0,0x56a0,0x56a0,0x56a0,0x56a0,0x56a0,
		0x56a0,0x56a0,0x56a0,0x56a0,0x56a0,0x56a0,0x56a0,0x56a0,0x56a0,0x56a0,0x56a0,0x56a0,0x56a0,0x56a0,0x56a0,0x56a0,
		0x56a0,0x56a0,0x56a0,0x56a0,0x56a0,0x56a0,0x56a0,0x56a0,0x56a0,0x56a0,0x56a0,0x56a0,0x56a0,0x56a0,0x56a0,0x56a0,
		0x56a0,0x56a0,0x56a0,0x56a0,0x56a0,0x56a0,0x56a0,0x56a0,0x56a0,0x56a0,0x56a0,0x56a0,0x56a0,0x56a0,0x56a0,0x56a0,
		0x56a0,0x56a0,0x56a0,0x56a0,0x56a0,0x56a0,0x56a0,0x56a0,0x56a0,0x56a0,0x56a0,0x56a0,0x56a0,0x56a0,0x56a0,0x56a0,
		0x56a0,0x56a0,0x56a0,0x56a0,0x56a0,0x56a0,0x56a0,0x56a0,0x56a0,0x56a0,0x56a0,0x56a0,0x56a0,0x56a0,0x340c,0x001f,
		0x001f,0x001f,0x1a74,0x2b30,0x007d,0x001f,0x001f,0x001f,0x001f,0x001f,0x001f,0x001f,0x33cd,0x56a0,0x56a0,0x1a54,
		0x001f,0x001f,0x001f,0x001f,0x1a15,0x56a0,0x33ed,0x001f,0x001f,0x001f,0x001f,0x001f,0x1198,0x56a0,0x340c,0x001f,
		0x001f,0x001f,0x1a74,0x2b30,0x007d,0x001f,0x001f,0x001f,0x001f,0x001f,0x001f,0x001f,0x33cd,0x56a0,0x56a0,0x1a15,
		0x001f,0x001f,0x001f,0x001f,0x001f,0x001f,0x001f,0x001f,0x001f,0x001f,0x001f,0x08fb,0x4546,0x56a0,0x56a0,0x56a0,
		0x56a0,0x56a0,0x56a0,0x56a0,0x56a0,0x56a0,0x56a0,0x56a0,0x56a0,0x56a0,0x56a0,0x56a0,0x56a0,0x56a0,0x56a0,0x56a0,
		0x56a0,0x56a0,0x56a0,0x56a0,0x56a0,0x56a0,0x56a0,0x56a0,0x56a0,0x56a0,0x56a0,0x56a0,0x56a0,0x56a0,0x56a0,0x56a0,
		0x56a0,0x56a0,0x56a0,0x56a0,0x56a0,0x56a0,0x56a0,0x56a0,0x56a0,0x56a0,0x56a0,0x56a0,0x56a0,0x56a0,0x56a0,0x56a0,
		0x56a0,0x56a0,0x56a0,0x56a0,0x56a0,0x56a0,0x56a0,0x56a0,0x56a0,0x56a0,0x56a0,0x56a0,0x56a0,0x56a0,0x56a0,0x56a0,
		0x56a0,0x56a0,0x56a0,0x56a0,0x56a0,0x56a0,0x56a0,0x56a0,0x56a0,0x56a0,0x56a0,0x56a0,0x56a0,0x56a0,0x56a0,0x56a0,
		0x56a0,0x56a0,0x5680,0xd1a0,0xf800,0xf800,0xf800,0xf800,0xf800,0xf800,0xf904,0xff1c,0xffff,0xffff,0xffff,0xffff,
		0xffff,0xffff,0xffff,0xffff,0xffff,0xffff,0xffff,0xffff,0xffff,0xffff,0xffff,0xffff,0xffff,0xffff,0xffff,0xffff,
		0xffff,0xffff,0xffff,0xffff,0xffff,0xffff,0xffff,0xffff,0xffff,0xffff,0xffff,0xffff,0xffff,0xffff,0xffff,0xffff,
		0xffff,0xffff,0xffff,0xffff,0xffff,0xffff,0xffff,0xffff,0xffff,0xffff,0xffff,0xfaeb,0xf800,0xf800,0xf800,0xf800,
		0xf800,0xf800,0xf000,0x2000,0x2b20,0x56a0,0x56a0,0x56a0,0x56a0,0x56a0,0x56a0,0x56a0,0x56a0,0x56a0,0x56a0,0x56a0,
		0x56a0,0x56a0,0x56a0,0x56a0,0x56a0,0x56a0,0x56a0,0x56a0,0x56a0,0x56a0,0x56a0,0x56a0,0x56a0,0x56a0,0x56a0,0x56a0,
		0x56a0,0x56a0,0x56a0,0x56a0,0x56a0,0x56a0,0x56a0,0x56a0,0x56a0,0x56a0,0x56a0,0x56a0,0x56a0,0x56a0,0x56a0,0x56a0,
		0x56a0,0x56a0,0x56a0,0x56a0,0x56a0,0x56a0,0x56a0,0x56a0,0x56a0,0x56a0,0x56a0,0x56a0,0x56a0,0x56a0,0x56a0,0x56a0,
		0x56a0,0x56a0,0x56a0,0x56a0,0x56a0,0x56a0,0x56a0,0x56a0,0x56a0,0x56a0,0x56a0,0x56a0,0x56a0,0x56a0,0x56a0,0x56a0,
		0x56a0,0x56a0,0x56a0,0x56a0,0x56a0,0x56a0,0x56a0,0x56a0,0x56a0,0x56a0,0x56a0,0x56a0,0x56a0,0x56a0,0x56a0,0x56a0,
		0x56a0,0x56a0,0x56a0,0x56a0,0x56a0,0x56a0,0x56a0,0x56a0,0x56a0,0x56a0,0x56a0,0x56a0,0x56a0,0x56a0,0x5641,0x19f6,
		0x093a,0x3cc8,0x56a0,0x56a0,0x2bae,0x001f,0x001f,0x001f,0x001f,0x001f,0x001f,0x001f,0x4585,0x56a0,0x5680,0x009d,
		0x001f,0x001f,0x001f,0x001f,0x2bae,0x56a0,0x5660,0x005e,0x001f,0x001f,0x001f,0x001f,0x001f,0x4da4,0x5641,0x19f6,
		0x093a,0x3cc9,0x56a0,0x56a0,0x2bae,0x001f,0x001f,0x001f,0x001f,0x001f,0x001f,0x001f,0x4585,0x56a0,0x5661,0x005e,
		0x001f,0x001f,0x001f,0x001f,0x001f,0x001f,0x001f,0x001f,0x001f,0x001f,0x001f,0x001f,0x007e,0x4de3,0x56a0,0x56a0,
		0x56a0,0x56a0,0x56a0,0x56a0,0x56a0,0x56a0,0x56a0,0x56a0,0x56a0,0x56a0,0x56a0,0x56a0,0x56a0,0x56a0,0x56a0,0x56a0,
		0x56a0,0x56a0,0x56a0,0x56a0,0x56a0,0x56a0,0x56a0,0x56a0,0x56a0,0x56a0,0x56a0,0x56a0,0x56a0,0x56a0,0x56a0,0x56a0,
		0x56a0,0x56a0,0x56a0,0x56a0,0x56a0,0x56a0,0x56a0,0x56a0,0x56a0,0x56a0,0x56a0,0x56a0,0x56a0,0x56a0,0x56a0,0x56a0,
		0x56a0,0x56a0,0x56a0,0x56a0,0x56a0,0x56a0,0x56a0,0x56a0,0x56a0,0x56a0,0x56a0,0x56a0,0x56a0,0x56a0,0x56a0,0x56a0,
		0x56a0,0x56a0,0x56a0,0x56a0,0x56a0,0x56a0,0x56a0,0x56a0,0x56a0,0x56a0,0x56a0,0x56a0,0x56a0,0x56a0,0x56a0,0x56a0,
		0x56a0,0x56a0,0xa380,0xf800,0xf800,0xf800,0xf800,0xf800,0xf800,0xf8c3,0xfedb,0xffff,0xffff,0xffff,0xffff,0xfefb,
		0xfbcf,0xfb4d,0xfbef,0xfcd3,0xfdb6,0xfedb,0xff9e,0xffff,0xffff,0xffff,0xffff,0xffff,0xffff,0xffff,0xffff,0xffff,
		0xffff,0xffff,0xffff,0xffff,0xffff,0xffff,0xffff,0xffff,0xffff,0xffff,0xffff,0xffff,0xffff,0xffff,0xffff,0xffff,
		0xffff,0xffff,0xffff,0xffff,0xffff,0xffff,0xffff,0xffff,0xffff,0xffff,0xffff,0xffdf,0xfa69,0xf800,0xf800,0xf800,
		0xf800,0xf800,0xf800,0xc800,0x0000,0x3c80,0x56a0,0x56a0,0x56a0,0x56a0,0x56a0,0x56a0,0x56a0,0x56a0,0x56a0,0x56a0,
		0x56a0,0x56a0,0x56a0,0x56a0,0x56a0,0x56a0,0x56a0,0x56a0,0x56a0,0x56a0,0x56a0,0x56a0,0x56a0,0x56a0,0x56a0,0x56a0,
		0x56a0,0x56a0,0x56a0,0x56a0,0x56a0,0x56a0,0x56a0,0x56a0,0x56a0,0x56a0,0x56a0,0x56a0,0x56a0,0x56a0,0x56a0,0x56a0,
		0x56a0,0x56a0,0x56a0,0x56a0,0x56a0,0x56a0,0x56a0,0x56a0,0x56a0,0x56a0,0x56a0,0x56a0,0x56a0,0x56a0,0x56a0,0x56a0,
		0x56a0,0x56a0,0x56a0,0x56a0,0x56a0,0x56a0,0x56a0,0x56a0,0x56a0,0x56a0,0x56a0,0x56a0,0x56a0,0x56a0,0x56a0,0x56a0,
		0x56a0,0x56a0,0x56a0,0x56a0,0x56a0,0x56a0,0x56a0,0x56a0,0x56a0,0x56a0,0x56a0,0x56a0,0x56a0,0x56a0,0x56a0,0x56a0,
		0x56a0,0x56a0,0x56a0,0x56a0,0x56a0,0x56a0,0x56a0,0x56a0,0x56a0,0x56a0,0x56a0,0x56a0,0x56a0,0x56a0,0x56a0,0x56a0,
		0x56a0,0x56a0,0x56a0,0x56a0,0x2b4f,0x001f,0x001f,0x001f,0x001f,0x001f,0x001f,0x2293,0x56a0,0x56a0,0x5641,0x001f,
		0x001f,0x001f,0x001f,0x001f,0x2b6f,0x56a0,0x56a0,0x1a15,0x001f,0x001f,0x001f,0x001f,0x001f,0x342c,0x56a0,0x56a0,
		0x56a0,0x56a0,0x56a0,0x56a0,0x2b6f,0x001f,0x001f,0x001f,0x001f,0x001f,0x001f,0x2293,0x56a0,0x56a0,0x4526,0x001f,
		0x001f,0x001f,0x001f,0x001f,0x001f,0x001f,0x001f,0x001f,0x001f,0x001f,0x001f,0x001f,0x001f,0x22b2,0x56a0,0x56a0,
		0x56a0,0x56a0,0x56a0,0x56a0,0x56a0,0x56a0,0x56a0,0x56a0,0x56a0,0x56a0,0x56a0,0x56a0,0x56a0,0x56a0,0x56a0,0x56a0,
		0x56a0,0x56a0,0x56a0,0x56a0,0x56a0,0x56a0,0x56a0,0x56a0,0x56a0,0x56a0,0x56a0,0x56a0,0x56a0,0x56a0,0x56a0,0x56a0,
		0x56a0,0x56a0,0x56a0,0x56a0,0x56a0,0x56a0,0x56a0,0x56a0,0x56a0,0x56a0,0x56a0,0x56a0,0x56a0,0x56a0,0x56a0,0x56a0,
		0x56a0,0x56a0,0x56a0,0x56a0,0x56a0,0x56a0,0x56a0,0x56a0,0x56a0,0x56a0,0x56a0,0x56a0,0x56a0,0x56a0,0x56a0,0x56a0,
		0x56a0,0x56a0,0x56a0,0x56a0,0x56a0,0x56a0,0x56a0,0x56a0,0x56a0,0x56a0,0x56a0,0x56a0,0x56a0,0x56a0,0x56a0,0x56a0,
		0x56a0,0x7580,0xf820,0xf800,0xf800,0xf800,0xf800,0xf800,0xf841,0xfe38,0xffff,0xffff,0xffff,0xffff,0xfe79,0xf861,
		0xf800,0xf800,0xf800,0xf800,0xf800,0xf800,0xf820,0xf8a2,0xf986,0xfa49,0xfaeb,0xfb0c,0xfb4d,0xfb2c,0xfb2c,0xfb0c,
		0xfb0c,0xfaeb,0xfaeb,0xfacb,0xfaaa,0xfa8a,0xfa49,0xfa08,0xf9e7,0xfa08,0xfa69,0xfaaa,0xfaeb,0xfb4d,0xfbef,0xfc51,
		0xfd14,0xfd75,0xfe18,0xfe9a,0xfefb,0xff7d,0xffbe,0xffdf,0xffdf,0xffff,0xffff,0xffff,0xff9e,0xf986,0xf800,0xf800,
		0xf800,0xf800,0xf800,0xf800,0x7000,0x0060,0x4dc0,0x56a0,0x56a0,0x56a0,0x56a0,0x56a0,0x56a0,0x56a0,0x56a0,0x56a0,
		0x56a0,0x56a0,0x56a0,0x56a0,0x56a0,0x56a0,0x56a0,0x56a0,0x56a0,0x56a0,0x56a0,0x56a0,0x56a0,0x56a0,0x56a0,0x56a0,
		0x56a0,0x56a0,0x56a0,0x56a0,0x56a0,0x56a0,0x56a0,0x56a0,0x56a0,0x56a0,0x56a0,0x56a0,0x56a0,0x56a0,0x56a0,0x56a0,
		0x56a0,0x56a0,0x56a0,0x56a0,0x56a0,0x56a0,0x56a0,0x56a0,0x56a0,0x56a0,0x56a0,0x56a0,0x56a0,0x56a0,0x56a0,0x56a0,
		0x56a0,0x56a0,0x56a0,0x56a0,0x56a0,0x56a0,0x56a0,0x56a0,0x56a0,0x56a0,0x56a0,0x56a0,0x56a0,0x56a0,0x56a0,0x56a0,
		0x56a0,0x56a0,0x56a0,0x56a0,0x56a0,0x56a0,0x56a0,0x56a0,0x56a0,0x56a0,0x56a0,0x56a0,0x56a0,0x56a0,0x56a0,0x56a0,
		0x56a0,0x56a0,0x56a0,0x56a0,0x56a0,0x56a0,0x56a0,0x56a0,0x56a0,0x56a0,0x56a0,0x56a0,0x56a0,0x56a0,0x56a0,0x56a0,
		0x56a0,0x56a0,0x56a0,0x5661,0x08dc,0x001f,0x001f,0x001f,0x001f,0x001f,0x1159,0x5661,0x56a0,0x56a0,0x4de3,0x001f,
		0x001f,0x001f,0x001f,0x001f,0x22d2,0x56a0,0x56a0,0x2b4f,0x001f,0x001f,0x001f,0x001f,0x001f,0x2b6f,0x56a0,0x56a0,
		0x56a0,0x56a0,0x56a0,0x5661,0x08dc,0x001f,0x001f,0x001f,0x001f,0x001f,0x1159,0x5661,0x56a0,0x56a0,0x3c89,0x001f,
		0x001f,0x001f,0x001f,0x001f,0x001f,0x3ca9,0x4585,0x093a,0x001f,0x001f,0x001f,0x001f,0x001f,0x091b,0x56a0,0x56a0,
		0x56a0,0x56a0,0x56a0,0x56a0,0x56a0,0x56a0,0x56a0,0x56a0,0x56a0,0x56a0,0x56a0,0x56a0,0x56a0,0x56a0,0x56a0,0x56a0,
		0x56a0,0x56a0,0x56a0,0x56a0,0x56a0,0x56a0,0x56a0,0x56a0,0x56a0,0x56a0,0x56a0,0x56a0,0x56a0,0x56a0,0x56a0,0x56a0,
		0x56a0,0x56a0,0x56a0,0x56a0,0x56a0,0x56a0,0x56a0,0x56a0,0x56a0,0x56a0,0x56a0,0x56a0,0x56a0,0x56a0,0x56a0,0x56a0,
		0x56a0,0x56a0,0x56a0,0x56a0,0x56a0,0x56a0,0x56a0,0x56a0,0x56a0,0x56a0,0x56a0,0x56a0,0x56a0,0x56a0,0x56a0,0x56a0,
		0x56a0,0x56a0,0x56a0,0x56a0,0x56a0,0x56a0,0x56a0,0x56a0,0x56a0,0x56a0,0x56a0,0x56a0,0x56a0,0x56a0,0x56a0,0x56a0,
		0x5680,0xd1a0,0xf800,0xf800,0xf800,0xf800,0xf800,0xf800,0xfcd3,0xffff,0xffff,0xffff,0xffff,0xffff,0xfa08,0xf800,
		0xf800,0xf800,0xf800,0xf800,0xf800,0xf800,0xf800,0xf800,0xf800,0xf800,0xf800,0xf800,0xf800,0xf800,0xf800,0xf800,
		0xf800,0xf800,0xf800,0xf800,0xf800,0xf800,0xf800,0xf800,0xf800,0xf800,0xf800,0xf800,0xf800,0xf800,0xf800,0xf800,
		0xf800,0xf800,0xf800,0xf800,0xf800,0xf800,0xf820,0xf820,0xf820,0xf945,0xfd55,0xffff,0xffff,0xfefb,0xf882,0xf800,
		0xf800,0xf800,0xf800,0xf800,0xf000,0x2000,0x11c0,0x5680,0x56a0,0x56a0,0x56a0,0x56a0,0x56a0,0x56a0,0x56a0,0x56a0,
		0x56a0,0x56a0,0x56a0,0x56a0,0x56a0,0x56a0,0x56a0,0x56a0,0x56a0,0x56a0,0x56a0,0x56a0,0x56a0,0x56a0,0x56a0,0x56a0,
		0x56a0,0x56a0,0x56a0,0x56a0,0x56a0,0x56a0,0x56a0,0x56a0,0x56a0,0x56a0,0x56a0,0x56a0,0x56a0,0x56a0,0x56a0,0x56a0,
		0x56a0,0x56a0,0x56a0,0x56a0,0x56a0,0x56a0,0x56a0,0x56a0,0x56a0,0x56a0,0x56a0,0x56a0,0x56a0,0x56a0,0x56a0,0x56a0,
		0x56a0,0x56a0,0x56a0,0x56a0,0x56a0,0x56a0,0x56a0,0x56a0,0x56a0,0x56a0,0x56a0,0x56a0,0x56a0,0x56a0,0x56a0,0x56a0,
		0x56a0,0x56a0,0x56a0,0x56a0,0x56a0,0x56a0,0x56a0,0x56a0,0x56a0,0x56a0,0x56a0,0x56a0,0x56a0,0x56a0,0x56a0,0x56a0,
		0x56a0,0x56a0,0x56a0,0x56a0,0x56a0,0x56a0,0x56a0,0x56a0,0x56a0,0x56a0,0x56a0,0x56a0,0x56a0,0x56a0,0x56a0,0x56a0,
		0x56a0,0x56a0,0x56a0,0x22d2,0x001f,0x001f,0x001f,0x001f,0x001f,0x1179,0x4e22,0x56a0,0x56a0,0x56a0,0x5641,0x001f,
		0x001f,0x001f,0x001f,0x001f,0x19f6,0x56a0,0x56a0,0x340c,0x001f,0x001f,0x001f,0x001f,0x001f,0x2b8f,0x56a0,0x56a0,
		0x56a0,0x56a0,0x56a0,0x22d2,0x001f,0x001f,0x001f,0x001f,0x001f,0x1179,0x4e22,0x56a0,0x56a0,0x56a0,0x3ce8,0x001f,
		0x001f,0x001f,0x001f,0x001f,0x08bc,0x56a0,0x56a0,0x4565,0x001f,0x001f,0x001f,0x001f,0x001f,0x08bc,0x56a0,0x56a0,
		0x56a0,0x56a0,0x56a0,0x56a0,0x56a0,0x56a0,0x56a0,0x56a0,0x56a0,0x56a0,0x56a0,0x56a0,0x56a0,0x56a0,0x56a0,0x56a0,
		0x56a0,0x56a0,0x56a0,0x56a0,0x56a0,0x56a0,0x56a0,0x56a0,0x56a0,0x56a0,0x56a0,0x56a0,0x56a0,0x56a0,0x56a0,0x56a0,
		0x56a0,0x56a0,0x56a0,0x56a0,0x56a0,0x56a0,0x56a0,0x56a0,0x56a0,0x56a0,0x56a0,0x56a0,0x56a0,0x56a0,0x56a0,0x56a0,
		0x56a0,0x56a0,0x56a0,0x56a0,0x56a0,0x56a0,0x56a0,0x56a0,0x56a0,0x56a0,0x56a0,0x56a0,0x56a0,0x56a0,0x56a0,0x56a0,
		0x56a0,0x56a0,0x56a0,0x56a0,0x56a0,0x56a0,0x56a0,0x56a0,0x56a0,0x56a0,0x56a0,0x56a0,0x56a0,0x56a0,0x56a0,0x56a0,
		0x8c60,0xf800,0xf800,0xf800,0xf800,0xf800,0xf800,0xfaaa,0xffff,0xffff,0xffff,0xffff,0xffff,0xffbe,0xf841,0xf800,
		0xf800,0xf800,0xf800,0xf800,0xf800,0xf800,0xf800,0xf800,0xf800,0xf800,0xf800,0xf800,0xf800,0xf800,0xf800,0xf800,
		0xf800,0xf800,0xf800,0xf800,0xf800,0xf800,0xf800,0xf800,0xf800,0xf800,0xf800,0xf800,0xf800,0xf800,0xf800,0xf800,
		0xf800,0xf800,0xf800,0xf800,0xf800,0xf800,0xf800,0xf800,0xf800,0xf800,0xf800,0xfd96,0xffff,0xffff,0xfd55,0xf800,
		0xf800,0xf800,0xf800,0xf800,0xf800,0xa800,0x0000,0x3400,0x56a0,0x56a0,0x56a0,0x56a0,0x56a0,0x56a0,0x56a0,0x56a0,
		0x56a0,0x56a0,0x56a0,0x56a0,0x56a0,0x56a0,0x56a0,0x56a0,0x56a0,0x56a0,0x56a0,0x56a0,0x56a0,0x56a0,0x56a0,0x56a0,
		0x56a0,0x56a0,0x56a0,0x56a0,0x56a0,0x56a0,0x56a0,0x56a0,0x56a0,0x56a0,0x56a0,0x56a0,0x56a0,0x56a0,0x56a0,0x56a0,
		0x56a0,0x56a0,0x56a0,0x56a0,0x56a0,0x56a0,0x56a0,0x56a0,0x56a0,0x56a0,0x56a0,0x56a0,0x56a0,0x56a0,0x56a0,0x56a0,
		0x56a0,0x56a0,0x56a0,0x56a0,0x56a0,0x56a0,0x56a0,0x56a0,0x56a0,0x56a0,0x56a0,0x56a0,0x56a0,0x56a0,0x56a0,0x56a0,
		0x56a0,0x56a0,0x56a0,0x56a0,0x56a0,0x56a0,0x56a0,0x56a0,0x56a0,0x56a0,0x56a0,0x56a0,0x56a0,0x56a0,0x56a0,0x56a0,
		0x56a0,0x56a0,0x56a0,0x56a0,0x56a0,0x56a0,0x56a0,0x56a0,0x56a0,0x56a0,0x56a0,0x56a0,0x56a0,0x56a0,0x56a0,0x56a0,
		0x56a0,0x56a0,0x3c8a,0x001f,0x001f,0x001f,0x001f,0x001f,0x1178,0x5641,0x56a0,0x5680,0x4546,0x5680,0x56a0,0x08bc,
		0x001f,0x001f,0x001f,0x001f,0x003f,0x5622,0x56a0,0x3c8a,0x001f,0x001f,0x001f,0x001f,0x001f,0x3c4b,0x56a0,0x56a0,
		0x56a0,0x56a0,0x3c89,0x001f,0x001f,0x001f,0x001f,0x001f,0x1178,0x5641,0x56a0,0x5680,0x4546,0x5680,0x4de3,0x001f,
		0x001f,0x001f,0x001f,0x001f,0x001f,0x5641,0x56a0,0x56a0,0x1159,0x001f,0x001f,0x001f,0x001f,0x11b8,0x56a0,0x56a0,
		0x56a0,0x56a0,0x56a0,0x56a0,0x56a0,0x56a0,0x56a0,0x56a0,0x56a0,0x56a0,0x56a0,0x56a0,0x56a0,0x56a0,0x56a0,0x56a0,
		0x56a0,0x56a0,0x56a0,0x56a0,0x56a0,0x56a0,0x56a0,0x56a0,0x56a0,0x56a0,0x56a0,0x56a0,0x56a0,0x56a0,0x56a0,0x56a0,
		0x56a0,0x56a0,0x56a0,0x56a0,0x56a0,0x56a0,0x56a0,0x56a0,0x56a0,0x56a0,0x56a0,0x56a0,0x56a0,0x56a0,0x56a0,0x56a0,
		0x56a0,0x56a0,0x56a0,0x56a0,0x56a0,0x56a0,0x56a0,0x56a0,0x56a0,0x56a0,0x56a0,0x56a0,0x56a0,0x56a0,0x56a0,0x56a0,
		0x56a0,0x56a0,0x56a0,0x56a0,0x56a0,0x56a0,0x56a0,0x56a0,0x56a0,0x56a0,0x56a0,0x56a0,0x56a0,0x56a0,0x56a0,0x5e60,
		0xe8e0,0xf800,0xf800,0xf800,0xf800,0xf800,0xf8c3,0xff5d,0xffff,0xffff,0xffff,0xffff,0xffff,0xffbe,0xf861,0xf800,
		0xf800,0xf800,0xf800,0xf800,0xf800,0xf800,0xf800,0xf800,0xf800,0xf800,0xf800,0xf800,0xf800,0xf800,0xf800,0xf800,
		0xf800,0xf800,0xf800,0xf800,0xf800,0xf800,0xf800,0xf800,0xf800,0xf800,0xf800,0xf800,0xf800,0xf800,0xf800,0xf800,
		0xf800,0xf800,0xf800,0xf800,0xf800,0xf800,0xf800,0xf800,0xf800,0xf800,0xf800,0xe8e3,0xc638,0xffff,0xffff,0xfacb,
		0xf800,0xf800,0xf800,0xf800,0xf800,0xf800,0x3800,0x0080,0x4e20,0x56a0,0x56a0,0x56a0,0x56a0,0x56a0,0x56a0,0x56a0,
		0x56a0,0x56a0,0x56a0,0x56a0,0x56a0,0x56a0,0x56a0,0x56a0,0x56a0,0x56a0,0x56a0,0x56a0,0x56a0,0x56a0,0x56a0,0x56a0,
		0x56a0,0x56a0,0x56a0,0x56a0,0x56a0,0x56a0,0x56a0,0x56a0,0x56a0,0x56a0,0x56a0,0x56a0,0x56a0,0x56a0,0x56a0,0x56a0,
		0x56a0,0x56a0,0x56a0,0x56a0,0x56a0,0x56a0,0x56a0,0x56a0,0x56a0,0x56a0,0x56a0,0x56a0,0x56a0,0x56a0,0x56a0,0x56a0,
		0x56a0,0x56a0,0x56a0,0x56a0,0x56a0,0x56a0,0x56a0,0x56a0,0x56a0,0x56a0,0x56a0,0x56a0,0x56a0,0x56a0,0x56a0,0x56a0,
		0x56a0,0x56a0,0x56a0,0x56a0,0x56a0,0x56a0,0x56a0,0x56a0,0x56a0,0x56a0,0x56a0,0x56a0,0x56a0,0x56a0,0x56a0,0x56a0,
		0x56a0,0x56a0,0x56a0,0x56a0,0x56a0,0x56a0,0x56a0,0x56a0,0x56a0,0x56a0,0x56a0,0x56a0,0x56a0,0x56a0,0x56a0,0x56a0,
		0x56a0,0x4507,0x005e,0x001f,0x001f,0x001f,0x001f,0x001f,0x344b,0x56a0,0x4e02,0x1a16,0x001f,0x340c,0x56a0,0x2293,
		0x001f,0x001f,0x001f,0x001f,0x001f,0x340c,0x56a0,0x33cd,0x001f,0x001f,0x001f,0x001f,0x003f,0x4e22,0x56a0,0x56a0,
		0x56a0,0x4507,0x005e,0x001f,0x001f,0x001f,0x001f,0x001f,0x344b,0x56a0,0x4e02,0x1a16,0x001f,0x340c,0x56a0,0x1179,
		0x001f,0x001f,0x001f,0x001f,0x001f,0x2b30,0x56a0,0x56a0,0x1a54,0x001f,0x001f,0x001f,0x001f,0x2b50,0x56a0,0x56a0,
		0x56a0,0x56a0,0x56a0,0x56a0,0x56a0,0x56a0,0x56a0,0x56a0,0x56a0,0x56a0,0x56a0,0x56a0,0x56a0,0x56a0,0x56a0,0x56a0,
		0x56a0,0x56a0,0x56a0,0x56a0,0x56a0,0x56a0,0x56a0,0x56a0,0x56a0,0x56a0,0x56a0,0x56a0,0x56a0,0x56a0,0x56a0,0x56a0,
		0x56a0,0x56a0,0x56a0,0x56a0,0x56a0,0x56a0,0x56a0,0x56a0,0x56a0,0x56a0,0x56a0,0x56a0,0x56a0,0x56a0,0x56a0,0x56a0,
		0x56a0,0x56a0,0x56a0,0x56a0,0x56a0,0x56a0,0x56a0,0x56a0,0x56a0,0x56a0,0x56a0,0x56a0,0x56a0,0x56a0,0x56a0,0x56a0,
		0x56a0,0x56a0,0x56a0,0x56a0,0x56a0,0x56a0,0x56a0,0x56a0,0x56a0,0x56a0,0x56a0,0x56a0,0x56a0,0x56a0,0x56a0,0x9c00,
		0xf800,0xf800,0xf800,0xf800,0xf800,0xf800,0xfd34,0xffff,0xffff,0xffff,0xffff,0xffff,0xffff,0xffff,0xfa69,0xf800,
		0xf800,0xf800,0xf800,0xf800,0xf800,0xf800,0xf800,0xf800,0xf800,0xf800,0xf800,0xf800,0xf800,0xf800,0xf800,0xf800,
		0xf800,0xf800,0xf800,0xf800,0xf800,0xf800,0xf800,0xf800,0xf800,0xf800,0xf800,0xf800,0xf800,0xf800,0xf800,0xf800,
		0xf800,0xf800,0xf800,0xf800,0xf800,0xf800,0xf800,0xf800,0xf800,0xf800,0xf800,0xf000,0x0861,0xd69a,0xffff,0xff5d,
		0xf882,0xf800,0xf800,0xf800,0xf800,0xf800,0xb800,0x0000,0x22e0,0x56a0,0x56a0,0x56a0,0x56a0,0x56a0,0x56a0,0x56a0,
		0x56a0,0x56a0,0x56a0,0x56a0,0x56a0,0x56a0,0x56a0,0x56a0,0x56a0,0x56a0,0x56a0,0x56a0,0x56a0,0x56a0,0x56a0,0x56a0,
		0x56a0,0x56a0,0x56a0,0x56a0,0x56a0,0x56a0,0x56a0,0x56a0,0x56a0,0x56a0,0x56a0,0x56a0,0x56a0,0x56a0,0x56a0,0x56a0,
		0x56a0,0x56a0,0x56a0,0x56a0,0x56a0,0x56a0,0x56a0,0x56a0,0x56a0,0x56a0,0x56a0,0x56a0,0x56a0,0x56a0,0x56a0,0x56a0,
		0x56a0,0x56a0,0x56a0,0x56a0,0x56a0,0x56a0,0x56a0,0x56a0,0x56a0,0x56a0,0x56a0,0x56a0,0x56a0,0x56a0,0x56a0,0x56a0,
		0x56a0,0x56a0,0x56a0,0x56a0,0x56a0,0x56a0,0x56a0,0x56a0,0x56a0,0x56a0,0x56a0,0x56a0,0x56a0,0x56a0,0x56a0,0x56a0,
		0x56a0,0x56a0,0x56a0,0x56a0,0x56a0,0x56a0,0x56a0,0x56a0,0x56a0,0x56a0,0x56a0,0x56a0,0x56a0,0x56a0,0x56a0,0x56a0,
		0x4546,0x007e,0x001f,0x001f,0x001f,0x001f,0x001f,0x001f,0x003f,0x1159,0x005e,0x001f,0x001f,0x22d2,0x56a0,0x4565,
		0x001f,0x001f,0x001f,0x001f,0x001f,0x007d,0x2b30,0x08bc,0x001f,0x001f,0x001f,0x001f,0x22b3,0x56a0,0x56a0,0x56a0,
		0x4546,0x007e,0x001f,0x001f,0x001f,0x001f,0x001f,0x001f,0x003f,0x1159,0x005e,0x001f,0x001f,0x22d2,0x56a0,0x3c8a,
		0x001f,0x001f,0x001f,0x001f,0x001f,0x001f,0x2b50,0x3ca9,0x08bc,0x001f,0x001f,0x001f,0x005e,0x4e02,0x56a0,0x56a0,
		0x56a0,0x56a0,0x56a0,0x56a0,0x56a0,0x56a0,0x56a0,0x56a0,0x56a0,0x56a0,0x56a0,0x56a0,0x56a0,0x56a0,0x56a0,0x56a0,
		0x56a0,0x56a0,0x56a0,0x56a0,0x56a0,0x56a0,0x56a0,0x56a0,0x56a0,0x56a0,0x56a0,0x56a0,0x56a0,0x56a0,0x56a0,0x56a0,
		0x56a0,0x56a0,0x56a0,0x56a0,0x56a0,0x56a0,0x56a0,0x56a0,0x56a0,0x56a0,0x56a0,0x56a0,0x56a0,0x56a0,0x56a0,0x56a0,
		0x56a0,0x56a0,0x56a0,0x56a0,0x56a0,0x56a0,0x56a0,0x56a0,0x56a0,0x56a0,0x56a0,0x56a0,0x56a0,0x56a0,0x56a0,0x56a0,
		0x56a0,0x56a0,0x56a0,0x56a0,0x56a0,0x56a0,0x56a0,0x56a0,0x56a0,0x56a0,0x56a0,0x56a0,0x56a0,0x56a0,0x5e80,0xe0e0,
		0xf800,0xf800,0xf800,0xf800,0xf800,0xf9e7,0xffff,0xffff,0xffff,0xffff,0xffff,0xffff,0xffff,0xffff,0xff3c,0xf9c7,
		0xf800,0xf800,0xf800,0xf800,0xf800,0xf800,0xf800,0xf800,0xf800,0xf800,0xf800,0xf800,0xf800,0xf800,0xf800,0xf800,
		0xf800,0xf800,0xf800,0xf800,0xf800,0xf800,0xf800,0xf800,0xf800,0xf800,0xf800,0xf800,0xf800,0xf800,0xf800,0xf800,
		0xf800,0xf800,0xf800,0xf800,0xf800,0xf800,0xf800,0xf800,0xf800,0xf800,0xf800,0xd000,0x0000,0x632c,0xffff,0xffff,
		0xfc71,0xf800,0xf800,0xf800,0xf800,0xf800,0xf800,0x3000,0x0020,0x4dc0,0x56a0,0x56a0,0x56a0,0x56a0,0x56a0,0x56a0,
		0x56a0,0x56a0,0x56a0,0x56a0,0x56a0,0x56a0,0x56a0,0x56a0,0x56a0,0x56a0,0x56a0,0x56a0,0x56a0,0x56a0,0x56a0,0x56a0,
		0x56a0,0x56a0,0x56a0,0x56a0,0x56a0,0x56a0,0x56a0,0x56a0,0x56a0,0x56a0,0x56a0,0x56a0,0x56a0,0x56a0,0x56a0,0x56a0,
		0x56a0,0x56a0,0x56a0,0x56a0,0x56a0,0x56a0,0x56a0,0x56a0,0x56a0,0x56a0,0x56a0,0x56a0,0x56a0,0x56a0,0x56a0,0x56a0,
		0x56a0,0x56a0,0x56a0,0x56a0,0x56a0,0x56a0,0x56a0,0x56a0,0x56a0,0x56a0,0x56a0,0x56a0,0x56a0,0x56a0,0x56a0,0x56a0,
		0x56a0,0x56a0,0x56a0,0x56a0,0x56a0,0x56a0,0x56a0,0x56a0,0x56a0,0x56a0,0x56a0,0x56a0,0x56a0,0x56a0,0x56a0,0x56a0,
		0x56a0,0x56a0,0x56a0,0x56a0,0x56a0,0x56a0,0x56a0,0x56a0,0x56a0,0x56a0,0x56a0,0x56a0,0x56a0,0x56a0,0x56a0,0x4546,
		0x007d,0x001f,0x001f,0x001f,0x001f,0x001f,0x001f,0x001f,0x001f,0x001f,0x001f,0x001f,0x001f,0x2b30,0x56a0,0x56a0,
		0x2b30,0x001f,0x001f,0x001f,0x001f,0x001f,0x001f,0x001f,0x001f,0x001f,0x001f,0x091b,0x4e22,0x56a0,0x56a0,0x4546,
		0x009d,0x001f,0x001f,0x001f,0x001f,0x001f,0x001f,0x001f,0x001f,0x001f,0x001f,0x001f,0x001f,0x2b30,0x56a0,0x5680,
		0x1a35,0x001f,0x001f,0x001f,0x001f,0x001f,0x001f,0x001f,0x001f,0x001f,0x001f,0x001f,0x33ed,0x56a0,0x56a0,0x56a0,
		0x56a0,0x56a0,0x56a0,0x56a0,0x56a0,0x56a0,0x56a0,0x56a0,0x56a0,0x56a0,0x56a0,0x56a0,0x56a0,0x56a0,0x56a0,0x56a0,
		0x56a0,0x56a0,0x56a0,0x56a0,0x56a0,0x56a0,0x56a0,0x56a0,0x56a0,0x56a0,0x56a0,0x56a0,0x56a0,0x56a0,0x56a0,0x56a0,
		0x56a0,0x56a0,0x56a0,0x56a0,0x56a0,0x56a0,0x56a0,0x56a0,0x56a0,0x56a0,0x56a0,0x56a0,0x56a0,0x56a0,0x56a0,0x56a0,
		0x56a0,0x56a0,0x56a0,0x56a0,0x56a0,0x56a0,0x56a0,0x56a0,0x56a0,0x56a0,0x56a0,0x56a0,0x56a0,0x56a0,0x56a0,0x56a0,
		0x56a0,0x56a0,0x56a0,0x56a0,0x56a0,0x56a0,0x56a0,0x56a0,0x56a0,0x56a0,0x56a0,0x56a0,0x56a0,0x56a0,0x8c80,0xf800,
		0xf800,0xf800,0xf800,0xf800,0xf800,0xfe18,0xffff,0xffff,0xffff,0xffff,0xffff,0xffff,0xffff,0xffff,0xffff,0xffff,
		0x6924,0x8000,0xb800,0xe000,0xf800,0xf800,0xf800,0xf800,0xf800,0xf800,0xf800,0xf800,0xf800,0xf800,0xf800,0xf800,
		0xf800,0xf800,0xf800,0xf800,0xf800,0xf800,0xf800,0xf800,0xf800,0xf800,0xf800,0xf800,0xf800,0xf800,0xf800,0xf800,
		0xf800,0xf800,0xf800,0xf800,0xf800,0xf800,0xf800,0xf800,0xf800,0xf800,0xf800,0x5800,0x0000,0x39e7,0xffff,0xffff,
		0xffbe,0xf904,0xf800,0xf800,0xf800,0xf800,0xf800,0xa000,0x0000,0x22c0,0x56a0,0x56a0,0x56a0,0x56a0,0x56a0,0x56a0,
		0x56a0,0x56a0,0x56a0,0x56a0,0x56a0,0x56a0,0x56a0,0x56a0,0x56a0,0x56a0,0x56a0,0x56a0,0x56a0,0x56a0,0x56a0,0x56a0,
		0x56a0,0x56a0,0x56a0,0x56a0,0x56a0,0x56a0,0x56a0,0x56a0,0x56a0,0x56a0,0x56a0,0x56a0,0x56a0,0x56a0,0x56a0,0x56a0,
		0x56a0,0x56a0,0x56a0,0x56a0,0x56a0,0x56a0,0x56a0,0x56a0,0x56a0,0x56a0,0x56a0,0x56a0,0x56a0,0x56a0,0x56a0,0x56a0,
		0x56a0,0x56a0,0x56a0,0x56a0,0x56a0,0x56a0,0x56a0,0x56a0,0x56a0,0x56a0,0x56a0,0x56a0,0x56a0,0x56a0,0x56a0,0x56a0,
		0x56a0,0x56a0,0x56a0,0x56a0,0x56a0,0x56a0,0x56a0,0x56a0,0x56a0,0x56a0,0x56a0,0x56a0,0x56a0,0x56a0,0x56a0,0x56a0,
		0x56a0,0x56a0,0x56a0,0x56a0,0x56a0,0x56a0,0x56a0,0x56a0,0x56a0,0x56a0,0x56a0,0x56a0,0x56a0,0x56a0,0x4565,0x007d,
		0x001f,0x001f,0x001f,0x001f,0x001f,0x001f,0x001f,0x001f,0x001f,0x001f,0x001f,0x001f,0x001f,0x3cc8,0x56a0,0x56a0,
		0x5680,0x22d2,0x001f,0x001f,0x001f,0x001f,0x001f,0x001f,0x001f,0x001f,0x093a,0x4de3,0x56a0,0x56a0,0x4565,0x007d,
		0x001f,0x001f,0x001f,0x001f,0x001f,0x001f,0x001f,0x001f,0x001f,0x001f,0x001f,0x001f,0x001f,0x3cc8,0x56a0,0x56a0,
		0x5641,0x19f6,0x001f,0x001f,0x001f,0x001f,0x001f,0x001f,0x001f,0x001f,0x001f,0x2b30,0x56a0,0x56a0,0x56a0,0x56a0,
		0x56a0,0x56a0,0x56a0,0x56a0,0x56a0,0x56a0,0x56a0,0x56a0,0x56a0,0x56a0,0x56a0,0x56a0,0x56a0,0x56a0,0x56a0,0x56a0,
		0x56a0,0x56a0,0x56a0,0x56a0,0x56a0,0x56a0,0x56a0,0x56a0,0x56a0,0x56a0,0x56a0,0x56a0,0x56a0,0x56a0,0x56a0,0x56a0,
		0x56a0,0x56a0,0x56a0,0x56a0,0x56a0,0x56a0,0x56a0,0x56a0,0x56a0,0x56a0,0x56a0,0x56a0,0x56a0,0x56a0,0x56a0,0x56a0,
		0x56a0,0x56a0,0x56a0,0x56a0,0x56a0,0x56a0,0x56a0,0x56a0,0x56a0,0x56a0,0x56a0,0x56a0,0x56a0,0x56a0,0x56a0,0x56a0,
		0x56a0,0x56a0,0x56a0,0x56a0,0x56a0,0x56a0,0x56a0,0x56a0,0x56a0,0x56a0,0x56a0,0x56a0,0x56a0,0x56a0,0xd1c0,0xf800,
		0xf800,0xf800,0xf800,0xf800,0xfa08,0xffff,0xffff,0xffff,0xffff,0xffff,0xffff,0xffff,0xffff,0xffff,0xffff,0xffff,
		0xce79,0x2124,0x0000,0x0000,0x0800,0x2000,0x3800,0x4000,0x5800,0x6000,0x6800,0x6800,0x6800,0x6800,0x6000,0xa800,
		0xf800,0xf800,0xf800,0xf800,0xf800,0xf800,0xa000,0x4000,0x4000,0x4000,0x4000,0x4800,0x5800,0x6000,0x7000,0x8000,
		0x9000,0xa800,0xb800,0xc800,0xd800,0xe000,0xf000,0xf000,0xf000,0xd800,0x6000,0x0000,0x0000,0x630c,0xffff,0xffff,
		0xffff,0xfcb2,0xf800,0xf800,0xf800,0xf800,0xf800,0xf800,0x1000,0x0040,0x4e00,0x56a0,0x56a0,0x56a0,0x56a0,0x56a0,
		0x56a0,0x56a0,0x56a0,0x56a0,0x56a0,0x56a0,0x56a0,0x56a0,0x56a0,0x56a0,0x56a0,0x56a0,0x56a0,0x56a0,0x56a0,0x56a0,
		0x56a0,0x56a0,0x56a0,0x56a0,0x56a0,0x56a0,0x56a0,0x56a0,0x56a0,0x56a0,0x56a0,0x56a0,0x56a0,0x56a0,0x56a0,0x56a0,
		0x56a0,0x56a0,0x56a0,0x56a0,0x56a0,0x56a0,0x56a0,0x56a0,0x56a0,0x56a0,0x56a0,0x56a0,0x56a0,0x56a0,0x56a0,0x56a0,
		0x56a0,0x56a0,0x56a0,0x56a0,0x56a0,0x56a0,0x56a0,0x56a0,0x56a0,0x56a0,0x56a0,0x56a0,0x56a0,0x56a0,0x56a0,0x56a0,
		0x56a0,0x56a0,0x56a0,0x56a0,0x56a0,0x56a0,0x56a0,0x56a0,0x56a0,0x56a0,0x56a0,0x56a0,0x56a0,0x56a0,0x56a0,0x56a0,
		0x56a0,0x56a0,0x56a0,0x56a0,0x56a0,0x56a0,0x56a0,0x56a0,0x56a0,0x56a0,0x56a0,0x56a0,0x56a0,0x56a0,0x340c,0x009d,
		0x007d,0x007d,0x007d,0x007d,0x007d,0x007d,0x007d,0x007d,0x003e,0x001f,0x001f,0x001f,0x113a,0x5680,0x56a0,0x56a0,
		0x56a0,0x56a0,0x3c89,0x1159,0x001f,0x001f,0x001f,0x001f,0x009d,0x2b4f,0x5661,0x56a0,0x56a0,0x56a0,0x340c,0x009d,
		0x007d,0x007d,0x007d,0x007d,0x007d,0x007d,0x007d,0x007d,0x003e,0x001f,0x001f,0x001f,0x093a,0x5680,0x56a0,0x56a0,
		0x56a0,0x5680,0x344b,0x1159,0x001f,0x001f,0x001f,0x001f,0x001f,0x11b7,0x3cc8,0x56a0,0x56a0,0x56a0,0x56a0,0x56a0,
		0x56a0,0x56a0,0x56a0,0x56a0,0x56a0,0x56a0,0x56a0,0x56a0,0x56a0,0x56a0,0x56a0,0x56a0,0x56a0,0x56a0,0x56a0,0x56a0,
		0x56a0,0x56a0,0x56a0,0x56a0,0x56a0,0x56a0,0x56a0,0x56a0,0x56a0,0x56a0,0x56a0,0x56a0,0x56a0,0x56a0,0x56a0,0x56a0,
		0x56a0,0x56a0,0x56a0,0x56a0,0x56a0,0x56a0,0x56a0,0x56a0,0x56a0,0x56a0,0x56a0,0x56a0,0x56a0,0x56a0,0x56a0,0x56a0,
		0x56a0,0x56a0,0x56a0,0x56a0,0x56a0,0x56a0,0x56a0,0x56a0,0x56a0,0x56a0,0x56a0,0x56a0,0x56a0,0x56a0,0x56a0,0x56a0,
		0x56a0,0x56a0,0x56a0,0x56a0,0x56a0,0x56a0,0x56a0,0x56a0,0x56a0,0x56a0,0x56a0,0x56a0,0x56a0,0x6dc0,0xf820,0xf800,
		0xf800,0xf800,0xf800,0xf800,0xfdb6,0xffff,0xffff,0xffff,0xffff,0xffff,0xffff,0xffff,0xffff,0xffff,0xffff,0xffff,
		0xffff,0xffdf,0xbdd7,0x7bef,0x4a69,0x2124,0x0841,0x0000,0x0000,0x0000,0x0000,0x0000,0x0000,0x0000,0x0000,0x7000,
		0xf800,0xf800,0xf800,0xf800,0xf800,0xf800,0x8800,0x0000,0x0000,0x0000,0x0000,0x0000,0x0000,0x0000,0x0000,0x0000,
		0x0000,0x0000,0x0000,0x0000,0x0000,0x0000,0x0000,0x0800,0x0800,0x0000,0x0000,0x0000,0x0841,0xd69a,0xffff,0xffff,
		0xffff,0xffbe,0xf8a2,0xf800,0xf800,0xf800,0xf800,0xf800,0x6800,0x0000,0x2b80,0x56a0,0x56a0,0x56a0,0x56a0,0x56a0,
		0x56a0,0x56a0,0x56a0,0x56a0,0x56a0,0x56a0,0x56a0,0x56a0,0x56a0,0x56a0,0x56a0,0x56a0,0x56a0,0x56a0,0x56a0,0x56a0,
		0x56a0,0x56a0,0x56a0,0x56a0,0x56a0,0x56a0,0x56a0,0x56a0,0x56a0,0x56a0,0x56a0,0x56a0,0x56a0,0x56a0,0x56a0,0x56a0,
		0x56a0,0x56a0,0x56a0,0x56a0,0x56a0,0x56a0,0x56a0,0x56a0,0x56a0,0x56a0,0x56a0,0x56a0,0x56a0,0x56a0,0x56a0,0x56a0,
		0x56a0,0x56a0,0x56a0,0x56a0,0x56a0,0x56a0,0x56a0,0x56a0,0x56a0,0x56a0,0x56a0,0x56a0,0x56a0,0x56a0,0x56a0,0x56a0,
		0x56a0,0x56a0,0x56a0,0x56a0,0x56a0,0x56a0,0x56a0,0x56a0,0x56a0,0x56a0,0x56a0,0x56a0,0x56a0,0x56a0,0x56a0,0x56a0,
		0x56a0,0x56a0,0x56a0,0x56a0,0x56a0,0x56a0,0x56a0,0x56a0,0x56a0,0x56a0,0x56a0,0x56a0,0x56a0,0x56a0,0x56a0,0x56a0,
		0x56a0,0x56a0,0x56a0,0x56a0,0x56a0,0x56a0,0x56a0,0x56a0,0x56a0,0x3c89,0x003f,0x08bc,0x4585,0x56a0,0x56a0,0x56a0,
		0x56a0,0x56a0,0x56a0,0x56a0,0x4de3,0x4507,0x3ca9,0x4565,0x5680,0x56a0,0x56a0,0x56a0,0x56a0,0x56a0,0x56a0,0x56a0,
		0x56a0,0x56a0,0x56a0,0x56a0,0x56a0,0x56a0,0x56a0,0x56a0,0x56a0,0x3ca9,0x003f,0x08bc,0x4565,0x56a0,0x56a0,0x56a0,
		0x56a0,0x56a0,0x56a0,0x56a0,0x4e02,0x4507,0x3ca9,0x4526,0x4e02,0x56a0,0x56a0,0x56a0,0x56a0,0x56a0,0x56a0,0x56a0,
		0x56a0,0x56a0,0x56a0,0x56a0,0x56a0,0x56a0,0x56a0,0x56a0,0x56a0,0x56a0,0x56a0,0x56a0,0x56a0,0x56a0,0x56a0,0x56a0,
		0x56a0,0x56a0,0x56a0,0x56a0,0x56a0,0x56a0,0x56a0,0x56a0,0x56a0,0x56a0,0x56a0,0x56a0,0x56a0,0x56a0,0x56a0,0x56a0,
		0x56a0,0x56a0,0x56a0,0x56a0,0x56a0,0x56a0,0x56a0,0x56a0,0x56a0,0x56a0,0x56a0,0x56a0,0x56a0,0x56a0,0x56a0,0x56a0,
		0x56a0,0x56a0,0x56a0,0x56a0,0x56a0,0x56a0,0x56a0,0x56a0,0x56a0,0x56a0,0x56a0,0x56a0,0x56a0,0x56a0,0x56a0,0x56a0,
		0x56a0,0x56a0,0x56a0,0x56a0,0x56a0,0x56a0,0x56a0,0x56a0,0x56a0,0x56a0,0x56a0,0x56a0,0x56a0,0xa3a0,0xf800,0xf800,
		0xf800,0xf800,0xf800,0xf904,0xffff,0xffff,0xffff,0xffff,0xffff,0xffff,0xffff,0xffff,0xffff,0xffff,0xffff,0xffff,
		0xffff,0xffff,0xffff,0xffff,0xffff,0xffff,0xffdf,0xef5d,0xce79,0xc618,0xb596,0xa514,0xa514,0x9cf3,0x9cf3,0xc34d,
		0xf800,0xf800,0xf800,0xf800,0xf800,0xf800,0x9000,0x0000,0x8430,0xc638,0xce59,0xce59,0xc638,0xbdf7,0xb596,0xa514,
		0x94b2,0x8410,0x738e,0x5aeb,0x4a69,0x39e7,0x2945,0x2104,0x10a2,0x0841,0x0841,0x39e7,0xc618,0xffff,0xffff,0xffff,
		0xffff,0xffff,0xfbae,0xf800,0xf800,0xf800,0xf800,0xf800,0xc000,0x0000,0x0900,0x5680,0x56a0,0x56a0,0x56a0,0x56a0,
		0x56a0,0x56a0,0x56a0,0x56a0,0x56a0,0x56a0,0x56a0,0x56a0,0x56a0,0x56a0,0x56a0,0x56a0,0x56a0,0x56a0,0x56a0,0x56a0,
		0x56a0,0x56a0,0x56a0,0x56a0,0x56a0,0x56a0,0x56a0,0x56a0,0x56a0,0x56a0,0x56a0,0x56a0,0x56a0,0x56a0,0x56a0,0x56a0,
		0x56a0,0x56a0,0x56a0,0x56a0,0x56a0,0x56a0,0x56a0,0x56a0,0x56a0,0x56a0,0x56a0,0x56a0,0x56a0,0x56a0,0x56a0,0x56a0,
		0x56a0,0x56a0,0x56a0,0x56a0,0x56a0,0x56a0,0x56a0,0x56a0,0x56a0,0x56a0,0x56a0,0x56a0,0x56a0,0x56a0,0x56a0,0x56a0,
		0x56a0,0x56a0,0x56a0,0x56a0,0x56a0,0x56a0,0x56a0,0x56a0,0x56a0,0x56a0,0x56a0,0x56a0,0x56a0,0x56a0,0x56a0,0x56a0,
		0x56a0,0x56a0,0x56a0,0x56a0,0x56a0,0x56a0,0x56a0,0x56a0,0x56a0,0x56a0,0x56a0,0x56a0,0x56a0,0x56a0,0x56a0,0x56a0,
		0x56a0,0x56a0,0x56a0,0x56a0,0x56a0,0x56a0,0x56a0,0x56a0,0x56a0,0x56a0,0x4de3,0x5660,0x56a0,0x56a0,0x56a0,0x56a0,
		0x56a0,0x56a0,0x56a0,0x56a0,0x56a0,0x56a0,0x56a0,0x56a0,0x56a0,0x56a0,0x56a0,0x56a0,0x56a0,0x56a0,0x56a0,0x56a0,
		0x56a0,0x56a0,0x56a0,0x56a0,0x56a0,0x56a0,0x56a0,0x56a0,0x56a0,0x56a0,0x4de3,0x5660,0x56a0,0x56a0,0x56a0,0x56a0,
		0x56a0,0x56a0,0x56a0,0x56a0,0x56a0,0x56a0,0x56a0,0x56a0,0x56a0,0x56a0,0x56a0,0x56a0,0x56a0,0x56a0,0x56a0,0x56a0,
		0x56a0,0x56a0,0x56a0,0x56a0,0x56a0,0x56a0,0x56a0,0x56a0,0x56a0,0x56a0,0x56a0,0x56a0,0x56a0,0x56a0,0x56a0,0x56a0,
		0x56a0,0x56a0,0x56a0,0x56a0,0x56a0,0x56a0,0x56a0,0x56a0,0x56a0,0x56a0,0x56a0,0x56a0,0x56a0,0x56a0,0x56a0,0x56a0,
		0x56a0,0x56a0,0x56a0,0x56a0,0x56a0,0x56a0,0x56a0,0x56a0,0x56a0,0x56a0,0x56a0,0x56a0,0x56a0,0x56a0,0x56a0,0x56a0,
		0x56a0,0x56a0,0x56a0,0x56a0,0x56a0,0x56a0,0x56a0,0x56a0,0x56a0,0x56a0,0x56a0,0x56a0,0x56a0,0x56a0,0x56a0,0x56a0,
		0x56a0,0x56a0,0x56a0,0x56a0,0x56a0,0x56a0,0x56a0,0x56a0,0x56a0,0x56a0,0x56a0,0x56a0,0x56a0,0xd180,0xf800,0xf800,
		0xf800,0xf800,0xf800,0xfc10,0xffff,0xffff,0xffff,0xffff,0xffff,0xffff,0xffff,0xffff,0xffff,0xffff,0xffff,0xffff,
		0xffff,0xffff,0xffff,0xffff,0xffff,0xffff,0xffff,0xffff,0xffff,0xffff,0xffff,0xffff,0xffff,0xffff,0xffff,0xfdd7,
		0xf800,0xf800,0xf800,0xf800,0xf800,0xf800,0xa000,0x0000,0xa534,0xffff,0xffff,0xffff,0xffff,0xffff,0xffff,0xffff,
		0xffff,0xffff,0xffff,0xffff,0xffff,0xffff,0xffff,0xffff,0xffff,0xffff,0xffff,0xffff,0xffff,0xffff,0xffff,0xffff,
		0xffff,0xffff,0xfeba,0xf800,0xf800,0xf800,0xf800,0xf800,0xf800,0x1800,0x0000,0x4520,0x56a0,0x56a0,0x56a0,0x56a0,
		0x56a0,0x56a0,0x56a0,0x56a0,0x56a0,0x56a0,0x56a0,0x56a0,0x56a0,0x56a0,0x56a0,0x56a0,0x56a0,0x56a0,0x56a0,0x56a0,
		0x56a0,0x56a0,0x56a0,0x56a0,0x56a0,0x56a0,0x56a0,0x56a0,0x56a0,0x56a0,0x56a0,0x56a0,0x56a0,0x56a0,0x56a0,0x56a0,
		0x56a0,0x56a0,0x56a0,0x56a0,0x56a0,0x56a0,0x56a0,0x56a0,0x56a0,0x56a0,0x56a0,0x56a0,0x56a0,0x56a0,0x56a0,0x56a0,
		0x56a0,0x56a0,0x56a0,0x56a0,0x56a0,0x56a0,0x56a0,0x56a0,0x56a0,0x56a0,0x56a0,0x56a0,0x56a0,0x56a0,0x56a0,0x56a0,
		0x56a0,0x56a0,0x56a0,0x56a0,0x56a0,0x56a0,0x56a0,0x56a0,0x56a0,0x56a0,0x56a0,0x56a0,0x56a0,0x56a0,0x56a0,0x56a0,
		0x56a0,0x56a0,0x56a0,0x56a0,0x56a0,0x56a0,0x56a0,0x56a0,0x56a0,0x56a0,0x56a0,0x56a0,0x56a0,0x56a0,0x56a0,0x56a0,
		0x56a0,0x56a0,0x56a0,0x56a0,0x56a0,0x56a0,0x56a0,0x56a0,0x56a0,0x56a0,0x56a0,0x56a0,0x56a0,0x56a0,0x56a0,0x56a0,
		0x56a0,0x56a0,0x56a0,0x56a0,0x56a0,0x56a0,0x56a0,0x56a0,0x56a0,0x56a0,0x56a0,0x56a0,0x56a0,0x56a0,0x56a0,0x56a0,
		0x56a0,0x56a0,0x56a0,0x56a0,0x56a0,0x56a0,0x56a0,0x56a0,0x56a0,0x56a0,0x56a0,0x56a0,0x56a0,0x56a0,0x56a0,0x56a0,
		0x56a0,0x56a0,0x56a0,0x56a0,0x56a0,0x56a0,0x56a0,0x56a0,0x56a0,0x56a0,0x56a0,0x56a0,0x56a0,0x56a0,0x56a0,0x56a0,
		0x56a0,0x56a0,0x56a0,0x56a0,0x56a0,0x56a0,0x56a0,0x56a0,0x56a0,0x56a0,0x56a0,0x56a0,0x56a0,0x56a0,0x56a0,0x56a0,
		0x56a0,0x56a0,0x56a0,0x56a0,0x56a0,0x56a0,0x56a0,0x56a0,0x56a0,0x56a0,0x56a0,0x56a0,0x56a0,0x56a0,0x56a0,0x56a0,
		0x56a0,0x56a0,0x56a0,0x56a0,0x56a0,0x56a0,0x56a0,0x56a0,0x56a0,0x56a0,0x56a0,0x56a0,0x56a0,0x56a0,0x56a0,0x56a0,
		0x56a0,0x56a0,0x56a0,0x56a0,0x56a0,0x56a0,0x56a0,0x56a0,0x56a0,0x56a0,0x56a0,0x56a0,0x56a0,0x56a0,0x56a0,0x56a0,
		0x56a0,0x56a0,0x56a0,0x56a0,0x56a0,0x56a0,0x56a0,0x56a0,0x56a0,0x56a0,0x56a0,0x56a0,0x6600,0xf820,0xf800,0xf800,
		0xf800,0xf800,0xf800,0xfedb,0xffff,0xffff,0xffff,0xffff,0xffff,0xffff,0xffff,0xffff,0xffff,0xffff,0xffff,0xffff,
		0xffff,0xffff,0xffff,0xffff,0xffff,0xffff,0xffff,0xffff,0xffff,0xffff,0xffff,0xffff,0xffff,0xffff,0xffff,0xfe59,
		0xf800,0xf800,0xf800,0xf800,0xf800,0xf800,0xa800,0x0000,0xa514,0xffff,0xffff,0xffff,0xffff,0xffff,0xffff,0xffff,
		0xffff,0xffff,0xffff,0xffff,0xffff,0xffff,0xffff,0xffff,0xffff,0xffff,0xffff,0xffff,0xffff,0xffff,0xffff,0xffff,
		0xffff,0xffff,0xffff,0xf986,0xf800,0xf800,0xf800,0xf800,0xf800,0x6000,0x0000,0x22e0,0x56a0,0x56a0,0x56a0,0x56a0,
		0x56a0,0x56a0,0x56a0,0x56a0,0x56a0,0x56a0,0x56a0,0x56a0,0x56a0,0x56a0,0x56a0,0x56a0,0x56a0,0x56a0,0x56a0,0x56a0,
		0x56a0,0x56a0,0x56a0,0x56a0,0x56a0,0x56a0,0x56a0,0x56a0,0x56a0,0x56a0,0x56a0,0x56a0,0x56a0,0x56a0,0x56a0,0x56a0,
		0x56a0,0x56a0,0x56a0,0x56a0,0x56a0,0x56a0,0x56a0,0x56a0,0x56a0,0x56a0,0x56a0,0x56a0,0x56a0,0x56a0,0x56a0,0x56a0,
		0x56a0,0x56a0,0x56a0,0x56a0,0x56a0,0x56a0,0x56a0,0x56a0,0x56a0,0x56a0,0x56a0,0x56a0,0x56a0,0x56a0,0x56a0,0x56a0,
		0x56a0,0x56a0,0x56a0,0x56a0,0x56a0,0x56a0,0x56a0,0x56a0,0x56a0,0x56a0,0x56a0,0x56a0,0x56a0,0x56a0,0x56a0,0x56a0,
		0x56a0,0x56a0,0x56a0,0x56a0,0x56a0,0x56a0,0x56a0,0x56a0,0x56a0,0x56a0,0x56a0,0x56a0,0x56a0,0x56a0,0x56a0,0x56a0,
		0x56a0,0x56a0,0x56a0,0x56a0,0x56a0,0x56a0,0x56a0,0x56a0,0x56a0,0x56a0,0x56a0,0x56a0,0x56a0,0x56a0,0x56a0,0x56a0,
		0x56a0,0x56a0,0x56a0,0x56a0,0x56a0,0x56a0,0x56a0,0x56a0,0x56a0,0x56a0,0x56a0,0x56a0,0x56a0,0x56a0,0x56a0,0x56a0,
		0x56a0,0x56a0,0x56a0,0x56a0,0x56a0,0x56a0,0x56a0,0x56a0,0x56a0,0x56a0,0x56a0,0x56a0,0x56a0,0x56a0,0x56a0,0x56a0,
		0x56a0,0x56a0,0x56a0,0x56a0,0x56a0,0x56a0,0x56a0,0x56a0,0x56a0,0x56a0,0x56a0,0x56a0,0x56a0,0x56a0,0x56a0,0x56a0,
		0x56a0,0x56a0,0x56a0,0x56a0,0x56a0,0x56a0,0x56a0,0x56a0,0x56a0,0x56a0,0x56a0,0x56a0,0x56a0,0x56a0,0x56a0,0x56a0,
		0x56a0,0x56a0,0x56a0,0x56a0,0x56a0,0x56a0,0x56a0,0x56a0,0x56a0,0x56a0,0x56a0,0x56a0,0x56a0,0x56a0,0x56a0,0x56a0,
		0x56a0,0x56a0,0x56a0,0x56a0,0x56a0,0x56a0,0x56a0,0x56a0,0x56a0,0x56a0,0x56a0,0x56a0,0x56a0,0x56a0,0x56a0,0x56a0,
		0x56a0,0x56a0,0x56a0,0x56a0,0x56a0,0x56a0,0x56a0,0x56a0,0x56a0,0x56a0,0x56a0,0x56a0,0x56a0,0x56a0,0x56a0,0x56a0,
		0x56a0,0x56a0,0x56a0,0x56a0,0x56a0,0x56a0,0x56a0,0x56a0,0x56a0,0x56a0,0x56a0,0x56a0,0x8c80,0xf800,0xf800,0xf800,
		0xf800,0xf800,0xf945,0xffff,0xffff,0xffff,0xffff,0xffff,0xffff,0xffff,0xffff,0xffff,0xffff,0xffff,0xffff,0xffff,
		0xffff,0xffff,0xffff,0xffff,0xffff,0xffff,0xffff,0xffff,0xffff,0xffff,0xffff,0xffff,0xffff,0xffff,0xffff,0xfe9a,
		0xf800,0xf800,0xf800,0xf800,0xf800,0xf800,0xb800,0x0000,0x8c71,0xffff,0xffff,0xffff,0xffff,0xffff,0xffff,0xffff,
		0xffff,0xffff,0xffff,0xffff,0xffff,0xffff,0xffff,0xffff,0xffff,0xffff,0xffff,0xffff,0xffff,0xffff,0xffff,0xffff,
		0xffff,0xffff,0xffff,0xfbef,0xf800,0xf800,0xf800,0xf800,0xf800,0xa000,0x0000,0x08e0,0x56a0,0x56a0,0x56a0,0x56a0,
		0x56a0,0x56a0,0x56a0,0x56a0,0x56a0,0x56a0,0x56a0,0x56a0,0x56a0,0x56a0,0x56a0,0x56a0,0x56a0,0x56a0,0x56a0,0x56a0,
		0x56a0,0x56a0,0x56a0,0x56a0,0x56a0,0x56a0,0x56a0,0x56a0,0x56a0,0x56a0,0x56a0,0x56a0,0x56a0,0x56a0,0x56a0,0x56a0,
		0x56a0,0x56a0,0x56a0,0x56a0,0x56a0,0x56a0,0x56a0,0x56a0,0x56a0,0x56a0,0x56a0,0x56a0,0x56a0,0x56a0,0x56a0,0x56a0,
		0x56a0,0x56a0,0x56a0,0x56a0,0x56a0,0x56a0,0x56a0,0x56a0,0x56a0,0x56a0,0x56a0,0x56a0,0x56a0,0x56a0,0x56a0,0x56a0,
		0x56a0,0x56a0,0x56a0,0x56a0,0x56a0,0x56a0,0x56a0,0x56a0,0x56a0,0x56a0,0x56a0,0x56a0,0x56a0,0x56a0,0x56a0,0x56a0,
		0x56a0,0x56a0,0x56a0,0x56a0,0x56a0,0x56a0,0x56a0,0x56a0,0x56a0,0x56a0,0x56a0,0x56a0,0x56a0,0x56a0,0x56a0,0x56a0,
		0x56a0,0x56a0,0x56a0,0x56a0,0x56a0,0x56a0,0x56a0,0x56a0,0x56a0,0x56a0,0x56a0,0x56a0,0x56a0,0x56a0,0x56a0,0x56a0,
		0x56a0,0x56a0,0x56a0,0x56a0,0x56a0,0x56a0,0x56a0,0x56a0,0x56a0,0x56a0,0x56a0,0x56a0,0x56a0,0x56a0,0x56a0,0x56a0,
		0x56a0,0x56a0,0x56a0,0x56a0,0x56a0,0x56a0,0x56a0,0x56a0,0x56a0,0x56a0,0x56a0,0x56a0,0x56a0,0x56a0,0x56a0,0x56a0,
		0x56a0,0x56a0,0x56a0,0x56a0,0x56a0,0x56a0,0x56a0,0x56a0,0x56a0,0x56a0,0x56a0,0x56a0,0x56a0,0x56a0,0x56a0,0x56a0,
		0x56a0,0x56a0,0x56a0,0x56a0,0x56a0,0x56a0,0x56a0,0x56a0,0x56a0,0x56a0,0x56a0,0x56a0,0x56a0,0x56a0,0x56a0,0x56a0,
		0x56a0,0x56a0,0x56a0,0x56a0,0x56a0,0x56a0,0x56a0,0x56a0,0x56a0,0x56a0,0x56a0,0x56a0,0x56a0,0x56a0,0x56a0,0x56a0,
		0x56a0,0x56a0,0x56a0,0x56a0,0x56a0,0x56a0,0x56a0,0x56a0,0x56a0,0x56a0,0x56a0,0x56a0,0x56a0,0x56a0,0x56a0,0x56a0,
		0x56a0,0x56a0,0x56a0,0x56a0,0x56a0,0x56a0,0x56a0,0x56a0,0x56a0,0x56a0,0x56a0,0x56a0,0x56a0,0x56a0,0x56a0,0x56a0,
		0x56a0,0x56a0,0x56a0,0x56a0,0x56a0,0x56a0,0x56a0,0x56a0,0x56a0,0x56a0,0x56a0,0x56a0,0xb300,0xf800,0xf800,0xf800,
		0xf800,0xf800,0xfb6d,0xffff,0xffff,0xffff,0xffff,0xffff,0xffff,0xffff,0xffff,0xffff,0xffff,0xffff,0xffff,0xffff,
		0xffff,0xffff,0xffff,0xffff,0xffff,0xffff,0xffff,0xffff,0xffff,0xffff,0xffff,0xffff,0xffff,0xffff,0xffff,0xff5d,
		0xf800,0xf800,0xf800,0xf800,0xf800,0xf800,0xc800,0x0000,0x8410,0xffff,0xffff,0xffff,0xffff,0xffff,0xffff,0xffff,
		0xffff,0xffff,0xffff,0xffff,0xffff,0xffff,0xffff,0xffff,0xffff,0xffff,0xffff,0xffff,0xffff,0xffff,0xffff,0xffff,
		0xffff,0xffff,0xffff,0xfe38,0xf800,0xf800,0xf800,0xf800,0xf800,0xd800,0x0000,0x0000,0x4da0,0x56a0,0x56a0,0x56a0,
		0x56a0,0x56a0,0x56a0,0x56a0,0x56a0,0x56a0,0x56a0,0x56a0,0x56a0,0x56a0,0x56a0,0x56a0,0x56a0,0x56a0,0x56a0,0x56a0,
		0x56a0,0x56a0,0x56a0,0x56a0,0x56a0,0x56a0,0x56a0,0x56a0,0x56a0,0x56a0,0x56a0,0x56a0,0x56a0,0x56a0,0x56a0,0x56a0,
		0x56a0,0x56a0,0x56a0,0x56a0,0x56a0,0x56a0,0x56a0,0x56a0,0x56a0,0x56a0,0x56a0,0x56a0,0x56a0,0x56a0,0x56a0,0x56a0,
		0x56a0,0x56a0,0x56a0,0x56a0,0x56a0,0x56a0,0x56a0,0x56a0,0x56a0,0x56a0,0x56a0,0x56a0,0x56a0,0x56a0,0x56a0,0x56a0,
		0x56a0,0x56a0,0x56a0,0x56a0,0x56a0,0x56a0,0x56a0,0x56a0,0x56a0,0x56a0,0x56a0,0x56a0,0x56a0,0x56a0,0x56a0,0x56a0,
		0x56a0,0x56a0,0x56a0,0x56a0,0x56a0,0x56a0,0x56a0,0x56a0,0x56a0,0x56a0,0x56a0,0x56a0,0x56a0,0x56a0,0x56a0,0x56a0,
		0x56a0,0x56a0,0x56a0,0x56a0,0x56a0,0x56a0,0x56a0,0x56a0,0x56a0,0x56a0,0x56a0,0x56a0,0x56a0,0x56a0,0x56a0,0x56a0,
		0x56a0,0x56a0,0x56a0,0x56a0,0x56a0,0x56a0,0x56a0,0x56a0,0x56a0,0x56a0,0x56a0,0x56a0,0x56a0,0x56a0,0x56a0,0x56a0,
		0x56a0,0x56a0,0x56a0,0x56a0,0x56a0,0x56a0,0x56a0,0x56a0,0x56a0,0x56a0,0x56a0,0x56a0,0x56a0,0x56a0,0x56a0,0x56a0,
		0x56a0,0x56a0,0x56a0,0x56a0,0x56a0,0x56a0,0x56a0,0x56a0,0x56a0,0x56a0,0x56a0,0x56a0,0x56a0,0x56a0,0x56a0,0x56a0,
		0x56a0,0x56a0,0x56a0,0x56a0,0x56a0,0x56a0,0x56a0,0x56a0,0x56a0,0x56a0,0x56a0,0x56a0,0x56a0,0x56a0,0x56a0,0x56a0,
		0x56a0,0x56a0,0x56a0,0x56a0,0x56a0,0x56a0,0x56a0,0x56a0,0x56a0,0x56a0,0x56a0,0x56a0,0x56a0,0x56a0,0x56a0,0x56a0,
		0x56a0,0x56a0,0x56a0,0x56a0,0x56a0,0x56a0,0x56a0,0x56a0,0x56a0,0x56a0,0x56a0,0x56a0,0x56a0,0x56a0,0x56a0,0x56a0,
		0x56a0,0x56a0,0x56a0,0x56a0,0x56a0,0x56a0,0x56a0,0x56a0,0x56a0,0x56a0,0x56a0,0x56a0,0x56a0,0x56a0,0x56a0,0x56a0,
		0x56a0,0x56a0,0x56a0,0x56a0,0x56a0,0x56a0,0x56a0,0x56a0,0x56a0,0x56a0,0x56a0,0x56a0,0xd1a0,0xf800,0xf800,0xf800,
		0xf800,0xf800,0xfd75,0xffff,0xffff,0xffff,0xffff,0xffff,0xffff,0xffff,0xffff,0xffff,0xffff,0xffff,0xffff,0xffff,
		0xffff,0xffff,0xffff,0xffff,0xffff,0xffff,0xffff,0xffff,0xffff,0xffff,0xffff,0xffff,0xffff,0xffff,0xffff,0xffbe,
		0xf800,0xf800,0xf800,0xf800,0xf800,0xf800,0xd800,0x0000,0x7bcf,0xffff,0xffff,0xffff,0xffff,0xffff,0xffff,0xffff,
		0xffff,0xffff,0xffff,0xffff,0xffff,0xffff,0xffff,0xffff,0xffff,0xffff,0xffff,0xffff,0xffff,0xffff,0xffff,0xffff,
		0xffff,0xffff,0xffff,0xffdf,0xf841,0xf800,0xf800,0xf800,0xf800,0xf800,0x1800,0x0000,0x3400,0x56a0,0x56a0,0x56a0,
		0x56a0,0x56a0,0x56a0,0x56a0,0x56a0,0x56a0,0x56a0,0x56a0,0x56a0,0x56a0,0x56a0,0x56a0,0x56a0,0x56a0,0x56a0,0x56a0,
		0x56a0,0x56a0,0x56a0,0x56a0,0x56a0,0x56a0,0x56a0,0x56a0,0x56a0,0x56a0,0x56a0,0x56a0,0x56a0,0x56a0,0x56a0,0x56a0,
		0x56a0,0x56a0,0x56a0,0x56a0,0x56a0,0x56a0,0x56a0,0x56a0,0x56a0,0x56a0,0x56a0,0x56a0,0x56a0,0x56a0,0x56a0,0x56a0,
		0x56a0,0x56a0,0x56a0,0x56a0,0x56a0,0x56a0,0x56a0,0x56a0,0x56a0,0x56a0,0x56a0,0x56a0,0x56a0,0x56a0,0x56a0,0x56a0,
		0x56a0,0x56a0,0x56a0,0x56a0,0x56a0,0x56a0,0x56a0,0x56a0,0x56a0,0x56a0,0x56a0,0x56a0,0x56a0,0x56a0,0x56a0,0x56a0,
		0x56a0,0x56a0,0x56a0,0x56a0,0x56a0,0x56a0,0x56a0,0x56a0,0x56a0,0x56a0,0x56a0,0x56a0,0x56a0,0x56a0,0x56a0,0x56a0,
		0x56a0,0x56a0,0x56a0,0x56a0,0x56a0,0x56a0,0x56a0,0x56a0,0x56a0,0x56a0,0x56a0,0x56a0,0x56a0,0x56a0,0x56a0,0x56a0,
		0x56a0,0x56a0,0x56a0,0x56a0,0x56a0,0x56a0,0x56a0,0x56a0,0x56a0,0x56a0,0x56a0,0x56a0,0x56a0,0x56a0,0x56a0,0x56a0,
		0x56a0,0x56a0,0x56a0,0x56a0,0x56a0,0x56a0,0x56a0,0x56a0,0x56a0,0x56a0,0x56a0,0x56a0,0x56a0,0x56a0,0x56a0,0x56a0,
		0x56a0,0x56a0,0x56a0,0x56a0,0x56a0,0x56a0,0x56a0,0x56a0,0x56a0,0x56a0,0x56a0,0x56a0,0x56a0,0x56a0,0x56a0,0x56a0,
		0x56a0,0x56a0,0x56a0,0x56a0,0x56a0,0x56a0,0x56a0,0x56a0,0x56a0,0x56a0,0x56a0,0x56a0,0x56a0,0x56a0,0x56a0,0x56a0,
		0x56a0,0x56a0,0x56a0,0x56a0,0x56a0,0x56a0,0x56a0,0x56a0,0x56a0,0x56a0,0x56a0,0x56a0,0x56a0,0x56a0,0x56a0,0x56a0,
		0x56a0,0x56a0,0x56a0,0x56a0,0x56a0,0x56a0,0x56a0,0x56a0,0x56a0,0x56a0,0x56a0,0x56a0,0x56a0,0x56a0,0x56a0,0x56a0,
		0x56a0,0x56a0,0x56a0,0x56a0,0x56a0,0x56a0,0x56a0,0x56a0,0x56a0,0x56a0,0x56a0,0x56a0,0x56a0,0x56a0,0x56a0,0x56a0,
		0x56a0,0x56a0,0x56a0,0x56a0,0x56a0,0x56a0,0x56a0,0x56a0,0x56a0,0x56a0,0x56a0,0x5680,0xf080,0xf800,0xf800,0xf800,
		0xf800,0xf800,0xff1c,0xffff,0xffff,0xffff,0xffff,0xffff,0xffff,0xffff,0xffff,0xffff,0xffff,0xffff,0xffff,0xffff,
		0xffff,0xffff,0xffff,0xffff,0xffff,0xffff,0xffff,0xffff,0xffff,0xffff,0xffff,0xffff,0xffff,0xffff,0xffff,0xffff,
		0xf882,0xf800,0xf800,0xf800,0xf800,0xf800,0xe800,0x0000,0x632c,0xffff,0xffff,0xffff,0xffff,0xffff,0xffff,0xffff,
		0xffff,0xffff,0xffff,0xffff,0xffff,0xffff,0xffff,0xffff,0xffff,0xffff,0xffff,0xffff,0xffff,0xffff,0xffff,0xffff,
		0xffff,0xffff,0xffff,0xffff,0xf9c7,0xf800,0xf800,0xf800,0xf800,0xf800,0x4000,0x0000,0x22a0,0x56a0,0x56a0,0x56a0,
		0x56a0,0x56a0,0x56a0,0x56a0,0x56a0,0x56a0,0x56a0,0x56a0,0x56a0,0x56a0,0x56a0,0x56a0,0x56a0,0x56a0,0x56a0,0x56a0,
		0x56a0,0x56a0,0x56a0,0x56a0,0x56a0,0x56a0,0x56a0,0x56a0,0x56a0,0x56a0,0x56a0,0x56a0,0x56a0,0x56a0,0x56a0,0x56a0,
		0x56a0,0x56a0,0x56a0,0x56a0,0x56a0,0x56a0,0x56a0,0x56a0,0x56a0,0x56a0,0x56a0,0x56a0,0x56a0,0x56a0,0x56a0,0x56a0,
		0x56a0,0x56a0,0x56a0,0x56a0,0x56a0,0x56a0,0x56a0,0x56a0,0x56a0,0x56a0,0x56a0,0x56a0,0x56a0,0x56a0,0x56a0,0x56a0,
		0x56a0,0x56a0,0x56a0,0x56a0,0x56a0,0x56a0,0x56a0,0x56a0,0x56a0,0x56a0,0x56a0,0x56a0,0x56a0,0x56a0,0x56a0,0x56a0,
		0x56a0,0x56a0,0x56a0,0x56a0,0x56a0,0x56a0,0x56a0,0x56a0,0x56a0,0x56a0,0x56a0,0x56a0,0x56a0,0x56a0,0x56a0,0x56a0,
		0x56a0,0x56a0,0x56a0,0x56a0,0x56a0,0x56a0,0x56a0,0x56a0,0x56a0,0x56a0,0x56a0,0x56a0,0x56a0,0x56a0,0x56a0,0x56a0,
		0x56a0,0x56a0,0x56a0,0x56a0,0x56a0,0x56a0,0x56a0,0x56a0,0x56a0,0x56a0,0x56a0,0x56a0,0x56a0,0x56a0,0x56a0,0x56a0,
		0x56a0,0x56a0,0x56a0,0x56a0,0x56a0,0x56a0,0x56a0,0x56a0,0x56a0,0x56a0,0x56a0,0x56a0,0x56a0,0x56a0,0x56a0,0x56a0,
		0x56a0,0x56a0,0x56a0,0x56a0,0x56a0,0x56a0,0x56a0,0x56a0,0x56a0,0x56a0,0x56a0,0x56a0,0x56a0,0x56a0,0x56a0,0x56a0,
		0x56a0,0x56a0,0x56a0,0x56a0,0x56a0,0x56a0,0x56a0,0x56a0,0x56a0,0x56a0,0x56a0,0x56a0,0x56a0,0x56a0,0x56a0,0x56a0,
		0x56a0,0x56a0,0x56a0,0x56a0,0x56a0,0x56a0,0x56a0,0x56a0,0x56a0,0x56a0,0x56a0,0x56a0,0x56a0,0x56a0,0x56a0,0x56a0,
		0x56a0,0x56a0,0x56a0,0x56a0,0x56a0,0x56a0,0x56a0,0x56a0,0x56a0,0x56a0,0x56a0,0x56a0,0x56a0,0x56a0,0x56a0,0x56a0,
		0x56a0,0x56a0,0x56a0,0x56a0,0x56a0,0x56a0,0x56a0,0x56a0,0x56a0,0x56a0,0x56a0,0x56a0,0x56a0,0x56a0,0x56a0,0x56a0,
		0x56a0,0x56a0,0x56a0,0x56a0,0x56a0,0x56a0,0x56a0,0x56a0,0x56a0,0x56a0,0x56a0,0x5e40,0xf800,0xf800,0xf800,0xf800,
		0xf800,0xf8a2,0xffdf,0xffff,0xffff,0xffff,0xffff,0xffff,0xffff,0xffff,0xffff,0xffff,0xffff,0xffff,0xffff,0xffff,
		0xffff,0xffff,0xffff,0xffff,0xffff,0xffff,0xffff,0xffff,0xffff,0xffff,0xffff,0xffff,0xffff,0xffff,0xffff,0xffff,
		0xf904,0xf800,0xf800,0xf800,0xf800,0xf800,0xf800,0x0000,0x52aa,0xffff,0xffff,0xffff,0xffff,0xffff,0xffff,0xffff,
		0xffff,0xffff,0xffff,0xffff,0xffff,0xffff,0xffff,0xffff,0xffff,0xffff,0xffff,0xffff,0xffff,0xffff,0xffff,0xffff,
		0xffff,0xffff,0xffff,0xffff,0xfb2c,0xf800,0xf800,0xf800,0xf800,0xf800,0x6800,0x0000,0x1140,0x56a0,0x56a0,0x56a0,
		0x56a0,0x56a0,0x56a0,0x56a0,0x56a0,0x56a0,0x56a0,0x56a0,0x56a0,0x56a0,0x56a0,0x56a0,0x56a0,0x56a0,0x56a0,0x56a0,
		0x56a0,0x56a0,0x56a0,0x56a0,0x56a0,0x56a0,0x56a0,0x56a0,0x56a0,0x56a0,0x56a0,0x56a0,0x56a0,0x56a0,0x56a0,0x56a0,
		0x56a0,0x56a0,0x56a0,0x56a0,0x56a0,0x56a0,0x56a0,0x56a0,0x56a0,0x56a0,0x56a0,0x56a0,0x56a0,0x56a0,0x56a0,0x56a0,
		0x56a0,0x56a0,0x56a0,0x56a0,0x56a0,0x56a0,0x56a0,0x56a0,0x56a0,0x56a0,0x56a0,0x56a0,0x56a0,0x56a0,0x56a0,0x56a0,
		0x56a0,0x56a0,0x56a0,0x56a0,0x56a0,0x56a0,0x56a0,0x56a0,0x56a0,0x56a0,0x56a0,0x56a0,0x56a0,0x56a0,0x56a0,0x56a0,
		0x56a0,0x56a0,0x56a0,0x56a0,0x56a0,0x56a0,0x56a0,0x56a0,0x56a0,0x56a0,0x56a0,0x56a0,0x56a0,0x56a0,0x56a0,0x56a0,
		0x56a0,0x56a0,0x56a0,0x56a0,0x56a0,0x56a0,0x56a0,0x56a0,0x56a0,0x56a0,0x56a0,0x56a0,0x56a0,0x56a0,0x56a0,0x56a0,
		0x56a0,0x56a0,0x56a0,0x56a0,0x56a0,0x56a0,0x56a0,0x56a0,0x56a0,0x56a0,0x56a0,0x56a0,0x56a0,0x56a0,0x56a0,0x56a0,
		0x56a0,0x56a0,0x56a0,0x56a0,0x56a0,0x56a0,0x56a0,0x56a0,0x56a0,0x56a0,0x56a0,0x56a0,0x56a0,0x56a0,0x56a0,0x56a0,
		0x56a0,0x56a0,0x56a0,0x56a0,0x56a0,0x56a0,0x56a0,0x56a0,0x56a0,0x56a0,0x56a0,0x56a0,0x56a0,0x56a0,0x56a0,0x56a0,
		0x56a0,0x56a0,0x56a0,0x56a0,0x56a0,0x56a0,0x56a0,0x56a0,0x56a0,0x56a0,0x56a0,0x56a0,0x56a0,0x56a0,0x56a0,0x56a0,
		0x56a0,0x56a0,0x56a0,0x56a0,0x56a0,0x56a0,0x56a0,0x56a0,0x56a0,0x56a0,0x56a0,0x56a0,0x56a0,0x56a0,0x56a0,0x56a0,
		0x56a0,0x56a0,0x56a0,0x56a0,0x56a0,0x56a0,0x56a0,0x56a0,0x56a0,0x56a0,0x56a0,0x56a0,0x56a0,0x56a0,0x56a0,0x56a0,
		0x56a0,0x56a0,0x56a0,0x56a0,0x56a0,0x56a0,0x56a0,0x56a0,0x56a0,0x56a0,0x56a0,0x56a0,0x56a0,0x56a0,0x56a0,0x56a0,
		0x56a0,0x56a0,0x56a0,0x56a0,0x56a0,0x56a0,0x56a0,0x56a0,0x56a0,0x56a0,0x56a0,0x65e0,0xf800,0xf800,0xf800,0xf800,
		0xf800,0xf9a6,0xffff,0xffff,0xffff,0xffff,0xffff,0xffff,0xffff,0xffff,0xffff,0xffff,0xffff,0xffff,0xffff,0xffff,
		0xffff,0xffff,0xffff,0xffff,0xffff,0xffff,0xffff,0xffff,0xffff,0xffff,0xffff,0xffff,0xffff,0xffff,0xffff,0xffff,
		0xf9a6,0xf800,0xf800,0xf800,0xf800,0xf800,0xf800,0x1000,0x4a49,0xffff,0xffff,0xffff,0xffff,0xffff,0xffff,0xffff,
		0xffff,0xffff,0xffff,0xffff,0xffff,0xffff,0xffff,0xffff,0xffff,0xffff,0xffff,0xffff,0xffff,0xffff,0xffff,0xffff,
		0xffff,0xffff,0xffff,0xffff,0xfc71,0xf800,0xf800,0xf800,0xf800,0xf800,0x8800,0x0000,0x0060,0x5680,0x56a0,0x56a0,
		0x56a0,0x56a0,0x56a0,0x56a0,0x56a0,0x56a0,0x56a0,0x56a0,0x56a0,0x56a0,0x56a0,0x56a0,0x56a0,0x56a0,0x56a0,0x56a0,
		0x56a0,0x56a0,0x56a0,0x56a0,0x56a0,0x56a0,0x56a0,0x56a0,0x56a0,0x56a0,0x56a0,0x56a0,0x56a0,0x56a0,0x56a0,0x56a0,
		0x56a0,0x56a0,0x56a0,0x56a0,0x56a0,0x56a0,0x56a0,0x56a0,0x56a0,0x56a0,0x56a0,0x56a0,0x56a0,0x56a0,0x56a0,0x56a0,
		0x56a0,0x56a0,0x56a0,0x56a0,0x56a0,0x56a0,0x56a0,0x56a0,0x56a0,0x56a0,0x56a0,0x56a0,0x56a0,0x56a0,0x56a0,0x56a0,
		0x56a0,0x56a0,0x56a0,0x56a0,0x56a0,0x56a0,0x56a0,0x56a0,0x56a0,0x56a0,0x56a0,0x56a0,0x56a0,0x56a0,0x56a0,0x56a0,
		0x56a0,0x56a0,0x56a0,0x56a0,0x56a0,0x56a0,0x56a0,0x56a0,0x56a0,0x56a0,0x56a0,0x56a0,0x56a0,0x56a0,0x56a0,0x56a0,
		0x56a0,0x56a0,0x56a0,0x56a0,0x56a0,0x56a0,0x56a0,0x56a0,0x56a0,0x56a0,0x56a0,0x56a0,0x56a0,0x56a0,0x56a0,0x56a0,
		0x56a0,0x56a0,0x56a0,0x56a0,0x56a0,0x56a0,0x56a0,0x56a0,0x56a0,0x56a0,0x56a0,0x56a0,0x56a0,0x56a0,0x56a0,0x56a0,
		0x56a0,0x56a0,0x56a0,0x56a0,0x56a0,0x56a0,0x56a0,0x56a0,0x56a0,0x56a0,0x56a0,0x56a0,0x56a0,0x56a0,0x56a0,0x56a0,
		0x56a0,0x56a0,0x56a0,0x56a0,0x56a0,0x56a0,0x56a0,0x56a0,0x56a0,0x56a0,0x56a0,0x56a0,0x56a0,0x56a0,0x56a0,0x56a0,
		0x56a0,0x56a0,0x56a0,0x56a0,0x56a0,0x56a0,0x56a0,0x56a0,0x56a0,0x56a0,0x56a0,0x56a0,0x56a0,0x56a0,0x56a0,0x56a0,
		0x56a0,0x56a0,0x56a0,0x56a0,0x56a0,0x56a0,0x56a0,0x56a0,0x56a0,0x56a0,0x56a0,0x56a0,0x56a0,0x56a0,0x56a0,0x56a0,
		0x56a0,0x56a0,0x56a0,0x56a0,0x56a0,0x56a0,0x56a0,0x56a0,0x56a0,0x56a0,0x56a0,0x56a0,0x56a0,0x56a0,0x56a0,0x56a0,
		0x56a0,0x56a0,0x56a0,0x56a0,0x56a0,0x56a0,0x56a0,0x56a0,0x56a0,0x56a0,0x56a0,0x56a0,0x56a0,0x56a0,0x56a0,0x56a0,
		0x56a0,0x56a0,0x56a0,0x56a0,0x56a0,0x56a0,0x56a0,0x56a0,0x56a0,0x56a0,0x56a0,0x7580,0xf800,0xf800,0xf800,0xf800,
		0xf800,0xfaaa,0xffff,0xffff,0xffff,0xffff,0xffff,0xffff,0xffff,0xffff,0xffff,0xffff,0xffff,0xffff,0xffff,0xffff,
		0xffff,0xffff,0xffff,0xffff,0xffff,0xffff,0xffff,0xffff,0xffff,0xffff,0xffff,0xffff,0xffff,0xffff,0xffff,0xffff,
		0xfa49,0xf800,0xf800,0xf800,0xf800,0xf800,0xf800,0x2000,0x3186,0xffff,0xffff,0xffff,0xffff,0xffff,0xffff,0xffff,
		0xffff,0xffff,0xffff,0xffff,0xffff,0xffff,0xffff,0xffff,0xffff,0xffff,0xffff,0xffff,0xffff,0xffff,0xffff,0xffff,
		0xffff,0xffff,0xffff,0xffff,0xfd55,0xf800,0xf800,0xf800,0xf800,0xf800,0xa000,0x0000,0x0000,0x5640,0x56a0,0x56a0,
		0x56a0,0x56a0,0x56a0,0x56a0,0x56a0,0x56a0,0x56a0,0x56a0,0x56a0,0x56a0,0x56a0,0x56a0,0x56a0,0x56a0,0x56a0,0x56a0,
		0x56a0,0x56a0,0x56a0,0x56a0,0x56a0,0x56a0,0x56a0,0x56a0,0x56a0,0x56a0,0x56a0,0x56a0,0x56a0,0x56a0,0x56a0,0x56a0,
		0x56a0,0x56a0,0x56a0,0x56a0,0x56a0,0x56a0,0x56a0,0x56a0,0x56a0,0x56a0,0x56a0,0x56a0,0x56a0,0x56a0,0x56a0,0x56a0,
		0x56a0,0x56a0,0x56a0,0x56a0,0x56a0,0x56a0,0x56a0,0x56a0,0x56a0,0x56a0,0x56a0,0x56a0,0x56a0,0x56a0,0x56a0,0x56a0,
		0x56a0,0x56a0,0x56a0,0x56a0,0x56a0,0x56a0,0x56a0,0x56a0,0x56a0,0x56a0,0x56a0,0x56a0,0x56a0,0x56a0,0x56a0,0x56a0,
		0x56a0,0x56a0,0x56a0,0x56a0,0x56a0,0x56a0,0x56a0,0x56a0,0x56a0,0x56a0,0x56a0,0x56a0,0x56a0,0x56a0,0x56a0,0x56a0,
		0x56a0,0x56a0,0x56a0,0x56a0,0x56a0,0x56a0,0x56a0,0x56a0,0x56a0,0x56a0,0x56a0,0x56a0,0x56a0,0x56a0,0x56a0,0x56a0,
		0x56a0,0x56a0,0x56a0,0x56a0,0x56a0,0x56a0,0x56a0,0x56a0,0x56a0,0x56a0,0x56a0,0x56a0,0x56a0,0x56a0,0x56a0,0x56a0,
		0x56a0,0x56a0,0x56a0,0x56a0,0x56a0,0x56a0,0x56a0,0x56a0,0x56a0,0x56a0,0x56a0,0x56a0,0x56a0,0x56a0,0x56a0,0x56a0,
		0x56a0,0x56a0,0x56a0,0x56a0,0x56a0,0x56a0,0x56a0,0x56a0,0x56a0,0x56a0,0x56a0,0x56a0,0x56a0,0x56a0,0x56a0,0x56a0,
		0x56a0,0x56a0,0x56a0,0x56a0,0x56a0,0x56a0,0x56a0,0x56a0,0x56a0,0x56a0,0x56a0,0x56a0,0x56a0,0x56a0,0x56a0,0x56a0,
		0x56a0,0x56a0,0x56a0,0x56a0,0x56a0,0x56a0,0x56a0,0x56a0,0x56a0,0x56a0,0x56a0,0x56a0,0x56a0,0x56a0,0x56a0,0x56a0,
		0x56a0,0x56a0,0x56a0,0x56a0,0x56a0,0x56a0,0x56a0,0x56a0,0x56a0,0x56a0,0x56a0,0x56a0,0x56a0,0x56a0,0x56a0,0x56a0,
		0x56a0,0x56a0,0x56a0,0x56a0,0x56a0,0x56a0,0x56a0,0x56a0,0x56a0,0x56a0,0x56a0,0x56a0,0x56a0,0x56a0,0x56a0,0x56a0,
		0x56a0,0x56a0,0x56a0,0x56a0,0x56a0,0x56a0,0x56a0,0x56a0,0x56a0,0x56a0,0x56a0,0x84a0,0xf800,0xf800,0xf800,0xf800,
		0xf800,0xfb4d,0xffff,0xffff,0xffff,0xffff,0xffff,0xffff,0xffff,0xffff,0xffff,0xffff,0xffff,0xffff,0xffff,0xffff,
		0xffff,0xffff,0xffff,0xffff,0xffff,0xffff,0xffff,0xffff,0xffff,0xffff,0xffff,0xffff,0xffff,0xffff,0xffff,0xffff,
		0xfb0c,0xf800,0xf800,0xf800,0xf800,0xf800,0xf800,0x3000,0x2124,0xffff,0xffff,0xffff,0xffff,0xffff,0xffff,0xffff,
		0xffff,0xffff,0xffff,0xffff,0xffff,0xffff,0xffff,0xffff,0xffff,0xffff,0xffff,0xffff,0xffff,0xffff,0xffff,0xffff,
		0xffff,0xffff,0xffff,0xffff,0xfe18,0xf800,0xf800,0xf800,0xf800,0xf800,0xb000,0x0000,0x0000,0x4e00,0x56a0,0x56a0,
		0x56a0,0x56a0,0x56a0,0x56a0,0x56a0,0x56a0,0x56a0,0x56a0,0x56a0,0x56a0,0x56a0,0x56a0,0x56a0,0x56a0,0x56a0,0x56a0,
		0x56a0,0x56a0,0x56a0,0x56a0,0x56a0,0x56a0,0x56a0,0x56a0,0x56a0,0x56a0,0x56a0,0x56a0,0x56a0,0x56a0,0x56a0,0x56a0,
		0x56a0,0x56a0,0x56a0,0x56a0,0x56a0,0x56a0,0x56a0,0x56a0,0x56a0,0x56a0,0x56a0,0x56a0,0x56a0,0x56a0,0x56a0,0x56a0,
		0x56a0,0x56a0,0x56a0,0x56a0,0x56a0,0x56a0,0x56a0,0x56a0,0x56a0,0x56a0,0x56a0,0x56a0,0x56a0,0x56a0,0x56a0,0x56a0,
		0x56a0,0x56a0,0x56a0,0x56a0,0x56a0,0x56a0,0x56a0,0x56a0,0x56a0,0x56a0,0x56a0,0x56a0,0x56a0,0x56a0,0x56a0,0x56a0,
		0x56a0,0x56a0,0x56a0,0x56a0,0x56a0,0x56a0,0x56a0,0x56a0,0x56a0,0x56a0,0x56a0,0x56a0,0x56a0,0x56a0,0x56a0,0x56a0,
		0x56a0,0x56a0,0x56a0,0x56a0,0x56a0,0x56a0,0x56a0,0x56a0,0x56a0,0x56a0,0x56a0,0x56a0,0x56a0,0x56a0,0x56a0,0x56a0,
		0x56a0,0x56a0,0x56a0,0x56a0,0x56a0,0x56a0,0x56a0,0x56a0,0x56a0,0x56a0,0x56a0,0x56a0,0x56a0,0x56a0,0x56a0,0x56a0,
		0x56a0,0x56a0,0x56a0,0x56a0,0x56a0,0x56a0,0x56a0,0x56a0,0x56a0,0x56a0,0x56a0,0x56a0,0x56a0,0x56a0,0x56a0,0x56a0,
		0x56a0,0x56a0,0x56a0,0x56a0,0x56a0,0x56a0,0x56a0,0x56a0,0x56a0,0x56a0,0x56a0,0x56a0,0x56a0,0x56a0,0x56a0,0x56a0,
		0x56a0,0x56a0,0x56a0,0x56a0,0x56a0,0x56a0,0x56a0,0x56a0,0x56a0,0x56a0,0x56a0,0x56a0,0x56a0,0x56a0,0x56a0,0x56a0,
		0x56a0,0x56a0,0x56a0,0x56a0,0x56a0,0x56a0,0x56a0,0x56a0,0x56a0,0x56a0,0x56a0,0x56a0,0x56a0,0x56a0,0x56a0,0x56a0,
		0x56a0,0x56a0,0x56a0,0x56a0,0x56a0,0x56a0,0x56a0,0x56a0,0x56a0,0x56a0,0x56a0,0x56a0,0x56a0,0x56a0,0x56a0,0x56a0,
		0x56a0,0x56a0,0x56a0,0x56a0,0x56a0,0x56a0,0x56a0,0x56a0,0x56a0,0x56a0,0x56a0,0x56a0,0x56a0,0x56a0,0x56a0,0x56a0,
		0x56a0,0x56a0,0x56a0,0x56a0,0x56a0,0x56a0,0x56a0,0x56a0,0x56a0,0x56a0,0x56a0,0x9c00,0xf800,0xf800,0xf800,0xf800,
		0xf800,0xfbef,0xffff,0xffff,0xffff,0xffff,0xffff,0xffff,0xffff,0xffff,0xffff,0xffff,0xffff,0xffff,0xffff,0xffff,
		0xffff,0xffff,0xffff,0xffff,0xffff,0xffff,0xffff,0xffff,0xffff,0xffff,0xffff,0xffff,0xffff,0xffff,0xffff,0xffff,
		0xfb8e,0xf800,0xf800,0xf800,0xf800,0xf800,0xf800,0x4800,0x1082,0xffff,0xffff,0xffff,0xffff,0xffff,0xffff,0xffff,
		0xffff,0xffff,0xffff,0xffff,0xffff,0xffff,0xffff,0xffff,0xffff,0xffff,0xffff,0xffff,0xffff,0xffff,0xffff,0xffff,
		0xffff,0xffff,0xffff,0xffff,0xfe79,0xf800,0xf800,0xf800,0xf800,0xf800,0xc800,0x0000,0x0000,0x4540,0x56a0,0x56a0,
		0x56a0,0x56a0,0x56a0,0x56a0,0x56a0,0x56a0,0x56a0,0x56a0,0x56a0,0x56a0,0x56a0,0x56a0,0x56a0,0x56a0,0x56a0,0x56a0,
		0x56a0,0x56a0,0x56a0,0x56a0,0x56a0,0x56a0,0x56a0,0x56a0,0x56a0,0x56a0,0x56a0,0x56a0,0x56a0,0x56a0,0x56a0,0x56a0,
		0x56a0,0x56a0,0x56a0,0x56a0,0x56a0,0x56a0,0x56a0,0x56a0,0x56a0,0x56a0,0x56a0,0x56a0,0x56a0,0x56a0,0x56a0,0x56a0,
		0x56a0,0x56a0,0x56a0,0x56a0,0x56a0,0x56a0,0x56a0,0x56a0,0x56a0,0x56a0,0x56a0,0x56a0,0x56a0,0x56a0,0x56a0,0x56a0,
		0x56a0,0x56a0,0x56a0,0x56a0,0x56a0,0x56a0,0x56a0,0x56a0,0x56a0,0x56a0,0x56a0,0x56a0,0x56a0,0x56a0,0x56a0,0x56a0,
		0x56a0,0x56a0,0x56a0,0x56a0,0x56a0,0x56a0,0x56a0,0x56a0,0x56a0,0x56a0,0x56a0,0x56a0,0x56a0,0x56a0,0x56a0,0x56a0,
		0x56a0,0x56a0,0x56a0,0x56a0,0x56a0,0x56a0,0x56a0,0x56a0,0x56a0,0x56a0,0x56a0,0x56a0,0x56a0,0x56a0,0x56a0,0x56a0,
		0x56a0,0x56a0,0x56a0,0x56a0,0x56a0,0x56a0,0x56a0,0x56a0,0x56a0,0x56a0,0x56a0,0x56a0,0x56a0,0x56a0,0x56a0,0x56a0,
		0x56a0,0x56a0,0x56a0,0x56a0,0x56a0,0x56a0,0x56a0,0x56a0,0x56a0,0x56a0,0x56a0,0x56a0,0x56a0,0x56a0,0x56a0,0x56a0,
		0x56a0,0x56a0,0x56a0,0x56a0,0x56a0,0x56a0,0x56a0,0x56a0,0x56a0,0x56a0,0x56a0,0x56a0,0x56a0,0x56a0,0x56a0,0x56a0,
		0x56a0,0x56a0,0x56a0,0x56a0,0x56a0,0x56a0,0x56a0,0x56a0,0x56a0,0x56a0,0x56a0,0x56a0,0x56a0,0x56a0,0x56a0,0x56a0,
		0x56a0,0x56a0,0x56a0,0x56a0,0x56a0,0x56a0,0x56a0,0x56a0,0x56a0,0x56a0,0x56a0,0x56a0,0x56a0,0x56a0,0x56a0,0x56a0,
		0x56a0,0x56a0,0x56a0,0x56a0,0x56a0,0x56a0,0x56a0,0x56a0,0x56a0,0x56a0,0x56a0,0x56a0,0x56a0,0x56a0,0x56a0,0x56a0,
		0x56a0,0x56a0,0x56a0,0x56a0,0x56a0,0x56a0,0x56a0,0x56a0,0x56a0,0x56a0,0x56a0,0x56a0,0x56a0,0x56a0,0x56a0,0x56a0,
		0x56a0,0x56a0,0x56a0,0x56a0,0x56a0,0x56a0,0x56a0,0x56a0,0x56a0,0x56a0,0x56a0,0xa3a0,0xf800,0xf800,0xf800,0xf800,
		0xf800,0xfc30,0xffff,0xffff,0xffff,0xffff,0xffff,0xffff,0xffff,0xffff,0xffff,0xffff,0xffff,0xffff,0xffff,0xffff,
		0xffff,0xffff,0xffff,0xffff,0xffff,0xffff,0xffff,0xffff,0xffff,0xffff,0xffff,0xffff,0xffff,0xffff,0xffff,0xffff,
		0xfc71,0xf800,0xf800,0xf800,0xf800,0xf800,0xf800,0x5800,0x0841,0xf7be,0xffff,0xffff,0xffff,0xffff,0xffff,0xffff,
		0xffff,0xffff,0xffff,0xffff,0xffff,0xffff,0xffff,0xffff,0xffff,0xffff,0xffff,0xffff,0xffff,0xffff,0xffff,0xffff,
		0xffff,0xffff,0xffff,0xffff,0xfedb,0xf800,0xf800,0xf800,0xf800,0xf800,0xc800,0x0000,0x0000,0x3c60,0x56a0,0x56a0,
		0x56a0,0x56a0,0x56a0,0x56a0,0x56a0,0x56a0,0x56a0,0x56a0,0x56a0,0x56a0,0x56a0,0x56a0,0x56a0,0x56a0,0x56a0,0x56a0,
		0x56a0,0x56a0,0x56a0,0x56a0,0x56a0,0x56a0,0x56a0,0x56a0,0x56a0,0x56a0,0x56a0,0x56a0,0x56a0,0x56a0,0x56a0,0x56a0,
		0x56a0,0x56a0,0x56a0,0x56a0,0x56a0,0x56a0,0x56a0,0x56a0,0x56a0,0x56a0,0x56a0,0x56a0,0x56a0,0x56a0,0x56a0,0x56a0,
		0x56a0,0x56a0,0x56a0,0x56a0,0x56a0,0x56a0,0x56a0,0x56a0,0x56a0,0x56a0,0x56a0,0x56a0,0x56a0,0x56a0,0x56a0,0x56a0,
		0x56a0,0x56a0,0x56a0,0x56a0,0x56a0,0x56a0,0x56a0,0x56a0,0x56a0,0x56a0,0x56a0,0x56a0,0x56a0,0x56a0,0x56a0,0x56a0,
		0x56a0,0x56a0,0x56a0,0x56a0,0x56a0,0x56a0,0x56a0,0x56a0,0x56a0,0x56a0,0x56a0,0x56a0,0x56a0,0x56a0,0x56a0,0x56a0,
		0x56a0,0x56a0,0x56a0,0x56a0,0x56a0,0x56a0,0x56a0,0x56a0,0x56a0,0x56a0,0x56a0,0x56a0,0x56a0,0x56a0,0x56a0,0x56a0,
		0x56a0,0x56a0,0x56a0,0x56a0,0x56a0,0x56a0,0x56a0,0x56a0,0x56a0,0x56a0,0x56a0,0x56a0,0x56a0,0x56a0,0x56a0,0x56a0,
		0x56a0,0x56a0,0x56a0,0x56a0,0x56a0,0x56a0,0x56a0,0x56a0,0x56a0,0x56a0,0x56a0,0x56a0,0x56a0,0x56a0,0x56a0,0x56a0,
		0x56a0,0x56a0,0x56a0,0x56a0,0x56a0,0x56a0,0x56a0,0x56a0,0x56a0,0x56a0,0x56a0,0x56a0,0x56a0,0x56a0,0x56a0,0x56a0,
		0x56a0,0x56a0,0x56a0,0x56a0,0x56a0,0x56a0,0x56a0,0x56a0,0x56a0,0x56a0,0x56a0,0x56a0,0x56a0,0x56a0,0x56a0,0x56a0,
		0x56a0,0x56a0,0x56a0,0x56a0,0x56a0,0x56a0,0x56a0,0x56a0,0x56a0,0x56a0,0x56a0,0x56a0,0x56a0,0x56a0,0x56a0,0x56a0,
		0x56a0,0x56a0,0x56a0,0x56a0,0x56a0,0x56a0,0x56a0,0x56a0,0x56a0,0x56a0,0x56a0,0x56a0,0x56a0,0x56a0,0x56a0,0x56a0,
		0x56a0,0x56a0,0x56a0,0x56a0,0x56a0,0x56a0,0x56a0,0x56a0,0x56a0,0x56a0,0x56a0,0x56a0,0x56a0,0x56a0,0x56a0,0x56a0,
		0x56a0,0x56a0,0x56a0,0x56a0,0x56a0,0x56a0,0x56a0,0x56a0,0x56a0,0x56a0,0x56a0,0xa3a0,0xf800,0xf800,0xf800,0xf800,
		0xf800,0xfc30,0xffff,0xffff,0xffff,0xffff,0xffff,0xffff,0xffff,0xffff,0xffff,0xffff,0xffff,0xffff,0xffff,0xffff,
		0xffff,0xffff,0xffff,0xffff,0xffff,0xffff,0xffff,0xffff,0xffff,0xffff,0xffff,0xffff,0xffff,0xffff,0xffff,0xffff,
		0xfcf3,0xf800,0xf800,0xf800,0xf800,0xf800,0xf800,0x7000,0x0000,0xe73c,0xffff,0xffff,0xffff,0xffff,0xffff,0xffff,
		0xffff,0xffff,0xffff,0xffff,0xffff,0xffff,0xffff,0xffff,0xffff,0xffff,0xffff,0xffff,0xffff,0xffff,0xffff,0xffff,
		0xffff,0xffff,0xffff,0xffff,0xfedb,0xf800,0xf800,0xf800,0xf800,0xf800,0xc800,0x0000,0x0000,0x33e0,0x56a0,0x56a0,
		0x56a0,0x56a0,0x56a0,0x56a0,0x56a0,0x56a0,0x56a0,0x56a0,0x56a0,0x56a0,0x56a0,0x56a0,0x56a0,0x56a0,0x56a0,0x56a0,
		0x56a0,0x56a0,0x56a0,0x56a0,0x56a0,0x56a0,0x56a0,0x56a0,0x56a0,0x56a0,0x56a0,0x56a0,0x56a0,0x56a0,0x56a0,0x56a0,
		0x56a0,0x56a0,0x56a0,0x56a0,0x56a0,0x56a0,0x56a0,0x56a0,0x56a0,0x56a0,0x56a0,0x56a0,0x56a0,0x56a0,0x56a0,0x56a0,
		0x56a0,0x56a0,0x56a0,0x56a0,0x56a0,0x56a0,0x56a0,0x56a0,0x56a0,0x56a0,0x56a0,0x56a0,0x56a0,0x56a0,0x56a0,0x56a0,
		0x56a0,0x56a0,0x56a0,0x56a0,0x56a0,0x56a0,0x56a0,0x56a0,0x56a0,0x56a0,0x56a0,0x56a0,0x56a0,0x56a0,0x56a0,0x56a0,
		0x56a0,0x56a0,0x56a0,0x56a0,0x56a0,0x56a0,0x56a0,0x56a0,0x56a0,0x56a0,0x56a0,0x56a0,0x56a0,0x56a0,0x56a0,0x56a0,
		0x56a0,0x56a0,0x56a0,0x56a0,0x56a0,0x56a0,0x56a0,0x56a0,0x56a0,0x56a0,0x56a0,0x56a0,0x56a0,0x56a0,0x56a0,0x56a0,
		0x56a0,0x56a0,0x56a0,0x56a0,0x56a0,0x56a0,0x56a0,0x56a0,0x56a0,0x56a0,0x56a0,0x56a0,0x56a0,0x56a0,0x56a0,0x56a0,
		0x56a0,0x56a0,0x56a0,0x56a0,0x56a0,0x56a0,0x56a0,0x56a0,0x56a0,0x56a0,0x56a0,0x56a0,0x56a0,0x56a0,0x56a0,0x56a0,
		0x56a0,0x56a0,0x56a0,0x56a0,0x56a0,0x56a0,0x56a0,0x56a0,0x56a0,0x56a0,0x56a0,0x56a0,0x56a0,0x56a0,0x56a0,0x56a0,
		0x56a0,0x56a0,0x56a0,0x56a0,0x56a0,0x56a0,0x56a0,0x56a0,0x56a0,0x56a0,0x56a0,0x56a0,0x56a0,0x56a0,0x56a0,0x56a0,
		0x56a0,0x56a0,0x56a0,0x56a0,0x56a0,0x56a0,0x56a0,0x56a0,0x56a0,0x56a0,0x56a0,0x56a0,0x56a0,0x56a0,0x56a0,0x56a0,
		0x56a0,0x56a0,0x56a0,0x56a0,0x56a0,0x56a0,0x56a0,0x56a0,0x56a0,0x56a0,0x56a0,0x56a0,0x56a0,0x56a0,0x56a0,0x56a0,
		0x56a0,0x56a0,0x56a0,0x56a0,0x56a0,0x56a0,0x56a0,0x56a0,0x56a0,0x56a0,0x56a0,0x56a0,0x56a0,0x56a0,0x56a0,0x56a0,
		0x56a0,0x56a0,0x56a0,0x56a0,0x56a0,0x56a0,0x56a0,0x56a0,0x56a0,0x56a0,0x56a0,0x9c00,0xf800,0xf800,0xf800,0xf800,
		0xf800,0xfbef,0xffff,0xffff,0xffff,0xffff,0xffff,0xffff,0xffff,0xffff,0xffff,0xffff,0xffff,0xffff,0xffff,0xffff,
		0xffff,0xffff,0xffff,0xffff,0xffff,0xffff,0xffff,0xffff,0xffff,0xffff,0xffff,0xffff,0xffff,0xffff,0xffff,0xffff,
		0xfdd7,0xf800,0xf800,0xf800,0xf800,0xf800,0xf800,0x7800,0x0000,0xdedb,0xffff,0xffff,0xffff,0xffff,0xffff,0xffff,
		0xffff,0xffff,0xffff,0xffff,0xffff,0xffff,0xffff,0xffff,0xffff,0xffff,0xffff,0xffff,0xffff,0xffff,0xffff,0xffff,
		0xffff,0xffff,0xffff,0xffff,0xfe59,0xf800,0xf800,0xf800,0xf800,0xf800,0xc800,0x0000,0x0000,0x33c0,0x56a0,0x56a0,
		0x56a0,0x56a0,0x56a0,0x56a0,0x56a0,0x56a0,0x56a0,0x56a0,0x56a0,0x56a0,0x56a0,0x56a0,0x56a0,0x56a0,0x56a0,0x56a0,
		0x56a0,0x56a0,0x56a0,0x56a0,0x56a0,0x56a0,0x56a0,0x56a0,0x56a0,0x56a0,0x56a0,0x56a0,0x56a0,0x56a0,0x56a0,0x56a0,
		0x56a0,0x56a0,0x56a0,0x56a0,0x56a0,0x56a0,0x56a0,0x56a0,0x56a0,0x56a0,0x56a0,0x56a0,0x56a0,0x56a0,0x56a0,0x56a0,
		0x56a0,0x56a0,0x56a0,0x56a0,0x56a0,0x56a0,0x56a0,0x56a0,0x56a0,0x56a0,0x56a0,0x56a0,0x56a0,0x56a0,0x56a0,0x56a0,
		0x56a0,0x56a0,0x56a0,0x56a0,0x56a0,0x56a0,0x56a0,0x56a0,0x56a0,0x56a0,0x56a0,0x56a0,0x56a0,0x56a0,0x56a0,0x56a0,
		0x56a0,0x56a0,0x56a0,0x56a0,0x56a0,0x56a0,0x56a0,0x56a0,0x56a0,0x56a0,0x56a0,0x56a0,0x56a0,0x56a0,0x56a0,0x56a0,
		0x56a0,0x56a0,0x56a0,0x56a0,0x56a0,0x56a0,0x56a0,0x56a0,0x56a0,0x56a0,0x56a0,0x56a0,0x56a0,0x56a0,0x56a0,0x56a0,
		0x56a0,0x56a0,0x56a0,0x56a0,0x56a0,0x56a0,0x56a0,0x56a0,0x56a0,0x56a0,0x56a0,0x56a0,0x56a0,0x56a0,0x56a0,0x56a0,
		0x56a0,0x56a0,0x56a0,0x56a0,0x56a0,0x56a0,0x56a0,0x56a0,0x56a0,0x56a0,0x56a0,0x56a0,0x56a0,0x56a0,0x56a0,0x56a0,
		0x56a0,0x56a0,0x56a0,0x56a0,0x56a0,0x56a0,0x56a0,0x56a0,0x56a0,0x56a0,0x56a0,0x56a0,0x56a0,0x56a0,0x56a0,0x56a0,
		0x56a0,0x56a0,0x56a0,0x56a0,0x56a0,0x56a0,0x56a0,0x56a0,0x56a0,0x56a0,0x56a0,0x56a0,0x56a0,0x56a0,0x56a0,0x56a0,
		0x56a0,0x56a0,0x56a0,0x56a0,0x56a0,0x56a0,0x56a0,0x56a0,0x56a0,0x56a0,0x56a0,0x56a0,0x56a0,0x56a0,0x56a0,0x56a0,
		0x56a0,0x56a0,0x56a0,0x56a0,0x56a0,0x56a0,0x56a0,0x56a0,0x56a0,0x56a0,0x56a0,0x56a0,0x56a0,0x56a0,0x56a0,0x56a0,
		0x56a0,0x56a0,0x56a0,0x56a0,0x56a0,0x56a0,0x56a0,0x56a0,0x56a0,0x56a0,0x56a0,0x56a0,0x56a0,0x56a0,0x56a0,0x56a0,
		0x56a0,0x56a0,0x56a0,0x56a0,0x56a0,0x56a0,0x56a0,0x56a0,0x56a0,0x56a0,0x56a0,0x84a0,0xf800,0xf800,0xf800,0xf800,
		0xf800,0xfb2c,0xffff,0xffff,0xffff,0xffff,0xffff,0xffff,0xffff,0xffff,0xffff,0xffff,0xffff,0xffff,0xffff,0xffff,
		0xffff,0xffff,0xffff,0xffff,0xffff,0xffff,0xffff,0xffff,0xffff,0xffff,0xffff,0xffff,0xffff,0xffff,0xffff,0xffff,
		0xfe38,0xf800,0xf800,0xf800,0xf800,0xf800,0xf800,0x9000,0x0000,0xc638,0xffff,0xffff,0xffff,0xffff,0xffff,0xffff,
		0xffff,0xffff,0xffff,0xffff,0xffff,0xffff,0xffff,0xffff,0xffff,0xffff,0xffff,0xffff,0xffff,0xffff,0xffff,0xffff,
		0xffff,0xffff,0xffff,0xffff,0xfe18,0xf800,0xf800,0xf800,0xf800,0xf800,0xb000,0x0000,0x0000,0x33e0,0x56a0,0x56a0,
		0x56a0,0x56a0,0x56a0,0x56a0,0x56a0,0x56a0,0x56a0,0x56a0,0x56a0,0x56a0,0x56a0,0x56a0,0x56a0,0x56a0,0x56a0,0x56a0,
		0x56a0,0x56a0,0x56a0,0x56a0,0x56a0,0x56a0,0x56a0,0x56a0,0x56a0,0x56a0,0x56a0,0x56a0,0x56a0,0x56a0,0x56a0,0x56a0,
		0x56a0,0x56a0,0x56a0,0x56a0,0x56a0,0x56a0,0x56a0,0x56a0,0x56a0,0x56a0,0x56a0,0x56a0,0x56a0,0x56a0,0x56a0,0x56a0,
		0x56a0,0x56a0,0x56a0,0x56a0,0x56a0,0x56a0,0x56a0,0x56a0,0x56a0,0x56a0,0x56a0,0x56a0,0x56a0,0x56a0,0x56a0,0x56a0,
		0x56a0,0x56a0,0x56a0,0x56a0,0x56a0,0x56a0,0x56a0,0x56a0,0x56a0,0x56a0,0x56a0,0x56a0,0x56a0,0x56a0,0x56a0,0x56a0,
		0x56a0,0x56a0,0x56a0,0x56a0,0x56a0,0x56a0,0x56a0,0x56a0,0x56a0,0x56a0,0x56a0,0x56a0,0x56a0,0x56a0,0x56a0,0x56a0,
		0x56a0,0x56a0,0x56a0,0x56a0,0x56a0,0x56a0,0x56a0,0x56a0,0x56a0,0x56a0,0x56a0,0x56a0,0x56a0,0x56a0,0x56a0,0x56a0,
		0x56a0,0x56a0,0x56a0,0x56a0,0x56a0,0x56a0,0x56a0,0x56a0,0x56a0,0x56a0,0x56a0,0x56a0,0x56a0,0x56a0,0x56a0,0x56a0,
		0x56a0,0x56a0,0x56a0,0x56a0,0x56a0,0x56a0,0x56a0,0x56a0,0x56a0,0x56a0,0x56a0,0x56a0,0x56a0,0x56a0,0x56a0,0x56a0,
		0x56a0,0x56a0,0x56a0,0x56a0,0x56a0,0x56a0,0x56a0,0x56a0,0x56a0,0x56a0,0x56a0,0x56a0,0x56a0,0x56a0,0x56a0,0x56a0,
		0x56a0,0x56a0,0x56a0,0x56a0,0x56a0,0x56a0,0x56a0,0x56a0,0x56a0,0x56a0,0x56a0,0x56a0,0x56a0,0x56a0,0x56a0,0x56a0,
		0x56a0,0x56a0,0x56a0,0x56a0,0x56a0,0x56a0,0x56a0,0x56a0,0x56a0,0x56a0,0x56a0,0x56a0,0x56a0,0x56a0,0x56a0,0x56a0,
		0x56a0,0x56a0,0x56a0,0x56a0,0x56a0,0x56a0,0x56a0,0x56a0,0x56a0,0x56a0,0x56a0,0x56a0,0x56a0,0x56a0,0x56a0,0x56a0,
		0x56a0,0x56a0,0x56a0,0x56a0,0x56a0,0x56a0,0x56a0,0x56a0,0x56a0,0x56a0,0x56a0,0x56a0,0x56a0,0x56a0,0x56a0,0x56a0,
		0x56a0,0x56a0,0x56a0,0x56a0,0x56a0,0x56a0,0x56a0,0x56a0,0x56a0,0x56a0,0x56a0,0x7580,0xf800,0xf800,0xf800,0xf800,
		0xf800,0xfaaa,0xffff,0xffff,0xffff,0xffff,0xffff,0xffff,0xffff,0xffff,0xffff,0xffff,0xffff,0xffff,0xffff,0xffff,
		0xffff,0xffff,0xffff,0xffff,0xffff,0xffff,0xffff,0xffff,0xffff,0xffff,0xffff,0xffff,0xffff,0xffff,0xffff,0xffff,
		0xff1c,0xf800,0xf800,0xf800,0xf800,0xf800,0xf800,0xa000,0x0000,0xb596,0xffff,0xffff,0xffff,0xffff,0xffff,0xffff,
		0xffff,0xffff,0xffff,0xffff,0xffff,0xffff,0xffff,0xffff,0xffff,0xffff,0xffff,0xffff,0xffff,0xffff,0xffff,0xffff,
		0xffff,0xffff,0xffff,0xffff,0xfd55,0xf800,0xf800,0xf800,0xf800,0xf800,0xa000,0x0000,0x0000,0x3c60,0x56a0,0x56a0,
		0x56a0,0x56a0,0x56a0,0x56a0,0x56a0,0x56a0,0x56a0,0x56a0,0x56a0,0x56a0,0x56a0,0x56a0,0x56a0,0x56a0,0x56a0,0x56a0,
		0x56a0,0x56a0,0x56a0,0x56a0,0x56a0,0x56a0,0x56a0,0x56a0,0x56a0,0x56a0,0x56a0,0x56a0,0x56a0,0x56a0,0x56a0,0x56a0,
		0x56a0,0x56a0,0x56a0,0x56a0,0x56a0,0x56a0,0x56a0,0x56a0,0x56a0,0x56a0,0x56a0,0x56a0,0x56a0,0x56a0,0x56a0,0x56a0,
		0x56a0,0x56a0,0x56a0,0x56a0,0x56a0,0x56a0,0x56a0,0x56a0,0x56a0,0x56a0,0x56a0,0x56a0,0x56a0,0x56a0,0x56a0,0x56a0,
		0x56a0,0x56a0,0x56a0,0x56a0,0x56a0,0x56a0,0x56a0,0x56a0,0x56a0,0x56a0,0x56a0,0x56a0,0x56a0,0x56a0,0x56a0,0x56a0,
		0x56a0,0x56a0,0x56a0,0x56a0,0x56a0,0x56a0,0x56a0,0x56a0,0x56a0,0x56a0,0x56a0,0x56a0,0x56a0,0x56a0,0x56a0,0x56a0,
		0x56a0,0x56a0,0x56a0,0x56a0,0x56a0,0x56a0,0x56a0,0x56a0,0x56a0,0x56a0,0x56a0,0x56a0,0x56a0,0x56a0,0x56a0,0x56a0,
		0x56a0,0x56a0,0x56a0,0x56a0,0x56a0,0x56a0,0x56a0,0x56a0,0x56a0,0x56a0,0x56a0,0x56a0,0x56a0,0x56a0,0x56a0,0x56a0,
		0x56a0,0x56a0,0x56a0,0x56a0,0x56a0,0x56a0,0x56a0,0x56a0,0x56a0,0x56a0,0x56a0,0x56a0,0x56a0,0x56a0,0x56a0,0x56a0,
		0x56a0,0x56a0,0x56a0,0x56a0,0x56a0,0x56a0,0x56a0,0x56a0,0x56a0,0x56a0,0x56a0,0x56a0,0x56a0,0x56a0,0x56a0,0x56a0,
		0x56a0,0x56a0,0x56a0,0x56a0,0x56a0,0x56a0,0x56a0,0x56a0,0x56a0,0x56a0,0x56a0,0x56a0,0x56a0,0x56a0,0x56a0,0x56a0,
		0x56a0,0x56a0,0x56a0,0x56a0,0x56a0,0x56a0,0x56a0,0x56a0,0x56a0,0x56a0,0x56a0,0x56a0,0x56a0,0x56a0,0x56a0,0x56a0,
		0x56a0,0x56a0,0x56a0,0x56a0,0x56a0,0x56a0,0x56a0,0x56a0,0x56a0,0x56a0,0x56a0,0x56a0,0x56a0,0x56a0,0x56a0,0x56a0,
		0x56a0,0x56a0,0x56a0,0x56a0,0x56a0,0x56a0,0x56a0,0x56a0,0x56a0,0x56a0,0x56a0,0x56a0,0x56a0,0x56a0,0x56a0,0x56a0,
		0x56a0,0x56a0,0x56a0,0x56a0,0x56a0,0x56a0,0x56a0,0x56a0,0x56a0,0x56a0,0x56a0,0x65e0,0xf800,0xf800,0xf800,0xf800,
		0xf800,0xf9a6,0xffff,0xffff,0xffff,0xffff,0xffff,0xffff,0xffff,0xffff,0xffff,0xffff,0xffff,0xffff,0xffff,0xffff,
		0xffff,0xffff,0xffff,0xffff,0xffff,0xffff,0xffff,0xffff,0xffff,0xffff,0xffff,0xffff,0xffff,0xffff,0xffff,0xffff,
		0xff7d,0xf800,0xf800,0xf800,0xf800,0xf800,0xf800,0xb800,0x0000,0x9cf3,0xffff,0xffff,0xffff,0xffff,0xffff,0xffff,
		0xffff,0xffff,0xffff,0xffff,0xffff,0xffff,0xffff,0xffff,0xffff,0xffff,0xffff,0xffff,0xffff,0xffff,0xffff,0xffff,
		0xffff,0xffff,0xffff,0xffff,0xfc51,0xf800,0xf800,0xf800,0xf800,0xf800,0x8800,0x0000,0x0000,0x4540,0x56a0,0x56a0,
		0x56a0,0x56a0,0x56a0,0x56a0,0x56a0,0x56a0,0x56a0,0x56a0,0x56a0,0x56a0,0x56a0,0x56a0,0x56a0,0x56a0,0x56a0,0x56a0,
		0x56a0,0x56a0,0x56a0,0x56a0,0x56a0,0x56a0,0x56a0,0x56a0,0x56a0,0x56a0,0x56a0,0x56a0,0x56a0,0x56a0,0x56a0,0x56a0,
		0x56a0,0x56a0,0x56a0,0x56a0,0x56a0,0x56a0,0x56a0,0x56a0,0x56a0,0x56a0,0x56a0,0x56a0,0x56a0,0x56a0,0x56a0,0x56a0,
		0x56a0,0x56a0,0x56a0,0x56a0,0x56a0,0x56a0,0x56a0,0x56a0,0x56a0,0x56a0,0x56a0,0x56a0,0x56a0,0x56a0,0x56a0,0x56a0,
		0x56a0,0x56a0,0x56a0,0x56a0,0x56a0,0x56a0,0x56a0,0x56a0,0x56a0,0x56a0,0x56a0,0x56a0,0x56a0,0x56a0,0x56a0,0x56a0,
		0x56a0,0x56a0,0x56a0,0x56a0,0x56a0,0x56a0,0x56a0,0x56a0,0x56a0,0x56a0,0x56a0,0x56a0,0x56a0,0x56a0,0x56a0,0x56a0,
		0x56a0,0x56a0,0x56a0,0x56a0,0x56a0,0x56a0,0x56a0,0x56a0,0x56a0,0x56a0,0x56a0,0x56a0,0x56a0,0x56a0,0x56a0,0x56a0,
		0x56a0,0x56a0,0x56a0,0x56a0,0x56a0,0x56a0,0x56a0,0x56a0,0x56a0,0x56a0,0x56a0,0x56a0,0x56a0,0x56a0,0x56a0,0x56a0,
		0x56a0,0x56a0,0x56a0,0x56a0,0x56a0,0x56a0,0x56a0,0x56a0,0x56a0,0x56a0,0x56a0,0x56a0,0x56a0,0x56a0,0x56a0,0x56a0,
		0x56a0,0x56a0,0x56a0,0x56a0,0x56a0,0x56a0,0x56a0,0x56a0,0x56a0,0x56a0,0x56a0,0x56a0,0x56a0,0x56a0,0x56a0,0x56a0,
		0x56a0,0x56a0,0x56a0,0x56a0,0x56a0,0x56a0,0x56a0,0x56a0,0x56a0,0x56a0,0x56a0,0x56a0,0x56a0,0x56a0,0x56a0,0x56a0,
		0x56a0,0x56a0,0x56a0,0x56a0,0x56a0,0x56a0,0x56a0,0x56a0,0x56a0,0x56a0,0x56a0,0x56a0,0x56a0,0x56a0,0x56a0,0x56a0,
		0x56a0,0x56a0,0x56a0,0x56a0,0x56a0,0x56a0,0x56a0,0x56a0,0x56a0,0x56a0,0x56a0,0x56a0,0x56a0,0x56a0,0x56a0,0x56a0,
		0x56a0,0x56a0,0x56a0,0x56a0,0x56a0,0x56a0,0x56a0,0x56a0,0x56a0,0x56a0,0x56a0,0x56a0,0x56a0,0x56a0,0x56a0,0x56a0,
		0x56a0,0x56a0,0x56a0,0x56a0,0x56a0,0x56a0,0x56a0,0x56a0,0x56a0,0x56a0,0x56a0,0x5e40,0xf800,0xf800,0xf800,0xf800,
		0xf800,0xf882,0xffdf,0xffff,0xffff,0xffff,0xffff,0xffff,0xffff,0xffff,0xffff,0xffff,0xffff,0xffff,0xffff,0xffff,
		0xffff,0xffff,0xffff,0xffff,0xffff,0xffff,0xffff,0xffff,0xffff,0xffff,0xffff,0xffff,0xffff,0xffff,0xffff,0xffff,
		0xffbe,0xf841,0xf800,0xf800,0xf800,0xf800,0xf800,0xc800,0x0000,0x8c71,0xffff,0xffff,0xffff,0xffff,0xffff,0xffff,
		0xffff,0xffff,0xffff,0xffff,0xffff,0xffff,0xffff,0xffff,0xffff,0xffff,0xffff,0xffff,0xffff,0xffff,0xffff,0xffff,
		0xffff,0xffff,0xffff,0xffff,0xfb0c,0xf800,0xf800,0xf800,0xf800,0xf800,0x6800,0x0000,0x0000,0x4de0,0x56a0,0x56a0,
		0x56a0,0x56a0,0x56a0,0x56a0,0x56a0,0x56a0,0x56a0,0x56a0,0x56a0,0x56a0,0x56a0,0x56a0,0x56a0,0x56a0,0x56a0,0x56a0,
		0x56a0,0x56a0,0x56a0,0x56a0,0x56a0,0x56a0,0x56a0,0x56a0,0x56a0,0x56a0,0x56a0,0x56a0,0x56a0,0x56a0,0x56a0,0x56a0,
		0x56a0,0x56a0,0x56a0,0x56a0,0x56a0,0x56a0,0x56a0,0x56a0,0x56a0,0x56a0,0x56a0,0x56a0,0x56a0,0x56a0,0x56a0,0x56a0,
		0x56a0,0x56a0,0x56a0,0x56a0,0x56a0,0x56a0,0x56a0,0x56a0,0x56a0,0x56a0,0x56a0,0x56a0,0x56a0,0x56a0,0x56a0,0x56a0,
		0x56a0,0x56a0,0x56a0,0x56a0,0x56a0,0x56a0,0x56a0,0x56a0,0x56a0,0x56a0,0x56a0,0x56a0,0x56a0,0x56a0,0x56a0,0x56a0,
		0x56a0,0x56a0,0x56a0,0x56a0,0x56a0,0x56a0,0x56a0,0x56a0,0x56a0,0x56a0,0x56a0,0x56a0,0x56a0,0x56a0,0x56a0,0x56a0,
		0x56a0,0x56a0,0x56a0,0x56a0,0x56a0,0x56a0,0x56a0,0x56a0,0x56a0,0x56a0,0x56a0,0x56a0,0x56a0,0x56a0,0x56a0,0x56a0,
		0x56a0,0x56a0,0x56a0,0x56a0,0x56a0,0x56a0,0x56a0,0x56a0,0x56a0,0x56a0,0x56a0,0x56a0,0x56a0,0x56a0,0x56a0,0x56a0,
		0x56a0,0x56a0,0x56a0,0x56a0,0x56a0,0x56a0,0x56a0,0x56a0,0x56a0,0x56a0,0x56a0,0x56a0,0x56a0,0x56a0,0x56a0,0x56a0,
		0x56a0,0x56a0,0x56a0,0x56a0,0x56a0,0x56a0,0x56a0,0x56a0,0x56a0,0x56a0,0x56a0,0x56a0,0x56a0,0x56a0,0x56a0,0x56a0,
		0x56a0,0x56a0,0x56a0,0x56a0,0x56a0,0x56a0,0x56a0,0x56a0,0x56a0,0x56a0,0x56a0,0x56a0,0x56a0,0x56a0,0x56a0,0x56a0,
		0x56a0,0x56a0,0x56a0,0x56a0,0x56a0,0x56a0,0x56a0,0x56a0,0x56a0,0x56a0,0x56a0,0x56a0,0x56a0,0x56a0,0x56a0,0x56a0,
		0x56a0,0x56a0,0x56a0,0x56a0,0x56a0,0x56a0,0x56a0,0x56a0,0x56a0,0x56a0,0x56a0,0x56a0,0x56a0,0x56a0,0x56a0,0x56a0,
		0x56a0,0x56a0,0x56a0,0x56a0,0x56a0,0x56a0,0x56a0,0x56a0,0x56a0,0x56a0,0x56a0,0x56a0,0x56a0,0x56a0,0x56a0,0x56a0,
		0x56a0,0x56a0,0x56a0,0x56a0,0x56a0,0x56a0,0x56a0,0x56a0,0x56a0,0x56a0,0x56a0,0x5680,0xf060,0xf800,0xf800,0xf800,
		0xf800,0xf800,0xfefb,0xffff,0xffff,0xffff,0xffff,0xffff,0xffff,0xffff,0xffff,0xffff,0xffff,0xffff,0xffff,0xffff,
		0xffff,0xffff,0xffff,0xffff,0xffff,0xffff,0xffff,0xffff,0xffff,0xffff,0xffff,0xffff,0xffff,0xffff,0xffff,0xffff,
		0xffff,0xf8a2,0xf800,0xf800,0xf800,0xf800,0xf800,0xd000,0x0000,0x7bef,0xffff,0xffff,0xffff,0xffff,0xffff,0xffff,
		0xffff,0xffff,0xffff,0xffff,0xffff,0xffff,0xffff,0xffff,0xffff,0xffff,0xffff,0xffff,0xffff,0xffff,0xffff,0xffff,
		0xffff,0xffff,0xffff,0xffff,0xf9a6,0xf800,0xf800,0xf800,0xf800,0xf800,0x4000,0x0000,0x0000,0x5640,0x56a0,0x56a0,
		0x56a0,0x56a0,0x56a0,0x56a0,0x56a0,0x56a0,0x56a0,0x56a0,0x56a0,0x56a0,0x56a0,0x56a0,0x56a0,0x56a0,0x56a0,0x56a0,
		0x56a0,0x56a0,0x56a0,0x56a0,0x56a0,0x56a0,0x56a0,0x56a0,0x56a0,0x56a0,0x56a0,0x56a0,0x56a0,0x56a0,0x56a0,0x56a0,
		0x56a0,0x56a0,0x56a0,0x56a0,0x56a0,0x56a0,0x56a0,0x56a0,0x56a0,0x56a0,0x56a0,0x56a0,0x56a0,0x56a0,0x56a0,0x56a0,
		0x56a0,0x56a0,0x56a0,0x56a0,0x56a0,0x56a0,0x56a0,0x56a0,0x56a0,0x56a0,0x56a0,0x56a0,0x56a0,0x56a0,0x56a0,0x56a0,
		0x56a0,0x56a0,0x56a0,0x56a0,0x56a0,0x56a0,0x56a0,0x56a0,0x56a0,0x56a0,0x56a0,0x56a0,0x56a0,0x56a0,0x56a0,0x56a0,
		0x56a0,0x56a0,0x56a0,0x56a0,0x56a0,0x56a0,0x56a0,0x56a0,0x56a0,0x56a0,0x56a0,0x56a0,0x56a0,0x56a0,0x56a0,0x56a0,
		0x56a0,0x56a0,0x56a0,0x56a0,0x56a0,0x56a0,0x56a0,0x56a0,0x56a0,0x56a0,0x56a0,0x56a0,0x56a0,0x56a0,0x56a0,0x56a0,
		0x56a0,0x56a0,0x56a0,0x56a0,0x56a0,0x56a0,0x56a0,0x56a0,0x56a0,0x56a0,0x56a0,0x56a0,0x56a0,0x56a0,0x56a0,0x56a0,
		0x56a0,0x56a0,0x56a0,0x56a0,0x56a0,0x56a0,0x56a0,0x56a0,0x56a0,0x56a0,0x56a0,0x56a0,0x56a0,0x56a0,0x56a0,0x56a0,
		0x56a0,0x56a0,0x56a0,0x56a0,0x56a0,0x56a0,0x56a0,0x56a0,0x56a0,0x56a0,0x56a0,0x56a0,0x56a0,0x56a0,0x56a0,0x56a0,
		0x56a0,0x56a0,0x56a0,0x56a0,0x56a0,0x56a0,0x56a0,0x56a0,0x56a0,0x56a0,0x56a0,0x56a0,0x56a0,0x56a0,0x56a0,0x56a0,
		0x56a0,0x56a0,0x56a0,0x56a0,0x56a0,0x56a0,0x56a0,0x56a0,0x56a0,0x56a0,0x56a0,0x56a0,0x56a0,0x56a0,0x56a0,0x56a0,
		0x56a0,0x56a0,0x56a0,0x56a0,0x56a0,0x56a0,0x56a0,0x56a0,0x56a0,0x56a0,0x56a0,0x56a0,0x56a0,0x56a0,0x56a0,0x56a0,
		0x56a0,0x56a0,0x56a0,0x56a0,0x56a0,0x56a0,0x56a0,0x56a0,0x56a0,0x56a0,0x56a0,0x56a0,0x56a0,0x56a0,0x56a0,0x56a0,
		0x56a0,0x56a0,0x56a0,0x56a0,0x56a0,0x56a0,0x56a0,0x56a0,0x56a0,0x56a0,0x56a0,0x56a0,0xd1a0,0xf800,0xf800,0xf800,
		0xf800,0xf800,0xfd55,0xffff,0xffff,0xffff,0xffff,0xffff,0xffff,0xffff,0xffff,0xffff,0xffff,0xffff,0xffff,0xffff,
		0xffff,0xffff,0xffff,0xffff,0xffff,0xffff,0xffff,0xffff,0xffff,0xffff,0xffff,0xffff,0xffff,0xffff,0xffff,0xffff,
		0xffff,0xf8e3,0xf800,0xf800,0xf800,0xf800,0xf800,0xe800,0x0000,0x632c,0xffff,0xffff,0xffff,0xffff,0xffff,0xffff,
		0xffff,0xffff,0xffff,0xffff,0xffff,0xffff,0xffff,0xffff,0xffff,0xffff,0xffff,0xffff,0xffff,0xffff,0xffff,0xffff,
		0xffff,0xffff,0xffff,0xffbe,0xf841,0xf800,0xf800,0xf800,0xf800,0xf800,0x1800,0x0000,0x0040,0x5680,0x56a0,0x56a0,
		0x56a0,0x56a0,0x56a0,0x56a0,0x56a0,0x56a0,0x56a0,0x56a0,0x56a0,0x56a0,0x56a0,0x56a0,0x56a0,0x56a0,0x56a0,0x56a0,
		0x56a0,0x56a0,0x56a0,0x56a0,0x56a0,0x56a0,0x56a0,0x56a0,0x56a0,0x56a0,0x56a0,0x56a0,0x56a0,0x56a0,0x56a0,0x56a0,
		0x56a0,0x56a0,0x56a0,0x56a0,0x56a0,0x56a0,0x56a0,0x56a0,0x56a0,0x56a0,0x56a0,0x56a0,0x56a0,0x56a0,0x56a0,0x56a0,
		0x56a0,0x56a0,0x56a0,0x56a0,0x56a0,0x56a0,0x56a0,0x56a0,0x56a0,0x56a0,0x56a0,0x56a0,0x56a0,0x56a0,0x56a0,0x56a0,
		0x56a0,0x56a0,0x56a0,0x56a0,0x56a0,0x56a0,0x56a0,0x56a0,0x56a0,0x56a0,0x56a0,0x56a0,0x56a0,0x56a0,0x56a0,0x56a0,
		0x56a0,0x56a0,0x56a0,0x56a0,0x56a0,0x56a0,0x56a0,0x56a0,0x56a0,0x56a0,0x56a0,0x56a0,0x56a0,0x56a0,0x56a0,0x56a0,
		0x56a0,0x56a0,0x56a0,0x56a0,0x56a0,0x56a0,0x56a0,0x56a0,0x56a0,0x56a0,0x56a0,0x56a0,0x56a0,0x56a0,0x56a0,0x56a0,
		0x56a0,0x56a0,0x56a0,0x56a0,0x56a0,0x56a0,0x56a0,0x56a0,0x56a0,0x56a0,0x56a0,0x56a0,0x56a0,0x56a0,0x56a0,0x56a0,
		0x56a0,0x56a0,0x56a0,0x56a0,0x56a0,0x56a0,0x56a0,0x56a0,0x56a0,0x56a0,0x56a0,0x56a0,0x56a0,0x56a0,0x56a0,0x56a0,
		0x56a0,0x56a0,0x56a0,0x56a0,0x56a0,0x56a0,0x56a0,0x56a0,0x56a0,0x56a0,0x56a0,0x56a0,0x56a0,0x56a0,0x56a0,0x56a0,
		0x56a0,0x56a0,0x56a0,0x56a0,0x56a0,0x56a0,0x56a0,0x56a0,0x56a0,0x56a0,0x56a0,0x56a0,0x56a0,0x56a0,0x56a0,0x56a0,
		0x56a0,0x56a0,0x56a0,0x56a0,0x56a0,0x56a0,0x56a0,0x56a0,0x56a0,0x56a0,0x56a0,0x56a0,0x56a0,0x56a0,0x56a0,0x56a0,
		0x56a0,0x56a0,0x56a0,0x56a0,0x56a0,0x56a0,0x56a0,0x56a0,0x56a0,0x56a0,0x56a0,0x56a0,0x56a0,0x56a0,0x56a0,0x56a0,
		0x56a0,0x56a0,0x56a0,0x56a0,0x56a0,0x56a0,0x56a0,0x56a0,0x56a0,0x56a0,0x56a0,0x56a0,0x56a0,0x56a0,0x56a0,0x56a0,
		0x56a0,0x56a0,0x56a0,0x56a0,0x56a0,0x56a0,0x56a0,0x56a0,0x56a0,0x56a0,0x56a0,0x56a0,0xb300,0xf800,0xf800,0xf800,
		0xf800,0xf800,0xfb4d,0xffff,0xffff,0xffff,0xffff,0xffff,0xffff,0xffff,0xffff,0xffff,0xffff,0xffff,0xffff,0xffff,
		0xffff,0xffff,0xffff,0xffff,0xffff,0xffff,0xffff,0xffff,0xffff,0xffff,0xffff,0xffff,0xffff,0xffff,0xffff,0xffff,
		0xffff,0xf986,0xf800,0xf800,0xf800,0xf800,0xf800,0xf000,0x0000,0x5aeb,0xffff,0xffff,0xffff,0xffff,0xffff,0xffff,
		0xffff,0xffff,0xffff,0xffff,0xffff,0xffff,0xffff,0xffff,0xffff,0xffff,0xffff,0xffff,0xffff,0xffff,0xffff,0xffff,
		0xffff,0xffff,0xffff,0xfdf7,0xf800,0xf800,0xf800,0xf800,0xf800,0xd800,0x0000,0x0000,0x1140,0x56a0,0x56a0,0x56a0,
		0x56a0,0x56a0,0x56a0,0x56a0,0x56a0,0x56a0,0x56a0,0x56a0,0x56a0,0x56a0,0x56a0,0x56a0,0x56a0,0x56a0,0x56a0,0x56a0,
		0x56a0,0x56a0,0x56a0,0x56a0,0x56a0,0x56a0,0x56a0,0x56a0,0x56a0,0x56a0,0x56a0,0x56a0,0x56a0,0x56a0,0x56a0,0x56a0,
		0x56a0,0x56a0,0x56a0,0x56a0,0x56a0,0x56a0,0x56a0,0x56a0,0x56a0,0x56a0,0x56a0,0x56a0,0x56a0,0x56a0,0x56a0,0x56a0,
		0x56a0,0x56a0,0x56a0,0x56a0,0x56a0,0x56a0,0x56a0,0x56a0,0x56a0,0x56a0,0x56a0,0x56a0,0x56a0,0x56a0,0x56a0,0x56a0,
		0x56a0,0x56a0,0x56a0,0x56a0,0x56a0,0x56a0,0x56a0,0x56a0,0x56a0,0x56a0,0x56a0,0x56a0,0x56a0,0x56a0,0x56a0,0x56a0,
		0x56a0,0x56a0,0x56a0,0x56a0,0x56a0,0x56a0,0x56a0,0x56a0,0x56a0,0x56a0,0x56a0,0x56a0,0x56a0,0x56a0,0x56a0,0x56a0,
		0x56a0,0x56a0,0x56a0,0x56a0,0x56a0,0x56a0,0x56a0,0x56a0,0x56a0,0x56a0,0x56a0,0x56a0,0x56a0,0x56a0,0x56a0,0x56a0,
		0x56a0,0x56a0,0x56a0,0x56a0,0x56a0,0x56a0,0x56a0,0x56a0,0x56a0,0x56a0,0x56a0,0x56a0,0x56a0,0x56a0,0x56a0,0x56a0,
		0x56a0,0x56a0,0x56a0,0x56a0,0x56a0,0x56a0,0x56a0,0x56a0,0x56a0,0x56a0,0x56a0,0x56a0,0x56a0,0x56a0,0x56a0,0x56a0,
		0x56a0,0x56a0,0x56a0,0x56a0,0x56a0,0x56a0,0x56a0,0x56a0,0x56a0,0x56a0,0x56a0,0x56a0,0x56a0,0x56a0,0x56a0,0x56a0,
		0x56a0,0x56a0,0x56a0,0x56a0,0x56a0,0x56a0,0x56a0,0x56a0,0x56a0,0x56a0,0x56a0,0x56a0,0x56a0,0x56a0,0x56a0,0x56a0,
		0x56a0,0x56a0,0x56a0,0x56a0,0x56a0,0x56a0,0x56a0,0x56a0,0x56a0,0x56a0,0x56a0,0x56a0,0x56a0,0x56a0,0x56a0,0x56a0,
		0x56a0,0x56a0,0x56a0,0x56a0,0x56a0,0x56a0,0x56a0,0x56a0,0x56a0,0x56a0,0x56a0,0x56a0,0x56a0,0x56a0,0x56a0,0x56a0,
		0x56a0,0x56a0,0x56a0,0x56a0,0x56a0,0x56a0,0x56a0,0x56a0,0x56a0,0x56a0,0x56a0,0x56a0,0x56a0,0x56a0,0x56a0,0x56a0,
		0x56a0,0x56a0,0x56a0,0x56a0,0x56a0,0x56a0,0x56a0,0x56a0,0x56a0,0x56a0,0x56a0,0x56a0,0x8c80,0xf800,0xf800,0xf800,
		0xf800,0xf800,0xf924,0xffff,0xffff,0xffff,0xffff,0xffff,0xffff,0xffff,0xffff,0xffff,0xffff,0xffff,0xffff,0xffff,
		0xffff,0xffff,0xffff,0xffff,0xffff,0xffff,0xffff,0xffff,0xffff,0xffff,0xffff,0xffff,0xffff,0xffff,0xffff,0xffff,
		0xffff,0xf9c7,0xf800,0xf800,0xf800,0xf800,0xf800,0xf800,0x0000,0x4a69,0xffff,0xffff,0xffff,0xffff,0xffff,0xffff,
		0xffff,0xffff,0xffff,0xffff,0xffff,0xffff,0xffff,0xffff,0xffff,0xffff,0xffff,0xffff,0xffff,0xffff,0xffff,0xffff,
		0xffff,0xffff,0xffff,0xfbcf,0xf800,0xf800,0xf800,0xf800,0xf800,0xa000,0x0000,0x0000,0x2280,0x56a0,0x56a0,0x56a0,
		0x56a0,0x56a0,0x56a0,0x56a0,0x56a0,0x56a0,0x56a0,0x56a0,0x56a0,0x56a0,0x56a0,0x56a0,0x56a0,0x56a0,0x56a0,0x56a0,
		0x56a0,0x56a0,0x56a0,0x56a0,0x56a0,0x56a0,0x56a0,0x56a0,0x56a0,0x56a0,0x56a0,0x56a0,0x56a0,0x56a0,0x56a0,0x56a0,
		0x56a0,0x56a0,0x56a0,0x56a0,0x56a0,0x56a0,0x56a0,0x56a0,0x56a0,0x56a0,0x56a0,0x56a0,0x56a0,0x56a0,0x56a0,0x56a0,
		0x56a0,0x56a0,0x56a0,0x56a0,0x56a0,0x56a0,0x56a0,0x56a0,0x56a0,0x56a0,0x56a0,0x56a0,0x56a0,0x56a0,0x56a0,0x56a0,
		0x56a0,0x56a0,0x56a0,0x56a0,0x56a0,0x56a0,0x56a0,0x56a0,0x56a0,0x56a0,0x56a0,0x56a0,0x56a0,0x56a0,0x56a0,0x56a0,
		0x56a0,0x56a0,0x56a0,0x56a0,0x56a0,0x56a0,0x56a0,0x56a0,0x56a0,0x56a0,0x56a0,0x56a0,0x56a0,0x56a0,0x56a0,0x56a0,
		0x56a0,0x56a0,0x56a0,0x56a0,0x56a0,0x56a0,0x56a0,0x56a0,0x56a0,0x56a0,0x56a0,0x56a0,0x56a0,0x56a0,0x56a0,0x56a0,
		0x56a0,0x56a0,0x56a0,0x56a0,0x56a0,0x56a0,0x56a0,0x56a0,0x56a0,0x56a0,0x56a0,0x56a0,0x56a0,0x56a0,0x56a0,0x56a0,
		0x56a0,0x56a0,0x56a0,0x56a0,0x56a0,0x56a0,0x56a0,0x56a0,0x56a0,0x56a0,0x56a0,0x56a0,0x56a0,0x56a0,0x56a0,0x56a0,
		0x56a0,0x56a0,0x56a0,0x56a0,0x56a0,0x56a0,0x56a0,0x56a0,0x56a0,0x56a0,0x56a0,0x56a0,0x56a0,0x56a0,0x56a0,0x56a0,
		0x56a0,0x56a0,0x56a0,0x56a0,0x56a0,0x56a0,0x56a0,0x56a0,0x56a0,0x56a0,0x56a0,0x56a0,0x56a0,0x56a0,0x56a0,0x56a0,
		0x56a0,0x56a0,0x56a0,0x56a0,0x56a0,0x56a0,0x56a0,0x56a0,0x56a0,0x56a0,0x56a0,0x56a0,0x56a0,0x56a0,0x56a0,0x56a0,
		0x56a0,0x56a0,0x56a0,0x56a0,0x56a0,0x56a0,0x56a0,0x56a0,0x56a0,0x56a0,0x56a0,0x56a0,0x56a0,0x56a0,0x56a0,0x56a0,
		0x56a0,0x56a0,0x56a0,0x56a0,0x56a0,0x56a0,0x56a0,0x56a0,0x56a0,0x56a0,0x56a0,0x56a0,0x56a0,0x56a0,0x56a0,0x56a0,
		0x56a0,0x56a0,0x56a0,0x56a0,0x56a0,0x56a0,0x56a0,0x56a0,0x56a0,0x56a0,0x56a0,0x56a0,0x6600,0xf820,0xf800,0xf800,
		0xf800,0xf800,0xf800,0xfe9a,0xffff,0xffff,0xffff,0xffff,0xffff,0xffff,0xffff,0xffff,0xffff,0xffff,0xffff,0xffff,
		0xffff,0xffff,0xffff,0xffff,0xffff,0xffff,0xffff,0xffff,0xffff,0xffff,0xffff,0xffff,0xffff,0xffff,0xffff,0xffff,
		0xffff,0xf9e7,0xf800,0xf800,0xf800,0xf800,0xf800,0xf800,0x1000,0x39e7,0xffff,0xffff,0xffff,0xffff,0xffff,0xffff,
		0xffff,0xffff,0xffff,0xffff,0xffff,0xffff,0xffff,0xffff,0xffff,0xffff,0xffff,0xffff,0xffff,0xffff,0xffff,0xffff,
		0xffff,0xffff,0xffff,0xf945,0xf800,0xf800,0xf800,0xf800,0xf800,0x6000,0x0000,0x0000,0x3400,0x56a0,0x56a0,0x56a0,
		0x56a0,0x56a0,0x56a0,0x56a0,0x56a0,0x56a0,0x56a0,0x56a0,0x56a0,0x56a0,0x56a0,0x56a0,0x56a0,0x56a0,0x56a0,0x56a0,
		0x56a0,0x56a0,0x56a0,0x56a0,0x56a0,0x56a0,0x56a0,0x56a0,0x56a0,0x56a0,0x56a0,0x56a0,0x56a0,0x56a0,0x56a0,0x56a0,
		0x56a0,0x56a0,0x56a0,0x56a0,0x56a0,0x56a0,0x56a0,0x56a0,0x56a0,0x56a0,0x56a0,0x56a0,0x56a0,0x56a0,0x56a0,0x56a0,
		0x56a0,0x56a0,0x56a0,0x56a0,0x56a0,0x56a0,0x56a0,0x56a0,0x56a0,0x56a0,0x56a0,0x56a0,0x56a0,0x56a0,0x56a0,0x56a0,
		0x56a0,0x56a0,0x56a0,0x56a0,0x56a0,0x56a0,0x56a0,0x56a0,0x56a0,0x56a0,0x56a0,0x56a0,0x56a0,0x56a0,0x56a0,0x56a0,
		0x56a0,0x56a0,0x56a0,0x56a0,0x56a0,0x56a0,0x56a0,0x56a0,0x56a0,0x56a0,0x56a0,0x56a0,0x56a0,0x56a0,0x56a0,0x56a0,
		0x56a0,0x56a0,0x56a0,0x56a0,0x56a0,0x56a0,0x56a0,0x56a0,0x56a0,0x56a0,0x56a0,0x56a0,0x56a0,0x56a0,0x56a0,0x56a0,
		0x56a0,0x56a0,0x56a0,0x56a0,0x56a0,0x56a0,0x56a0,0x56a0,0x56a0,0x56a0,0x56a0,0x56a0,0x56a0,0x56a0,0x56a0,0x56a0,
		0x56a0,0x56a0,0x56a0,0x56a0,0x56a0,0x56a0,0x56a0,0x56a0,0x56a0,0x56a0,0x56a0,0x56a0,0x56a0,0x56a0,0x56a0,0x56a0,
		0x56a0,0x56a0,0x56a0,0x56a0,0x56a0,0x56a0,0x56a0,0x56a0,0x56a0,0x56a0,0x56a0,0x56a0,0x56a0,0x56a0,0x56a0,0x56a0,
		0x56a0,0x56a0,0x56a0,0x56a0,0x56a0,0x56a0,0x56a0,0x56a0,0x56a0,0x56a0,0x56a0,0x56a0,0x56a0,0x56a0,0x56a0,0x56a0,
		0x56a0,0x56a0,0x56a0,0x56a0,0x56a0,0x56a0,0x56a0,0x56a0,0x56a0,0x56a0,0x56a0,0x56a0,0x56a0,0x56a0,0x56a0,0x56a0,
		0x56a0,0x56a0,0x56a0,0x56a0,0x56a0,0x56a0,0x56a0,0x56a0,0x56a0,0x56a0,0x56a0,0x56a0,0x56a0,0x56a0,0x56a0,0x56a0,
		0x56a0,0x56a0,0x56a0,0x56a0,0x56a0,0x56a0,0x56a0,0x56a0,0x56a0,0x56a0,0x56a0,0x56a0,0x56a0,0x56a0,0x56a0,0x56a0,
		0x56a0,0x56a0,0x56a0,0x56a0,0x56a0,0x56a0,0x56a0,0x56a0,0x56a0,0x56a0,0x56a0,0x56a0,0x56a0,0xd980,0xf800,0xf800,
		0xf800,0xf800,0xf800,0xfbcf,0xffff,0xffff,0xffff,0xffff,0xffff,0xffff,0xffff,0xffff,0xffff,0xffff,0xffff,0xffff,
		0xffff,0xffff,0xffff,0xffff,0xffff,0xffff,0xffff,0xffff,0xffff,0xffff,0xffff,0xffff,0xffff,0xffff,0xffff,0xffff,
		0xffff,0xfa08,0xf800,0xf800,0xf800,0xf800,0xf800,0xf800,0x1800,0x31a6,0xffff,0xffff,0xffff,0xffff,0xffff,0xffff,
		0xffff,0xffff,0xffff,0xffff,0xffff,0xffff,0xffff,0xffff,0xffff,0xffff,0xffff,0xffff,0xffff,0xffff,0xffff,0xffff,
		0xffff,0xffff,0xfe79,0xf800,0xf800,0xf800,0xf800,0xf800,0xf800,0x1800,0x0000,0x0000,0x4da0,0x56a0,0x56a0,0x56a0,
		0x56a0,0x56a0,0x56a0,0x56a0,0x56a0,0x56a0,0x56a0,0x56a0,0x56a0,0x56a0,0x56a0,0x56a0,0x56a0,0x56a0,0x56a0,0x56a0,
		0x56a0,0x56a0,0x56a0,0x56a0,0x56a0,0x56a0,0x56a0,0x56a0,0x56a0,0x56a0,0x56a0,0x56a0,0x56a0,0x56a0,0x56a0,0x56a0,
		0x56a0,0x56a0,0x56a0,0x56a0,0x56a0,0x56a0,0x56a0,0x56a0,0x56a0,0x56a0,0x56a0,0x56a0,0x56a0,0x56a0,0x56a0,0x56a0,
		0x56a0,0x56a0,0x56a0,0x56a0,0x56a0,0x56a0,0x56a0,0x56a0,0x56a0,0x56a0,0x56a0,0x56a0,0x56a0,0x56a0,0x56a0,0x56a0,
		0x56a0,0x56a0,0x56a0,0x56a0,0x56a0,0x56a0,0x56a0,0x56a0,0x56a0,0x56a0,0x56a0,0x56a0,0x56a0,0x56a0,0x56a0,0x56a0,
		0x56a0,0x56a0,0x56a0,0x56a0,0x56a0,0x56a0,0x56a0,0x56a0,0x56a0,0x56a0,0x56a0,0x56a0,0x56a0,0x56a0,0x56a0,0x56a0,
		0x56a0,0x56a0,0x56a0,0x56a0,0x56a0,0x56a0,0x56a0,0x56a0,0x56a0,0x56a0,0x56a0,0x56a0,0x56a0,0x56a0,0x56a0,0x56a0,
		0x56a0,0x56a0,0x56a0,0x56a0,0x56a0,0x56a0,0x56a0,0x56a0,0x56a0,0x56a0,0x56a0,0x56a0,0x56a0,0x56a0,0x56a0,0x56a0,
		0x56a0,0x56a0,0x56a0,0x56a0,0x56a0,0x56a0,0x56a0,0x56a0,0x56a0,0x56a0,0x56a0,0x56a0,0x56a0,0x56a0,0x56a0,0x56a0,
		0x56a0,0x56a0,0x56a0,0x56a0,0x56a0,0x56a0,0x56a0,0x56a0,0x56a0,0x56a0,0x56a0,0x56a0,0x56a0,0x56a0,0x56a0,0x56a0,
		0x56a0,0x56a0,0x56a0,0x56a0,0x56a0,0x56a0,0x56a0,0x56a0,0x56a0,0x56a0,0x56a0,0x56a0,0x56a0,0x56a0,0x56a0,0x56a0,
		0x56a0,0x56a0,0x56a0,0x56a0,0x56a0,0x56a0,0x56a0,0x56a0,0x56a0,0x56a0,0x56a0,0x56a0,0x56a0,0x56a0,0x56a0,0x56a0,
		0x56a0,0x56a0,0x56a0,0x56a0,0x56a0,0x56a0,0x56a0,0x56a0,0x56a0,0x56a0,0x56a0,0x56a0,0x56a0,0x56a0,0x56a0,0x56a0,
		0x56a0,0x56a0,0x56a0,0x56a0,0x56a0,0x56a0,0x56a0,0x56a0,0x56a0,0x56a0,0x56a0,0x56a0,0x56a0,0x56a0,0x56a0,0x56a0,
		0x56a0,0x56a0,0x56a0,0x56a0,0x56a0,0x56a0,0x56a0,0x56a0,0x56a0,0x56a0,0x56a0,0x56a0,0x56a0,0xa3a0,0xf800,0xf800,
		0xf800,0xf800,0xf800,0xf8e3,0xffdf,0xffff,0xffff,0xffff,0xffff,0xffff,0xffff,0xffff,0xffff,0xffff,0xffff,0xffff,
		0xffff,0xffff,0xffff,0xffff,0xffff,0xffff,0xffff,0xffff,0xffff,0xffff,0xffff,0xffff,0xffff,0xffff,0xffff,0xffff,
		0xffff,0xfa28,0xf800,0xf800,0xf800,0xf800,0xf800,0xf800,0x2000,0x2945,0xffff,0xffff,0xffff,0xffff,0xffff,0xffff,
		0xffff,0xffff,0xffff,0xffff,0xffff,0xffff,0xffff,0xffff,0xffff,0xffff,0xffff,0xffff,0xffff,0xffff,0xffff,0xffff,
		0xffff,0xffff,0xfb6d,0xf800,0xf800,0xf800,0xf800,0xf800,0xc800,0x0000,0x0000,0x08c0,0x56a0,0x56a0,0x56a0,0x56a0,
		0x56a0,0x56a0,0x56a0,0x56a0,0x56a0,0x56a0,0x56a0,0x56a0,0x56a0,0x56a0,0x56a0,0x56a0,0x56a0,0x56a0,0x56a0,0x56a0,
		0x56a0,0x56a0,0x56a0,0x56a0,0x56a0,0x56a0,0x56a0,0x56a0,0x56a0,0x56a0,0x56a0,0x56a0,0x56a0,0x56a0,0x56a0,0x56a0,
		0x56a0,0x56a0,0x56a0,0x56a0,0x56a0,0x56a0,0x56a0,0x56a0,0x56a0,0x56a0,0x56a0,0x56a0,0x56a0,0x56a0,0x56a0,0x56a0,
		0x56a0,0x56a0,0x56a0,0x56a0,0x56a0,0x56a0,0x56a0,0x56a0,0x56a0,0x56a0,0x56a0,0x56a0,0x56a0,0x56a0,0x56a0,0x56a0,
		0x56a0,0x56a0,0x56a0,0x56a0,0x56a0,0x56a0,0x56a0,0x56a0,0x56a0,0x56a0,0x56a0,0x56a0,0x56a0,0x56a0,0x56a0,0x56a0,
		0x56a0,0x56a0,0x56a0,0x56a0,0x56a0,0x56a0,0x56a0,0x56a0,0x56a0,0x56a0,0x56a0,0x56a0,0x56a0,0x56a0,0x56a0,0x56a0,
		0x56a0,0x56a0,0x56a0,0x56a0,0x56a0,0x56a0,0x56a0,0x56a0,0x56a0,0x56a0,0x56a0,0x56a0,0x56a0,0x56a0,0x56a0,0x56a0,
		0x56a0,0x56a0,0x56a0,0x56a0,0x56a0,0x56a0,0x56a0,0x56a0,0x56a0,0x56a0,0x56a0,0x56a0,0x56a0,0x56a0,0x56a0,0x56a0,
		0x56a0,0x56a0,0x56a0,0x56a0,0x56a0,0x56a0,0x56a0,0x56a0,0x56a0,0x56a0,0x56a0,0x56a0,0x56a0,0x56a0,0x56a0,0x56a0,
		0x56a0,0x56a0,0x56a0,0x56a0,0x56a0,0x56a0,0x56a0,0x56a0,0x56a0,0x56a0,0x56a0,0x56a0,0x56a0,0x56a0,0x56a0,0x56a0,
		0x56a0,0x56a0,0x56a0,0x56a0,0x56a0,0x56a0,0x56a0,0x56a0,0x56a0,0x56a0,0x56a0,0x56a0,0x56a0,0x56a0,0x56a0,0x56a0,
		0x56a0,0x56a0,0x56a0,0x56a0,0x56a0,0x56a0,0x56a0,0x56a0,0x56a0,0x56a0,0x56a0,0x56a0,0x56a0,0x56a0,0x56a0,0x56a0,
		0x56a0,0x56a0,0x56a0,0x56a0,0x56a0,0x56a0,0x56a0,0x56a0,0x56a0,0x56a0,0x56a0,0x56a0,0x56a0,0x56a0,0x56a0,0x56a0,
		0x56a0,0x56a0,0x56a0,0x56a0,0x56a0,0x56a0,0x56a0,0x56a0,0x56a0,0x56a0,0x56a0,0x56a0,0x56a0,0x56a0,0x56a0,0x56a0,
		0x56a0,0x56a0,0x56a0,0x56a0,0x56a0,0x56a0,0x56a0,0x56a0,0x56a0,0x56a0,0x56a0,0x56a0,0x56a0,0x6dc0,0xf820,0xf800,
		0xf800,0xf800,0xf800,0xf800,0xfd75,0xffff,0xffff,0xffff,0xffff,0xffff,0xffff,0xffff,0xffff,0xffff,0xffff,0xffff,
		0xffff,0xffff,0xffff,0xffff,0xffff,0xffff,0xffff,0xffff,0xffff,0xffff,0xffff,0xffff,0xffff,0xffff,0xffff,0xffff,
		0xffff,0xfa49,0xf800,0xf800,0xf800,0xf800,0xf800,0xf800,0x2000,0x18c3,0xffff,0xffff,0xffff,0xffff,0xffff,0xffff,
		0xffff,0xffff,0xffff,0xffff,0xffff,0xffff,0xffff,0xffff,0xffff,0xffff,0xffff,0xffff,0xffff,0xffff,0xffff,0xffff,
		0xffff,0xff9e,0xf882,0xf800,0xf800,0xf800,0xf800,0xf800,0x6800,0x0000,0x0000,0x22c0,0x56a0,0x56a0,0x56a0,0x56a0,
		0x56a0,0x56a0,0x56a0,0x56a0,0x56a0,0x56a0,0x56a0,0x56a0,0x56a0,0x56a0,0x56a0,0x56a0,0x56a0,0x56a0,0x56a0,0x56a0,
		0x56a0,0x56a0,0x56a0,0x56a0,0x56a0,0x56a0,0x56a0,0x56a0,0x56a0,0x56a0,0x56a0,0x56a0,0x56a0,0x56a0,0x56a0,0x56a0,
		0x56a0,0x56a0,0x56a0,0x56a0,0x56a0,0x56a0,0x56a0,0x56a0,0x56a0,0x56a0,0x56a0,0x56a0,0x56a0,0x56a0,0x56a0,0x56a0,
		0x56a0,0x56a0,0x56a0,0x56a0,0x56a0,0x56a0,0x56a0,0x56a0,0x56a0,0x56a0,0x56a0,0x56a0,0x56a0,0x56a0,0x56a0,0x56a0,
		0x56a0,0x56a0,0x56a0,0x56a0,0x56a0,0x56a0,0x56a0,0x56a0,0x56a0,0x56a0,0x56a0,0x56a0,0x56a0,0x56a0,0x56a0,0x56a0,
		0x56a0,0x56a0,0x56a0,0x56a0,0x56a0,0x56a0,0x56a0,0x56a0,0x56a0,0x56a0,0x56a0,0x56a0,0x56a0,0x56a0,0x56a0,0x56a0,
		0x56a0,0x56a0,0x56a0,0x56a0,0x56a0,0x56a0,0x56a0,0x56a0,0x56a0,0x56a0,0x56a0,0x56a0,0x56a0,0x56a0,0x56a0,0x56a0,
		0x56a0,0x56a0,0x56a0,0x56a0,0x56a0,0x56a0,0x56a0,0x56a0,0x56a0,0x56a0,0x56a0,0x56a0,0x56a0,0x56a0,0x56a0,0x56a0,
		0x56a0,0x56a0,0x56a0,0x56a0,0x56a0,0x56a0,0x56a0,0x56a0,0x56a0,0x56a0,0x56a0,0x56a0,0x56a0,0x56a0,0x56a0,0x56a0,
		0x56a0,0x56a0,0x56a0,0x56a0,0x56a0,0x56a0,0x56a0,0x56a0,0x56a0,0x56a0,0x56a0,0x56a0,0x56a0,0x56a0,0x56a0,0x56a0,
		0x56a0,0x56a0,0x56a0,0x56a0,0x56a0,0x56a0,0x56a0,0x56a0,0x56a0,0x56a0,0x56a0,0x56a0,0x56a0,0x56a0,0x56a0,0x56a0,
		0x56a0,0x56a0,0x56a0,0x56a0,0x56a0,0x56a0,0x56a0,0x56a0,0x56a0,0x56a0,0x56a0,0x56a0,0x56a0,0x56a0,0x56a0,0x56a0,
		0x56a0,0x56a0,0x56a0,0x56a0,0x56a0,0x56a0,0x56a0,0x56a0,0x56a0,0x56a0,0x56a0,0x56a0,0x56a0,0x56a0,0x56a0,0x56a0,
		0x56a0,0x56a0,0x56a0,0x56a0,0x56a0,0x56a0,0x56a0,0x56a0,0x56a0,0x56a0,0x56a0,0x56a0,0x56a0,0x56a0,0x56a0,0x56a0,
		0x56a0,0x56a0,0x56a0,0x56a0,0x56a0,0x56a0,0x56a0,0x56a0,0x56a0,0x56a0,0x56a0,0x56a0,0x56a0,0x56a0,0xd1c0,0xf800,
		0xf800,0xf800,0xf800,0xf800,0xf9c7,0xffff,0xffff,0xffff,0xffff,0xffff,0xffff,0xffff,0xffff,0xffff,0xffff,0xffff,
		0xffff,0xffff,0xffff,0xffff,0xffff,0xffff,0xffff,0xffff,0xffff,0xffff,0xffff,0xffff,0xffff,0xffff,0xffff,0xffff,
		0xffff,0xfaaa,0xf800,0xf800,0xf800,0xf800,0xf800,0xf800,0x2800,0x10a2,0xffff,0xffff,0xffff,0xffff,0xffff,0xffff,
		0xffff,0xffff,0xffff,0xffff,0xffff,0xffff,0xffff,0xffff,0xffff,0xffff,0xffff,0xffff,0xffff,0xffff,0xffff,0xffff,
		0xffff,0xfc71,0xf800,0xf800,0xf800,0xf800,0xf800,0xf800,0x1000,0x0000,0x0000,0x4500,0x56a0,0x56a0,0x56a0,0x56a0,
		0x56a0,0x56a0,0x56a0,0x56a0,0x56a0,0x56a0,0x56a0,0x56a0,0x56a0,0x56a0,0x56a0,0x56a0,0x56a0,0x56a0,0x56a0,0x56a0,
		0x56a0,0x56a0,0x56a0,0x56a0,0x56a0,0x56a0,0x56a0,0x56a0,0x56a0,0x56a0,0x56a0,0x56a0,0x56a0,0x56a0,0x56a0,0x56a0,
		0x56a0,0x56a0,0x56a0,0x56a0,0x56a0,0x56a0,0x56a0,0x56a0,0x56a0,0x56a0,0x56a0,0x56a0,0x56a0,0x56a0,0x56a0,0x56a0,
		0x56a0,0x56a0,0x56a0,0x56a0,0x56a0,0x56a0,0x56a0,0x56a0,0x56a0,0x56a0,0x56a0,0x56a0,0x56a0,0x56a0,0x56a0,0x56a0,
		0x56a0,0x56a0,0x56a0,0x56a0,0x56a0,0x56a0,0x56a0,0x56a0,0x56a0,0x56a0,0x56a0,0x56a0,0x56a0,0x56a0,0x56a0,0x56a0,
		0x56a0,0x56a0,0x56a0,0x56a0,0x56a0,0x56a0,0x56a0,0x56a0,0x56a0,0x56a0,0x56a0,0x56a0,0x56a0,0x56a0,0x56a0,0x56a0,
		0x56a0,0x56a0,0x56a0,0x56a0,0x56a0,0x56a0,0x56a0,0x56a0,0x56a0,0x56a0,0x56a0,0x56a0,0x56a0,0x56a0,0x56a0,0x56a0,
		0x56a0,0x56a0,0x56a0,0x56a0,0x56a0,0x56a0,0x56a0,0x56a0,0x56a0,0x56a0,0x56a0,0x56a0,0x56a0,0x56a0,0x56a0,0x56a0,
		0x56a0,0x56a0,0x56a0,0x56a0,0x56a0,0x56a0,0x56a0,0x56a0,0x56a0,0x56a0,0x56a0,0x56a0,0x56a0,0x56a0,0x56a0,0x56a0,
		0x56a0,0x56a0,0x56a0,0x56a0,0x56a0,0x56a0,0x56a0,0x56a0,0x56a0,0x56a0,0x56a0,0x56a0,0x56a0,0x56a0,0x56a0,0x56a0,
		0x56a0,0x56a0,0x56a0,0x56a0,0x56a0,0x56a0,0x56a0,0x56a0,0x56a0,0x56a0,0x56a0,0x56a0,0x56a0,0x56a0,0x56a0,0x56a0,
		0x56a0,0x56a0,0x56a0,0x56a0,0x56a0,0x56a0,0x56a0,0x56a0,0x56a0,0x56a0,0x56a0,0x56a0,0x56a0,0x56a0,0x56a0,0x56a0,
		0x56a0,0x56a0,0x56a0,0x56a0,0x56a0,0x56a0,0x56a0,0x56a0,0x56a0,0x56a0,0x56a0,0x56a0,0x56a0,0x56a0,0x56a0,0x56a0,
		0x56a0,0x56a0,0x56a0,0x56a0,0x56a0,0x56a0,0x56a0,0x56a0,0x56a0,0x56a0,0x56a0,0x56a0,0x56a0,0x56a0,0x56a0,0x56a0,
		0x56a0,0x56a0,0x56a0,0x56a0,0x56a0,0x56a0,0x56a0,0x56a0,0x56a0,0x56a0,0x56a0,0x56a0,0x56a0,0x56a0,0x8c80,0xf800,
		0xf800,0xf800,0xf800,0xf800,0xf800,0xfdb6,0xffff,0xffff,0xffff,0xffff,0xffff,0xffff,0xffff,0xffff,0xffff,0xffff,
		0xffff,0xffff,0xffff,0xffff,0xffff,0xffff,0xffff,0xffff,0xffff,0xffff,0xffff,0xffff,0xffff,0xffff,0xffff,0xffff,
		0xffff,0xfb0c,0xf800,0xf800,0xf800,0xf800,0xf800,0xf800,0x3000,0x1082,0xffdf,0xffff,0xffff,0xffff,0xffff,0xffff,
		0xffff,0xffff,0xffff,0xffff,0xffff,0xffff,0xffff,0xffff,0xffff,0xffff,0xffff,0xffff,0xffff,0xffff,0xffff,0xffff,
		0xff9e,0xf8c3,0xf800,0xf800,0xf800,0xf800,0xf800,0xa000,0x0000,0x0000,0x08c0,0x5680,0x56a0,0x56a0,0x56a0,0x56a0,
		0x56a0,0x56a0,0x56a0,0x56a0,0x56a0,0x56a0,0x56a0,0x56a0,0x56a0,0x56a0,0x56a0,0x56a0,0x56a0,0x56a0,0x56a0,0x56a0,
		0x56a0,0x56a0,0x56a0,0x56a0,0x56a0,0x56a0,0x56a0,0x56a0,0x56a0,0x56a0,0x56a0,0x56a0,0x56a0,0x56a0,0x56a0,0x56a0,
		0x56a0,0x56a0,0x56a0,0x56a0,0x56a0,0x56a0,0x56a0,0x56a0,0x56a0,0x56a0,0x56a0,0x56a0,0x56a0,0x56a0,0x56a0,0x56a0,
		0x56a0,0x56a0,0x56a0,0x56a0,0x56a0,0x56a0,0x56a0,0x56a0,0x56a0,0x56a0,0x56a0,0x56a0,0x56a0,0x56a0,0x56a0,0x56a0,
		0x56a0,0x56a0,0x56a0,0x56a0,0x56a0,0x56a0,0x56a0,0x56a0,0x56a0,0x56a0,0x56a0,0x56a0,0x56a0,0x56a0,0x56a0,0x56a0,
		0x56a0,0x56a0,0x56a0,0x56a0,0x56a0,0x56a0,0x56a0,0x56a0,0x56a0,0x56a0,0x56a0,0x56a0,0x56a0,0x56a0,0x56a0,0x56a0,
		0x56a0,0x56a0,0x56a0,0x56a0,0x56a0,0x56a0,0x56a0,0x56a0,0x56a0,0x56a0,0x56a0,0x56a0,0x56a0,0x56a0,0x56a0,0x56a0,
		0x56a0,0x56a0,0x56a0,0x56a0,0x56a0,0x56a0,0x56a0,0x56a0,0x56a0,0x56a0,0x56a0,0x56a0,0x56a0,0x56a0,0x56a0,0x56a0,
		0x56a0,0x56a0,0x56a0,0x56a0,0x56a0,0x56a0,0x56a0,0x56a0,0x56a0,0x56a0,0x56a0,0x56a0,0x56a0,0x56a0,0x56a0,0x56a0,
		0x56a0,0x56a0,0x56a0,0x56a0,0x56a0,0x56a0,0x56a0,0x56a0,0x56a0,0x56a0,0x56a0,0x56a0,0x56a0,0x56a0,0x56a0,0x56a0,
		0x56a0,0x56a0,0x56a0,0x56a0,0x56a0,0x56a0,0x56a0,0x56a0,0x56a0,0x56a0,0x56a0,0x56a0,0x56a0,0x56a0,0x56a0,0x56a0,
		0x56a0,0x56a0,0x56a0,0x56a0,0x56a0,0x56a0,0x56a0,0x56a0,0x56a0,0x56a0,0x56a0,0x56a0,0x56a0,0x56a0,0x56a0,0x56a0,
		0x56a0,0x56a0,0x56a0,0x56a0,0x56a0,0x56a0,0x56a0,0x56a0,0x56a0,0x56a0,0x56a0,0x56a0,0x56a0,0x56a0,0x56a0,0x56a0,
		0x56a0,0x56a0,0x56a0,0x56a0,0x56a0,0x56a0,0x56a0,0x56a0,0x56a0,0x56a0,0x56a0,0x56a0,0x56a0,0x56a0,0x56a0,0x56a0,
		0x56a0,0x56a0,0x56a0,0x56a0,0x56a0,0x56a0,0x56a0,0x56a0,0x56a0,0x56a0,0x56a0,0x56a0,0x56a0,0x56a0,0x5e80,0xe0e0,
		0xf800,0xf800,0xf800,0xf800,0xf800,0xf986,0xffdf,0xffff,0xffff,0xffff,0xffff,0xffff,0xffff,0xffff,0xffff,0xffff,
		0xffff,0xffff,0xffff,0xffff,0xffff,0xffff,0xffff,0xffff,0xffff,0xffff,0xffff,0xffff,0xffff,0xffff,0xffff,0xffff,
		0xffff,0xfb4d,0xf800,0xf800,0xf800,0xf800,0xf800,0xf800,0x3000,0x1082,0xffdf,0xffff,0xffff,0xffff,0xffff,0xffff,
		0xffff,0xffff,0xffff,0xffff,0xffff,0xffff,0xffff,0xffff,0xffff,0xffff,0xffff,0xffff,0xffff,0xffff,0xffff,0xffff,
		0xfc10,0xf800,0xf800,0xf800,0xf800,0xf800,0xf800,0x3000,0x0000,0x0000,0x2b60,0x56a0,0x56a0,0x56a0,0x56a0,0x56a0,
		0x56a0,0x56a0,0x56a0,0x56a0,0x56a0,0x56a0,0x56a0,0x56a0,0x56a0,0x56a0,0x56a0,0x56a0,0x56a0,0x56a0,0x56a0,0x56a0,
		0x56a0,0x56a0,0x56a0,0x56a0,0x56a0,0x56a0,0x56a0,0x56a0,0x56a0,0x56a0,0x56a0,0x56a0,0x56a0,0x56a0,0x56a0,0x56a0,
		0x56a0,0x56a0,0x56a0,0x56a0,0x56a0,0x56a0,0x56a0,0x56a0,0x56a0,0x56a0,0x56a0,0x56a0,0x56a0,0x56a0,0x56a0,0x56a0,
		0x56a0,0x56a0,0x56a0,0x56a0,0x56a0,0x56a0,0x56a0,0x56a0,0x56a0,0x56a0,0x56a0,0x56a0,0x56a0,0x56a0,0x56a0,0x56a0,
		0x56a0,0x56a0,0x56a0,0x56a0,0x56a0,0x56a0,0x56a0,0x56a0,0x56a0,0x56a0,0x56a0,0x56a0,0x56a0,0x56a0,0x56a0,0x56a0,
		0x56a0,0x56a0,0x56a0,0x56a0,0x56a0,0x56a0,0x56a0,0x56a0,0x56a0,0x56a0,0x56a0,0x56a0,0x56a0,0x56a0,0x56a0,0x56a0,
		0x56a0,0x56a0,0x56a0,0x56a0,0x56a0,0x56a0,0x56a0,0x56a0,0x56a0,0x56a0,0x56a0,0x56a0,0x56a0,0x56a0,0x56a0,0x56a0,
		0x56a0,0x56a0,0x56a0,0x56a0,0x56a0,0x56a0,0x56a0,0x56a0,0x56a0,0x56a0,0x56a0,0x56a0,0x56a0,0x56a0,0x56a0,0x56a0,
		0x56a0,0x56a0,0x56a0,0x56a0,0x56a0,0x56a0,0x56a0,0x56a0,0x56a0,0x56a0,0x56a0,0x56a0,0x56a0,0x56a0,0x56a0,0x56a0,
		0x56a0,0x56a0,0x56a0,0x56a0,0x56a0,0x56a0,0x56a0,0x56a0,0x56a0,0x56a0,0x56a0,0x56a0,0x56a0,0x56a0,0x56a0,0x56a0,
		0x56a0,0x56a0,0x56a0,0x56a0,0x56a0,0x56a0,0x56a0,0x56a0,0x56a0,0x56a0,0x56a0,0x56a0,0x56a0,0x56a0,0x56a0,0x56a0,
		0x56a0,0x56a0,0x56a0,0x56a0,0x56a0,0x56a0,0x56a0,0x56a0,0x56a0,0x56a0,0x56a0,0x56a0,0x56a0,0x56a0,0x56a0,0x56a0,
		0x56a0,0x56a0,0x56a0,0x56a0,0x56a0,0x56a0,0x56a0,0x56a0,0x56a0,0x56a0,0x56a0,0x56a0,0x56a0,0x56a0,0x56a0,0x56a0,
		0x56a0,0x56a0,0x56a0,0x56a0,0x56a0,0x56a0,0x56a0,0x56a0,0x56a0,0x56a0,0x56a0,0x56a0,0x56a0,0x56a0,0x56a0,0x56a0,
		0x56a0,0x56a0,0x56a0,0x56a0,0x56a0,0x56a0,0x56a0,0x56a0,0x56a0,0x56a0,0x56a0,0x56a0,0x56a0,0x56a0,0x56a0,0x9be0,
		0xf800,0xf800,0xf800,0xf800,0xf800,0xf800,0xfcb2,0xffff,0xffff,0xffff,0xffff,0xffff,0xffff,0xffff,0xffff,0xffff,
		0xffff,0xffff,0xffff,0xffff,0xffff,0xffff,0xffff,0xffff,0xffff,0xffff,0xffff,0xffff,0xffff,0xffff,0xffff,0xffff,
		0xffff,0xfbcf,0xf800,0xf800,0xf800,0xf800,0xf800,0xf800,0x4000,0x0861,0xffdf,0xffff,0xffff,0xffff,0xffff,0xffff,
		0xffff,0xffff,0xffff,0xffff,0xffff,0xffff,0xffff,0xffff,0xffff,0xffff,0xffff,0xffff,0xffff,0xffff,0xffff,0xff1c,
		0xf861,0xf800,0xf800,0xf800,0xf800,0xf800,0xb800,0x0000,0x0000,0x0020,0x4de0,0x56a0,0x56a0,0x56a0,0x56a0,0x56a0,
		0x56a0,0x56a0,0x56a0,0x56a0,0x56a0,0x56a0,0x56a0,0x56a0,0x56a0,0x56a0,0x56a0,0x56a0,0x56a0,0x56a0,0x56a0,0x56a0,
		0x56a0,0x56a0,0x56a0,0x56a0,0x56a0,0x56a0,0x56a0,0x56a0,0x56a0,0x56a0,0x56a0,0x56a0,0x56a0,0x56a0,0x56a0,0x56a0,
		0x56a0,0x56a0,0x56a0,0x56a0,0x56a0,0x56a0,0x56a0,0x56a0,0x56a0,0x56a0,0x56a0,0x56a0,0x56a0,0x56a0,0x56a0,0x56a0,
		0x56a0,0x56a0,0x56a0,0x56a0,0x56a0,0x56a0,0x56a0,0x56a0,0x56a0,0x56a0,0x56a0,0x56a0,0x56a0,0x56a0,0x56a0,0x56a0,
		0x56a0,0x56a0,0x56a0,0x56a0,0x56a0,0x56a0,0x56a0,0x56a0,0x56a0,0x56a0,0x56a0,0x56a0,0x56a0,0x56a0,0x56a0,0x56a0,
		0x56a0,0x56a0,0x56a0,0x56a0,0x56a0,0x56a0,0x56a0,0x56a0,0x56a0,0x56a0,0x56a0,0x56a0,0x56a0,0x56a0,0x56a0,0x56a0,
		0x56a0,0x56a0,0x56a0,0x56a0,0x56a0,0x56a0,0x56a0,0x56a0,0x56a0,0x56a0,0x56a0,0x56a0,0x56a0,0x56a0,0x56a0,0x56a0,
		0x56a0,0x56a0,0x56a0,0x56a0,0x56a0,0x56a0,0x56a0,0x56a0,0x56a0,0x56a0,0x56a0,0x56a0,0x56a0,0x56a0,0x56a0,0x56a0,
		0x56a0,0x56a0,0x56a0,0x56a0,0x56a0,0x56a0,0x56a0,0x56a0,0x56a0,0x56a0,0x56a0,0x56a0,0x56a0,0x56a0,0x56a0,0x56a0,
		0x56a0,0x56a0,0x56a0,0x56a0,0x56a0,0x56a0,0x56a0,0x56a0,0x56a0,0x56a0,0x56a0,0x56a0,0x56a0,0x56a0,0x56a0,0x56a0,
		0x56a0,0x56a0,0x56a0,0x56a0,0x56a0,0x56a0,0x56a0,0x56a0,0x56a0,0x56a0,0x56a0,0x56a0,0x56a0,0x56a0,0x56a0,0x56a0,
		0x56a0,0x56a0,0x56a0,0x56a0,0x56a0,0x56a0,0x56a0,0x56a0,0x56a0,0x56a0,0x56a0,0x56a0,0x56a0,0x56a0,0x56a0,0x56a0,
		0x56a0,0x56a0,0x56a0,0x56a0,0x56a0,0x56a0,0x56a0,0x56a0,0x56a0,0x56a0,0x56a0,0x56a0,0x56a0,0x56a0,0x56a0,0x56a0,
		0x56a0,0x56a0,0x56a0,0x56a0,0x56a0,0x56a0,0x56a0,0x56a0,0x56a0,0x56a0,0x56a0,0x56a0,0x56a0,0x56a0,0x56a0,0x56a0,
		0x56a0,0x56a0,0x56a0,0x56a0,0x56a0,0x56a0,0x56a0,0x56a0,0x56a0,0x56a0,0x56a0,0x56a0,0x56a0,0x56a0,0x56a0,0x5e60,
		0xe8e0,0xf800,0xf800,0xf800,0xf800,0xf800,0xf882,0xff1c,0xffff,0xffff,0xffff,0xffff,0xffff,0xffff,0xffff,0xffff,
		0xffff,0xffff,0xffff,0xffff,0xffff,0xffff,0xffff,0xffff,0xffff,0xffff,0xffff,0xffff,0xffff,0xffff,0xffff,0xffff,
		0xffff,0xfc51,0xf800,0xf800,0xf800,0xf800,0xf800,0xf800,0x5000,0x0861,0xf7be,0xffff,0xffff,0xffff,0xffff,0xffff,
		0xffff,0xffff,0xffff,0xffff,0xffff,0xffff,0xffff,0xffff,0xffff,0xffff,0xffff,0xffff,0xffff,0xffff,0xffff,0xfa69,
		0xf800,0xf800,0xf800,0xf800,0xf800,0xf800,0x3800,0x0000,0x0000,0x2280,0x56a0,0x56a0,0x56a0,0x56a0,0x56a0,0x56a0,
		0x56a0,0x56a0,0x56a0,0x56a0,0x56a0,0x56a0,0x56a0,0x56a0,0x56a0,0x56a0,0x56a0,0x56a0,0x56a0,0x56a0,0x56a0,0x56a0,
		0x56a0,0x56a0,0x56a0,0x56a0,0x56a0,0x56a0,0x56a0,0x56a0,0x56a0,0x56a0,0x56a0,0x56a0,0x56a0,0x56a0,0x56a0,0x56a0,
		0x56a0,0x56a0,0x56a0,0x56a0,0x56a0,0x56a0,0x56a0,0x56a0,0x56a0,0x56a0,0x56a0,0x56a0,0x56a0,0x56a0,0x56a0,0x56a0,
		0x56a0,0x56a0,0x56a0,0x56a0,0x56a0,0x56a0,0x56a0,0x56a0,0x56a0,0x56a0,0x56a0,0x56a0,0x56a0,0x56a0,0x56a0,0x56a0,
		0x56a0,0x56a0,0x56a0,0x56a0,0x56a0,0x56a0,0x56a0,0x56a0,0x56a0,0x56a0,0x56a0,0x56a0,0x56a0,0x56a0,0x56a0,0x56a0,
		0x56a0,0x56a0,0x56a0,0x56a0,0x56a0,0x56a0,0x56a0,0x56a0,0x56a0,0x56a0,0x56a0,0x56a0,0x56a0,0x56a0,0x56a0,0x56a0,
		0x56a0,0x56a0,0x56a0,0x56a0,0x56a0,0x56a0,0x56a0,0x56a0,0x56a0,0x56a0,0x56a0,0x56a0,0x56a0,0x56a0,0x56a0,0x56a0,
		0x56a0,0x56a0,0x56a0,0x56a0,0x56a0,0x56a0,0x56a0,0x56a0,0x56a0,0x56a0,0x56a0,0x56a0,0x56a0,0x56a0,0x56a0,0x56a0,
		0x56a0,0x56a0,0x56a0,0x56a0,0x56a0,0x56a0,0x56a0,0x56a0,0x56a0,0x56a0,0x56a0,0x56a0,0x56a0,0x56a0,0x56a0,0x56a0,
		0x56a0,0x56a0,0x56a0,0x56a0,0x56a0,0x56a0,0x56a0,0x56a0,0x56a0,0x56a0,0x56a0,0x56a0,0x56a0,0x56a0,0x56a0,0x56a0,
		0x56a0,0x56a0,0x56a0,0x56a0,0x56a0,0x56a0,0x56a0,0x56a0,0x56a0,0x56a0,0x56a0,0x56a0,0x56a0,0x56a0,0x56a0,0x56a0,
		0x56a0,0x56a0,0x56a0,0x56a0,0x56a0,0x56a0,0x56a0,0x56a0,0x56a0,0x56a0,0x56a0,0x56a0,0x56a0,0x56a0,0x56a0,0x56a0,
		0x56a0,0x56a0,0x56a0,0x56a0,0x56a0,0x56a0,0x56a0,0x56a0,0x56a0,0x56a0,0x56a0,0x56a0,0x56a0,0x56a0,0x56a0,0x56a0,
		0x56a0,0x56a0,0x56a0,0x56a0,0x56a0,0x56a0,0x56a0,0x56a0,0x56a0,0x56a0,0x56a0,0x56a0,0x56a0,0x56a0,0x56a0,0x56a0,
		0x56a0,0x56a0,0x56a0,0x56a0,0x56a0,0x56a0,0x56a0,0x56a0,0x56a0,0x56a0,0x56a0,0x56a0,0x56a0,0x56a0,0x56a0,0x56a0,
		0x9440,0xf800,0xf800,0xf800,0xf800,0xf800,0xf800,0xfa49,0xffff,0xffff,0xffff,0xffff,0xffff,0xffff,0xffff,0xffff,
		0xffff,0xffff,0xffff,0xffff,0xffff,0xffff,0xffff,0xffff,0xffff,0xffff,0xffff,0xffff,0xffff,0xffff,0xffff,0xffff,
		0xffff,0xfcb2,0xf800,0xf800,0xf800,0xf800,0xf800,0xf800,0x6800,0x0000,0xef7d,0xffff,0xffff,0xffff,0xffff,0xffff,
		0xffff,0xffff,0xffff,0xffff,0xffff,0xffff,0xffff,0xffff,0xffff,0xffff,0xffff,0xffff,0xffff,0xffff,0xfcf3,0xf800,
		0xf800,0xf800,0xf800,0xf800,0xf800,0xa800,0x0000,0x0000,0x0020,0x4da0,0x56a0,0x56a0,0x56a0,0x56a0,0x56a0,0x56a0,
		0x56a0,0x56a0,0x56a0,0x56a0,0x56a0,0x56a0,0x56a0,0x56a0,0x56a0,0x56a0,0x56a0,0x56a0,0x56a0,0x56a0,0x56a0,0x56a0,
		0x56a0,0x56a0,0x56a0,0x56a0,0x56a0,0x56a0,0x56a0,0x56a0,0x56a0,0x56a0,0x56a0,0x56a0,0x56a0,0x56a0,0x56a0,0x56a0,
		0x56a0,0x56a0,0x56a0,0x56a0,0x56a0,0x56a0,0x56a0,0x56a0,0x56a0,0x56a0,0x56a0,0x56a0,0x56a0,0x56a0,0x56a0,0x56a0,
		0x56a0,0x56a0,0x56a0,0x56a0,0x56a0,0x56a0,0x56a0,0x56a0,0x56a0,0x56a0,0x56a0,0x56a0,0x56a0,0x56a0,0x56a0,0x56a0,
		0x56a0,0x56a0,0x56a0,0x56a0,0x56a0,0x56a0,0x56a0,0x56a0,0x56a0,0x56a0,0x56a0,0x56a0,0x56a0,0x56a0,0x56a0,0x56a0,
		0x56a0,0x56a0,0x56a0,0x56a0,0x56a0,0x56a0,0x56a0,0x56a0,0x56a0,0x56a0,0x56a0,0x56a0,0x56a0,0x56a0,0x56a0,0x56a0,
		0x56a0,0x56a0,0x56a0,0x56a0,0x56a0,0x56a0,0x56a0,0x56a0,0x56a0,0x56a0,0x56a0,0x56a0,0x56a0,0x56a0,0x56a0,0x56a0,
		0x56a0,0x56a0,0x56a0,0x56a0,0x56a0,0x56a0,0x56a0,0x56a0,0x56a0,0x56a0,0x56a0,0x56a0,0x56a0,0x56a0,0x56a0,0x56a0,
		0x56a0,0x56a0,0x56a0,0x56a0,0x56a0,0x56a0,0x56a0,0x56a0,0x56a0,0x56a0,0x56a0,0x56a0,0x56a0,0x56a0,0x56a0,0x56a0,
		0x56a0,0x56a0,0x56a0,0x56a0,0x56a0,0x56a0,0x56a0,0x56a0,0x56a0,0x56a0,0x56a0,0x56a0,0x56a0,0x56a0,0x56a0,0x56a0,
		0x56a0,0x56a0,0x56a0,0x56a0,0x56a0,0x56a0,0x56a0,0x56a0,0x56a0,0x56a0,0x56a0,0x56a0,0x56a0,0x56a0,0x56a0,0x56a0,
		0x56a0,0x56a0,0x56a0,0x56a0,0x56a0,0x56a0,0x56a0,0x56a0,0x56a0,0x56a0,0x56a0,0x56a0,0x56a0,0x56a0,0x56a0,0x56a0,
		0x56a0,0x56a0,0x56a0,0x56a0,0x56a0,0x56a0,0x56a0,0x56a0,0x56a0,0x56a0,0x56a0,0x56a0,0x56a0,0x56a0,0x56a0,0x56a0,
		0x56a0,0x56a0,0x56a0,0x56a0,0x56a0,0x56a0,0x56a0,0x56a0,0x56a0,0x56a0,0x56a0,0x56a0,0x56a0,0x56a0,0x56a0,0x56a0,
		0x56a0,0x56a0,0x56a0,0x56a0,0x56a0,0x56a0,0x56a0,0x56a0,0x56a0,0x56a0,0x56a0,0x56a0,0x56a0,0x56a0,0x56a0,0x56a0,
		0x5680,0xd1a0,0xf800,0xf800,0xf800,0xf800,0xf800,0xf800,0xfc51,0xffff,0xffff,0xffff,0xffff,0xffff,0xffff,0xffff,
		0xffff,0xffff,0xffff,0xffff,0xffff,0xffff,0xffff,0xffff,0xffff,0xffff,0xffff,0xffff,0xffff,0xffff,0xffff,0xffff,
		0xffff,0xfd55,0xf800,0xf800,0xf800,0xf800,0xf800,0xf800,0x8000,0x0000,0xe71c,0xffff,0xffff,0xffff,0xffff,0xffff,
		0xffff,0xffff,0xffff,0xffff,0xffff,0xffff,0xffff,0xffff,0xffff,0xffff,0xffff,0xffff,0xffff,0xfe9a,0xf861,0xf800,
		0xf800,0xf800,0xf800,0xf800,0xf000,0x2000,0x0000,0x0000,0x22a0,0x56a0,0x56a0,0x56a0,0x56a0,0x56a0,0x56a0,0x56a0,
		0x56a0,0x56a0,0x56a0,0x56a0,0x56a0,0x56a0,0x56a0,0x56a0,0x56a0,0x56a0,0x56a0,0x56a0,0x56a0,0x56a0,0x56a0,0x56a0,
		0x56a0,0x56a0,0x56a0,0x56a0,0x56a0,0x56a0,0x56a0,0x56a0,0x56a0,0x56a0,0x56a0,0x56a0,0x56a0,0x56a0,0x56a0,0x56a0,
		0x56a0,0x56a0,0x56a0,0x56a0,0x56a0,0x56a0,0x56a0,0x56a0,0x56a0,0x56a0,0x56a0,0x56a0,0x56a0,0x56a0,0x56a0,0x56a0,
		0x56a0,0x56a0,0x56a0,0x56a0,0x56a0,0x56a0,0x56a0,0x56a0,0x56a0,0x56a0,0x56a0,0x56a0,0x56a0,0x56a0,0x56a0,0x56a0,
		0x56a0,0x56a0,0x56a0,0x56a0,0x56a0,0x56a0,0x56a0,0x56a0,0x56a0,0x56a0,0x56a0,0x56a0,0x56a0,0x56a0,0x56a0,0x56a0,
		0x56a0,0x56a0,0x56a0,0x56a0,0x56a0,0x56a0,0x56a0,0x56a0,0x56a0,0x56a0,0x56a0,0x56a0,0x56a0,0x56a0,0x56a0,0x56a0,
		0x56a0,0x56a0,0x56a0,0x56a0,0x56a0,0x56a0,0x56a0,0x56a0,0x56a0,0x56a0,0x56a0,0x56a0,0x56a0,0x56a0,0x56a0,0x56a0,
		0x56a0,0x56a0,0x56a0,0x56a0,0x56a0,0x56a0,0x56a0,0x56a0,0x56a0,0x56a0,0x56a0,0x56a0,0x56a0,0x56a0,0x56a0,0x56a0,
		0x56a0,0x56a0,0x56a0,0x56a0,0x56a0,0x56a0,0x56a0,0x56a0,0x56a0,0x56a0,0x56a0,0x56a0,0x56a0,0x56a0,0x56a0,0x56a0,
		0x56a0,0x56a0,0x56a0,0x56a0,0x56a0,0x56a0,0x56a0,0x56a0,0x56a0,0x56a0,0x56a0,0x56a0,0x56a0,0x56a0,0x56a0,0x56a0,
		0x56a0,0x56a0,0x56a0,0x56a0,0x56a0,0x56a0,0x56a0,0x56a0,0x56a0,0x56a0,0x56a0,0x56a0,0x56a0,0x56a0,0x56a0,0x56a0,
		0x56a0,0x56a0,0x56a0,0x56a0,0x56a0,0x56a0,0x56a0,0x56a0,0x56a0,0x56a0,0x56a0,0x56a0,0x56a0,0x56a0,0x56a0,0x56a0,
		0x56a0,0x56a0,0x56a0,0x56a0,0x56a0,0x56a0,0x56a0,0x56a0,0x56a0,0x56a0,0x56a0,0x56a0,0x56a0,0x56a0,0x56a0,0x56a0,
		0x56a0,0x56a0,0x56a0,0x56a0,0x56a0,0x56a0,0x56a0,0x56a0,0x56a0,0x56a0,0x56a0,0x56a0,0x56a0,0x56a0,0x56a0,0x56a0,
		0x56a0,0x56a0,0x56a0,0x56a0,0x56a0,0x56a0,0x56a0,0x56a0,0x56a0,0x56a0,0x56a0,0x56a0,0x56a0,0x56a0,0x56a0,0x56a0,
		0x56a0,0x7560,0xf820,0xf800,0xf800,0xf800,0xf800,0xf800,0xf820,0xfdb6,0xffff,0xffff,0xffff,0xffff,0xffff,0xffff,
		0xffff,0xffff,0xffff,0xffff,0xffff,0xffff,0xffff,0xffff,0xffff,0xffff,0xffff,0xffff,0xffff,0xffff,0xffff,0xffff,
		0xffff,0xfdb6,0xf800,0xf800,0xf800,0xf800,0xf800,0xf800,0x9800,0x0000,0xc638,0xffff,0xffff,0xffff,0xffff,0xffff,
		0xffff,0xffff,0xffff,0xffff,0xffff,0xffff,0xffff,0xffff,0xffff,0xffff,0xffff,0xffff,0xff5d,0xf924,0xf800,0xf800,
		0xf800,0xf800,0xf800,0xf800,0x7800,0x0000,0x0000,0x0060,0x4e00,0x56a0,0x56a0,0x56a0,0x56a0,0x56a0,0x56a0,0x56a0,
		0x56a0,0x56a0,0x56a0,0x56a0,0x56a0,0x56a0,0x56a0,0x56a0,0x56a0,0x56a0,0x56a0,0x56a0,0x56a0,0x56a0,0x56a0,0x56a0,
		0x56a0,0x56a0,0x56a0,0x56a0,0x56a0,0x56a0,0x56a0,0x56a0,0x56a0,0x56a0,0x56a0,0x56a0,0x56a0,0x56a0,0x56a0,0x56a0,
		0x56a0,0x56a0,0x56a0,0x56a0,0x56a0,0x56a0,0x56a0,0x56a0,0x56a0,0x56a0,0x56a0,0x56a0,0x56a0,0x56a0,0x56a0,0x56a0,
		0x56a0,0x56a0,0x56a0,0x56a0,0x56a0,0x56a0,0x56a0,0x56a0,0x56a0,0x56a0,0x56a0,0x56a0,0x56a0,0x56a0,0x56a0,0x56a0,
		0x56a0,0x56a0,0x56a0,0x56a0,0x56a0,0x56a0,0x56a0,0x56a0,0x56a0,0x56a0,0x56a0,0x56a0,0x56a0,0x56a0,0x56a0,0x56a0,
		0x56a0,0x56a0,0x56a0,0x56a0,0x56a0,0x56a0,0x56a0,0x56a0,0x56a0,0x56a0,0x56a0,0x56a0,0x56a0,0x56a0,0x56a0,0x56a0,
		0x56a0,0x56a0,0x56a0,0x56a0,0x56a0,0x56a0,0x56a0,0x56a0,0x56a0,0x56a0,0x56a0,0x56a0,0x56a0,0x56a0,0x56a0,0x56a0,
		0x56a0,0x56a0,0x56a0,0x56a0,0x56a0,0x56a0,0x56a0,0x56a0,0x56a0,0x56a0,0x56a0,0x56a0,0x56a0,0x56a0,0x56a0,0x56a0,
		0x56a0,0x56a0,0x56a0,0x56a0,0x56a0,0x56a0,0x56a0,0x56a0,0x56a0,0x56a0,0x56a0,0x56a0,0x56a0,0x56a0,0x56a0,0x56a0,
		0x56a0,0x56a0,0x56a0,0x56a0,0x56a0,0x56a0,0x56a0,0x56a0,0x56a0,0x56a0,0x56a0,0x56a0,0x56a0,0x56a0,0x56a0,0x56a0,
		0x56a0,0x56a0,0x56a0,0x56a0,0x56a0,0x56a0,0x56a0,0x56a0,0x56a0,0x56a0,0x56a0,0x56a0,0x56a0,0x56a0,0x56a0,0x56a0,
		0x56a0,0x56a0,0x56a0,0x56a0,0x56a0,0x56a0,0x56a0,0x56a0,0x56a0,0x56a0,0x56a0,0x56a0,0x56a0,0x56a0,0x56a0,0x56a0,
		0x56a0,0x56a0,0x56a0,0x56a0,0x56a0,0x56a0,0x56a0,0x56a0,0x56a0,0x56a0,0x56a0,0x56a0,0x56a0,0x56a0,0x56a0,0x56a0,
		0x56a0,0x56a0,0x56a0,0x56a0,0x56a0,0x56a0,0x56a0,0x56a0,0x56a0,0x56a0,0x56a0,0x56a0,0x56a0,0x56a0,0x56a0,0x56a0,
		0x56a0,0x56a0,0x56a0,0x56a0,0x56a0,0x56a0,0x56a0,0x56a0,0x56a0,0x56a0,0x56a0,0x56a0,0x56a0,0x56a0,0x56a0,0x56a0,
		0x56a0,0x56a0,0xa380,0xf800,0xf800,0xf800,0xf800,0xf800,0xf800,0xf882,0xfe79,0xffff,0xffff,0xffff,0xffff,0xffff,
		0xffff,0xffff,0xffff,0xffff,0xffff,0xffff,0xffff,0xffff,0xffff,0xffff,0xffff,0xffff,0xffff,0xffff,0xffff,0xffff,
		0xffff,0xfdd7,0xf800,0xf800,0xf800,0xf800,0xf800,0xf800,0xa000,0x0000,0xb596,0xffff,0xffff,0xffff,0xffff,0xffff,
		0xffff,0xffff,0xffff,0xffff,0xffff,0xffff,0xffff,0xffff,0xffff,0xffff,0xffff,0xffbe,0xf9e7,0xf800,0xf800,0xf800,
		0xf800,0xf800,0xf800,0xc800,0x0000,0x0000,0x0000,0x33c0,0x56a0,0x56a0,0x56a0,0x56a0,0x56a0,0x56a0,0x56a0,0x56a0,
		0x56a0,0x56a0,0x56a0,0x56a0,0x56a0,0x56a0,0x56a0,0x56a0,0x56a0,0x56a0,0x56a0,0x56a0,0x56a0,0x56a0,0x56a0,0x56a0,
		0x56a0,0x56a0,0x56a0,0x56a0,0x56a0,0x56a0,0x56a0,0x56a0,0x56a0,0x56a0,0x56a0,0x56a0,0x56a0,0x56a0,0x56a0,0x56a0,
		0x56a0,0x56a0,0x56a0,0x56a0,0x56a0,0x56a0,0x56a0,0x56a0,0x56a0,0x56a0,0x56a0,0x56a0,0x56a0,0x56a0,0x56a0,0x56a0,
		0x56a0,0x56a0,0x56a0,0x56a0,0x56a0,0x56a0,0x56a0,0x56a0,0x56a0,0x56a0,0x56a0,0x56a0,0x56a0,0x56a0,0x56a0,0x56a0,
		0x56a0,0x56a0,0x56a0,0x56a0,0x56a0,0x56a0,0x56a0,0x56a0,0x56a0,0x56a0,0x56a0,0x56a0,0x56a0,0x56a0,0x56a0,0x56a0,
		0x56a0,0x56a0,0x56a0,0x56a0,0x56a0,0x56a0,0x56a0,0x56a0,0x56a0,0x56a0,0x56a0,0x56a0,0x56a0,0x56a0,0x56a0,0x56a0,
		0x56a0,0x56a0,0x56a0,0x56a0,0x56a0,0x56a0,0x56a0,0x56a0,0x56a0,0x56a0,0x56a0,0x56a0,0x56a0,0x56a0,0x56a0,0x56a0,
		0x56a0,0x56a0,0x56a0,0x56a0,0x56a0,0x56a0,0x56a0,0x56a0,0x56a0,0x56a0,0x56a0,0x56a0,0x56a0,0x56a0,0x56a0,0x56a0,
		0x56a0,0x56a0,0x56a0,0x56a0,0x56a0,0x56a0,0x56a0,0x56a0,0x56a0,0x56a0,0x56a0,0x56a0,0x56a0,0x56a0,0x56a0,0x56a0,
		0x56a0,0x56a0,0x56a0,0x56a0,0x56a0,0x56a0,0x56a0,0x56a0,0x56a0,0x56a0,0x56a0,0x56a0,0x56a0,0x56a0,0x56a0,0x56a0,
		0x56a0,0x56a0,0x56a0,0x56a0,0x56a0,0x56a0,0x56a0,0x56a0,0x56a0,0x56a0,0x56a0,0x56a0,0x56a0,0x56a0,0x56a0,0x56a0,
		0x56a0,0x56a0,0x56a0,0x56a0,0x56a0,0x56a0,0x56a0,0x56a0,0x56a0,0x56a0,0x56a0,0x56a0,0x56a0,0x56a0,0x56a0,0x56a0,
		0x56a0,0x56a0,0x56a0,0x56a0,0x56a0,0x56a0,0x56a0,0x56a0,0x56a0,0x56a0,0x56a0,0x56a0,0x56a0,0x56a0,0x56a0,0x56a0,
		0x56a0,0x56a0,0x56a0,0x56a0,0x56a0,0x56a0,0x56a0,0x56a0,0x56a0,0x56a0,0x56a0,0x56a0,0x56a0,0x56a0,0x56a0,0x56a0,
		0x56a0,0x56a0,0x56a0,0x56a0,0x56a0,0x56a0,0x56a0,0x56a0,0x56a0,0x56a0,0x56a0,0x56a0,0x56a0,0x56a0,0x56a0,0x56a0,
		0x56a0,0x56a0,0x5e80,0xd1a0,0xf800,0xf800,0xf800,0xf800,0xf800,0xf800,0xf8c3,0xfeba,0xffff,0xffff,0xffff,0xffff,
		0xffff,0xffff,0xffff,0xffff,0xffff,0xffff,0xffff,0xffff,0xffff,0xffff,0xffff,0xffff,0xffff,0xffff,0xffff,0xffff,
		0xffff,0xfd96,0xf800,0xf800,0xf800,0xf800,0xf800,0xf800,0xa000,0x0000,0x9cd3,0xffff,0xffff,0xffff,0xffff,0xffff,
		0xffff,0xffff,0xffff,0xffff,0xffff,0xffff,0xffff,0xffff,0xffff,0xffff,0xffdf,0xfa69,0xf800,0xf800,0xf800,0xf800,
		0xf800,0xf800,0xf000,0x2000,0x0000,0x0000,0x1180,0x5680,0x56a0,0x56a0,0x56a0,0x56a0,0x56a0,0x56a0,0x56a0,0x56a0,
		0x56a0,0x56a0,0x56a0,0x56a0,0x56a0,0x56a0,0x56a0,0x56a0,0x56a0,0x56a0,0x56a0,0x56a0,0x56a0,0x56a0,0x56a0,0x56a0,
		0x56a0,0x56a0,0x56a0,0x56a0,0x56a0,0x56a0,0x56a0,0x56a0,0x56a0,0x56a0,0x56a0,0x56a0,0x56a0,0x56a0,0x56a0,0x56a0,
		0x56a0,0x56a0,0x56a0,0x56a0,0x56a0,0x56a0,0x56a0,0x56a0,0x56a0,0x56a0,0x56a0,0x56a0,0x56a0,0x56a0,0x56a0,0x56a0,
		0x56a0,0x56a0,0x56a0,0x56a0,0x56a0,0x56a0,0x56a0,0x56a0,0x56a0,0x56a0,0x56a0,0x56a0,0x56a0,0x56a0,0x56a0,0x56a0,
		0x56a0,0x56a0,0x56a0,0x56a0,0x56a0,0x56a0,0x56a0,0x56a0,0x56a0,0x56a0,0x56a0,0x56a0,0x56a0,0x56a0,0x56a0,0x56a0,
		0x56a0,0x56a0,0x56a0,0x56a0,0x56a0,0x56a0,0x56a0,0x56a0,0x56a0,0x56a0,0x56a0,0x56a0,0x56a0,0x56a0,0x56a0,0x56a0,
		0x56a0,0x56a0,0x56a0,0x56a0,0x56a0,0x56a0,0x56a0,0x56a0,0x56a0,0x56a0,0x56a0,0x56a0,0x56a0,0x56a0,0x56a0,0x56a0,
		0x56a0,0x56a0,0x56a0,0x56a0,0x56a0,0x56a0,0x56a0,0x56a0,0x56a0,0x56a0,0x56a0,0x56a0,0x56a0,0x56a0,0x56a0,0x56a0,
		0x56a0,0x56a0,0x56a0,0x56a0,0x56a0,0x56a0,0x56a0,0x56a0,0x56a0,0x56a0,0x56a0,0x56a0,0x56a0,0x56a0,0x56a0,0x56a0,
		0x56a0,0x56a0,0x56a0,0x56a0,0x56a0,0x56a0,0x56a0,0x56a0,0x56a0,0x56a0,0x56a0,0x56a0,0x56a0,0x56a0,0x56a0,0x56a0,
		0x56a0,0x56a0,0x56a0,0x56a0,0x56a0,0x56a0,0x56a0,0x56a0,0x56a0,0x56a0,0x56a0,0x56a0,0x56a0,0x56a0,0x56a0,0x56a0,
		0x56a0,0x56a0,0x56a0,0x56a0,0x56a0,0x56a0,0x56a0,0x56a0,0x56a0,0x56a0,0x56a0,0x56a0,0x56a0,0x56a0,0x56a0,0x56a0,
		0x56a0,0x56a0,0x56a0,0x56a0,0x56a0,0x56a0,0x56a0,0x56a0,0x56a0,0x56a0,0x56a0,0x56a0,0x56a0,0x56a0,0x56a0,0x56a0,
		0x56a0,0x56a0,0x56a0,0x56a0,0x56a0,0x56a0,0x56a0,0x56a0,0x56a0,0x56a0,0x56a0,0x56a0,0x56a0,0x56a0,0x56a0,0x56a0,
		0x56a0,0x56a0,0x56a0,0x56a0,0x56a0,0x56a0,0x56a0,0x56a0,0x56a0,0x56a0,0x56a0,0x56a0,0x56a0,0x56a0,0x56a0,0x56a0,
		0x56a0,0x56a0,0x56a0,0x65e0,0xe8a0,0xf800,0xf800,0xf800,0xf800,0xf800,0xf800,0xf8c3,0xfe9a,0xffff,0xffff,0xffff,
		0xffff,0xffff,0xffff,0xffff,0xffff,0xffff,0xffff,0xffff,0xffff,0xffff,0xffff,0xffff,0xffff,0xffff,0xffff,0xffff,
		0xffff,0xfc71,0xf800,0xf800,0xf800,0xf800,0xf800,0xf800,0x9000,0x0000,0x9492,0xffff,0xffff,0xffff,0xffff,0xffff,
		0xffff,0xffff,0xffff,0xffff,0xffff,0xffff,0xffff,0xffff,0xffff,0xffbe,0xfa49,0xf800,0xf800,0xf800,0xf800,0xf800,
		0xf800,0xf800,0x5800,0x0000,0x0000,0x0060,0x4da0,0x56a0,0x56a0,0x56a0,0x56a0,0x56a0,0x56a0,0x56a0,0x56a0,0x56a0,
		0x56a0,0x56a0,0x56a0,0x56a0,0x56a0,0x56a0,0x56a0,0x56a0,0x56a0,0x56a0,0x56a0,0x56a0,0x56a0,0x56a0,0x56a0,0x56a0,
		0x56a0,0x56a0,0x56a0,0x56a0,0x56a0,0x56a0,0x56a0,0x56a0,0x56a0,0x56a0,0x56a0,0x56a0,0x56a0,0x56a0,0x56a0,0x56a0,
		0x56a0,0x56a0,0x56a0,0x56a0,0x56a0,0x56a0,0x56a0,0x56a0,0x56a0,0x56a0,0x56a0,0x56a0,0x56a0,0x56a0,0x56a0,0x56a0,
		0x56a0,0x56a0,0x56a0,0x56a0,0x56a0,0x56a0,0x56a0,0x56a0,0x56a0,0x56a0,0x56a0,0x56a0,0x56a0,0x56a0,0x56a0,0x56a0,
		0x56a0,0x56a0,0x56a0,0x56a0,0x56a0,0x56a0,0x56a0,0x56a0,0x56a0,0x56a0,0x56a0,0x56a0,0x56a0,0x56a0,0x56a0,0x56a0,
		0x56a0,0x56a0,0x56a0,0x56a0,0x56a0,0x56a0,0x56a0,0x56a0,0x56a0,0x56a0,0x56a0,0x56a0,0x56a0,0x56a0,0x56a0,0x56a0,
		0x56a0,0x56a0,0x56a0,0x56a0,0x56a0,0x56a0,0x56a0,0x56a0,0x56a0,0x56a0,0x56a0,0x56a0,0x56a0,0x56a0,0x56a0,0x56a0,
		0x56a0,0x56a0,0x56a0,0x56a0,0x56a0,0x56a0,0x56a0,0x56a0,0x56a0,0x56a0,0x56a0,0x56a0,0x56a0,0x56a0,0x56a0,0x56a0,
		0x56a0,0x56a0,0x56a0,0x56a0,0x56a0,0x56a0,0x56a0,0x56a0,0x56a0,0x56a0,0x56a0,0x56a0,0x56a0,0x56a0,0x56a0,0x56a0,
		0x56a0,0x56a0,0x56a0,0x56a0,0x56a0,0x56a0,0x56a0,0x56a0,0x56a0,0x56a0,0x56a0,0x56a0,0x56a0,0x56a0,0x56a0,0x56a0,
		0x56a0,0x56a0,0x56a0,0x56a0,0x56a0,0x56a0,0x56a0,0x56a0,0x56a0,0x56a0,0x56a0,0x56a0,0x56a0,0x56a0,0x56a0,0x56a0,
		0x56a0,0x56a0,0x56a0,0x56a0,0x56a0,0x56a0,0x56a0,0x56a0,0x56a0,0x56a0,0x56a0,0x56a0,0x56a0,0x56a0,0x56a0,0x56a0,
		0x56a0,0x56a0,0x56a0,0x56a0,0x56a0,0x56a0,0x56a0,0x56a0,0x56a0,0x56a0,0x56a0,0x56a0,0x56a0,0x56a0,0x56a0,0x56a0,
		0x56a0,0x56a0,0x56a0,0x56a0,0x56a0,0x56a0,0x56a0,0x56a0,0x56a0,0x56a0,0x56a0,0x56a0,0x56a0,0x56a0,0x56a0,0x56a0,
		0x56a0,0x56a0,0x56a0,0x56a0,0x56a0,0x56a0,0x56a0,0x56a0,0x56a0,0x56a0,0x56a0,0x56a0,0x56a0,0x56a0,0x56a0,0x56a0,
		0x56a0,0x56a0,0x56a0,0x56a0,0x7d20,0xf840,0xf800,0xf800,0xf800,0xf800,0xf800,0xf800,0xf882,0xfdf7,0xffff,0xffff,
		0xffff,0xffff,0xffff,0xffff,0xffff,0xffff,0xffff,0xffff,0xffff,0xffff,0xffff,0xffff,0xffff,0xffff,0xffff,0xffff,
		0xffff,0xfb4d,0xf800,0xf800,0xf800,0xf800,0xf800,0xf800,0x6800,0x0000,0x8c71,0xffff,0xffff,0xffff,0xffff,0xffff,
		0xffff,0xffff,0xffff,0xffff,0xffff,0xffff,0xffff,0xffff,0xff5d,0xf9e7,0xf800,0xf800,0xf800,0xf800,0xf800,0xf800,
		0xf800,0x8000,0x0000,0x0000,0x0000,0x3440,0x56a0,0x56a0,0x56a0,0x56a0,0x56a0,0x56a0,0x56a0,0x56a0,0x56a0,0x56a0,
		0x56a0,0x56a0,0x56a0,0x56a0,0x56a0,0x56a0,0x56a0,0x56a0,0x56a0,0x56a0,0x56a0,0x56a0,0x56a0,0x56a0,0x56a0,0x56a0,
		0x56a0,0x56a0,0x56a0,0x56a0,0x56a0,0x56a0,0x56a0,0x56a0,0x56a0,0x56a0,0x56a0,0x56a0,0x56a0,0x56a0,0x56a0,0x56a0,
		0x56a0,0x56a0,0x56a0,0x56a0,0x56a0,0x56a0,0x56a0,0x56a0,0x56a0,0x56a0,0x56a0,0x56a0,0x56a0,0x56a0,0x56a0,0x56a0,
		0x56a0,0x56a0,0x56a0,0x56a0,0x56a0,0x56a0,0x56a0,0x56a0,0x56a0,0x56a0,0x56a0,0x56a0,0x56a0,0x56a0,0x56a0,0x56a0,
		0x56a0,0x56a0,0x56a0,0x56a0,0x56a0,0x56a0,0x56a0,0x56a0,0x56a0,0x56a0,0x56a0,0x56a0,0x56a0,0x56a0,0x56a0,0x56a0,
		0x56a0,0x56a0,0x56a0,0x56a0,0x56a0,0x56a0,0x56a0,0x56a0,0x56a0,0x56a0,0x56a0,0x56a0,0x56a0,0x56a0,0x56a0,0x56a0,
		0x56a0,0x56a0,0x56a0,0x56a0,0x56a0,0x56a0,0x56a0,0x56a0,0x56a0,0x56a0,0x56a0,0x56a0,0x56a0,0x56a0,0x56a0,0x56a0,
		0x56a0,0x56a0,0x56a0,0x56a0,0x56a0,0x56a0,0x56a0,0x56a0,0x56a0,0x56a0,0x56a0,0x56a0,0x56a0,0x56a0,0x56a0,0x56a0,
		0x56a0,0x56a0,0x56a0,0x56a0,0x56a0,0x56a0,0x56a0,0x56a0,0x56a0,0x56a0,0x56a0,0x56a0,0x56a0,0x56a0,0x56a0,0x56a0,
		0x56a0,0x56a0,0x56a0,0x56a0,0x56a0,0x56a0,0x56a0,0x56a0,0x56a0,0x56a0,0x56a0,0x56a0,0x56a0,0x56a0,0x56a0,0x56a0,
		0x56a0,0x56a0,0x56a0,0x56a0,0x56a0,0x56a0,0x56a0,0x56a0,0x56a0,0x56a0,0x56a0,0x56a0,0x56a0,0x56a0,0x56a0,0x56a0,
		0x56a0,0x56a0,0x56a0,0x56a0,0x56a0,0x56a0,0x56a0,0x56a0,0x56a0,0x56a0,0x56a0,0x56a0,0x56a0,0x56a0,0x56a0,0x56a0,
		0x56a0,0x56a0,0x56a0,0x56a0,0x56a0,0x56a0,0x56a0,0x56a0,0x56a0,0x56a0,0x56a0,0x56a0,0x56a0,0x56a0,0x56a0,0x56a0,
		0x56a0,0x56a0,0x56a0,0x56a0,0x56a0,0x56a0,0x56a0,0x56a0,0x56a0,0x56a0,0x56a0,0x56a0,0x56a0,0x56a0,0x56a0,0x56a0,
		0x56a0,0x56a0,0x56a0,0x56a0,0x56a0,0x56a0,0x56a0,0x56a0,0x56a0,0x56a0,0x56a0,0x56a0,0x56a0,0x56a0,0x56a0,0x56a0,
		0x56a0,0x56a0,0x56a0,0x56a0,0x56a0,0x8c60,0xf800,0xf800,0xf800,0xf800,0xf800,0xf800,0xf800,0xf820,0xfc92,0xffff,
		0xffff,0xffff,0xffff,0xffff,0xffff,0xffff,0xffff,0xffff,0xffff,0xffff,0xffff,0xffff,0xffff,0xffff,0xffff,0xffff,
		0xffff,0xfb8e,0xf800,0xf800,0xf800,0xf800,0xf800,0xf800,0x2800,0x0000,0x9cd3,0xffff,0xffff,0xffff,0xffff,0xffff,
		0xffff,0xffff,0xffff,0xffff,0xffff,0xffff,0xffff,0xfe79,0xf904,0xf800,0xf800,0xf800,0xf800,0xf800,0xf800,0xf800,
		0xa000,0x0000,0x0000,0x0000,0x22c0,0x56a0,0x56a0,0x56a0,0x56a0,0x56a0,0x56a0,0x56a0,0x56a0,0x56a0,0x56a0,0x56a0,
		0x56a0,0x56a0,0x56a0,0x56a0,0x56a0,0x56a0,0x56a0,0x56a0,0x56a0,0x56a0,0x56a0,0x56a0,0x56a0,0x56a0,0x56a0,0x56a0,
		0x56a0,0x56a0,0x56a0,0x56a0,0x56a0,0x56a0,0x56a0,0x56a0,0x56a0,0x56a0,0x56a0,0x56a0,0x56a0,0x56a0,0x56a0,0x56a0,
		0x56a0,0x56a0,0x56a0,0x56a0,0x56a0,0x56a0,0x56a0,0x56a0,0x56a0,0x56a0,0x56a0,0x56a0,0x56a0,0x56a0,0x56a0,0x56a0,
		0x56a0,0x56a0,0x56a0,0x56a0,0x56a0,0x56a0,0x56a0,0x56a0,0x56a0,0x56a0,0x56a0,0x56a0,0x56a0,0x56a0,0x56a0,0x56a0,
		0x56a0,0x56a0,0x56a0,0x56a0,0x56a0,0x56a0,0x56a0,0x56a0,0x56a0,0x56a0,0x56a0,0x56a0,0x56a0,0x56a0,0x56a0,0x56a0,
		0x56a0,0x56a0,0x56a0,0x56a0,0x56a0,0x56a0,0x56a0,0x56a0,0x56a0,0x56a0,0x56a0,0x56a0,0x56a0,0x56a0,0x56a0,0x56a0,
		0x56a0,0x56a0,0x56a0,0x56a0,0x56a0,0x56a0,0x56a0,0x56a0,0x56a0,0x56a0,0x56a0,0x56a0,0x56a0,0x56a0,0x56a0,0x56a0,
		0x56a0,0x56a0,0x56a0,0x56a0,0x56a0,0x56a0,0x56a0,0x56a0,0x56a0,0x56a0,0x56a0,0x56a0,0x56a0,0x56a0,0x56a0,0x56a0,
		0x56a0,0x56a0,0x56a0,0x56a0,0x56a0,0x56a0,0x56a0,0x56a0,0x56a0,0x56a0,0x56a0,0x56a0,0x56a0,0x56a0,0x56a0,0x56a0,
		0x56a0,0x56a0,0x56a0,0x56a0,0x56a0,0x56a0,0x56a0,0x56a0,0x56a0,0x56a0,0x56a0,0x56a0,0x56a0,0x56a0,0x56a0,0x56a0,
		0x56a0,0x56a0,0x56a0,0x56a0,0x56a0,0x56a0,0x56a0,0x56a0,0x56a0,0x56a0,0x56a0,0x56a0,0x56a0,0x56a0,0x56a0,0x56a0,
		0x56a0,0x56a0,0x56a0,0x56a0,0x56a0,0x56a0,0x56a0,0x56a0,0x56a0,0x56a0,0x56a0,0x56a0,0x56a0,0x56a0,0x56a0,0x56a0,
		0x56a0,0x56a0,0x56a0,0x56a0,0x56a0,0x56a0,0x56a0,0x56a0,0x56a0,0x56a0,0x56a0,0x56a0,0x56a0,0x56a0,0x56a0,0x56a0,
		0x56a0,0x56a0,0x56a0,0x56a0,0x56a0,0x56a0,0x56a0,0x56a0,0x56a0,0x56a0,0x56a0,0x56a0,0x56a0,0x56a0,0x56a0,0x56a0,
		0x56a0,0x56a0,0x56a0,0x56a0,0x56a0,0x56a0,0x56a0,0x56a0,0x56a0,0x56a0,0x56a0,0x56a0,0x56a0,0x56a0,0x56a0,0x56a0,
		0x56a0,0x56a0,0x56a0,0x56a0,0x56a0,0x56a0,0x9c00,0xf800,0xf800,0xf800,0xf800,0xf800,0xf800,0xf800,0xf800,0xfa8a,
		0xff5d,0xffff,0xffff,0xffff,0xffff,0xffff,0xffff,0xffff,0xffff,0xffff,0xffff,0xffff,0xffff,0xffff,0xffff,0xffff,
		0xffff,0xfe18,0xf800,0xf800,0xf800,0xf800,0xf800,0xb800,0x0000,0x0000,0xc638,0xffff,0xffff,0xffff,0xffff,0xffff,
		0xffff,0xffff,0xffff,0xffff,0xffff,0xffff,0xfc71,0xf841,0xf800,0xf800,0xf800,0xf800,0xf800,0xf800,0xf800,0xb000,
		0x0000,0x0000,0x0000,0x19e0,0x5680,0x56a0,0x56a0,0x56a0,0x56a0,0x56a0,0x56a0,0x56a0,0x56a0,0x56a0,0x56a0,0x56a0,
		0x56a0,0x56a0,0x56a0,0x56a0,0x56a0,0x56a0,0x56a0,0x56a0,0x56a0,0x56a0,0x56a0,0x56a0,0x56a0,0x56a0,0x56a0,0x56a0,
		0x56a0,0x56a0,0x56a0,0x56a0,0x56a0,0x56a0,0x56a0,0x56a0,0x56a0,0x56a0,0x56a0,0x56a0,0x56a0,0x56a0,0x56a0,0x56a0,
		0x56a0,0x56a0,0x56a0,0x56a0,0x56a0,0x56a0,0x56a0,0x56a0,0x56a0,0x56a0,0x56a0,0x56a0,0x56a0,0x56a0,0x56a0,0x56a0,
		0x56a0,0x56a0,0x56a0,0x56a0,0x56a0,0x56a0,0x56a0,0x56a0,0x56a0,0x56a0,0x56a0,0x56a0,0x56a0,0x56a0,0x56a0,0x56a0,
		0x56a0,0x56a0,0x56a0,0x56a0,0x56a0,0x56a0,0x56a0,0x56a0,0x56a0,0x56a0,0x56a0,0x56a0,0x56a0,0x56a0,0x56a0,0x56a0,
		0x56a0,0x56a0,0x56a0,0x56a0,0x56a0,0x56a0,0x56a0,0x56a0,0x56a0,0x56a0,0x56a0,0x56a0,0x56a0,0x56a0,0x56a0,0x56a0,
		0x56a0,0x56a0,0x56a0,0x56a0,0x56a0,0x56a0,0x56a0,0x56a0,0x56a0,0x56a0,0x56a0,0x56a0,0x56a0,0x56a0,0x56a0,0x56a0,
		0x56a0,0x56a0,0x56a0,0x56a0,0x56a0,0x56a0,0x56a0,0x56a0,0x56a0,0x56a0,0x56a0,0x56a0,0x56a0,0x56a0,0x56a0,0x56a0,
		0x56a0,0x56a0,0x56a0,0x56a0,0x56a0,0x56a0,0x56a0,0x56a0,0x56a0,0x56a0,0x56a0,0x56a0,0x56a0,0x56a0,0x56a0,0x56a0,
		0x56a0,0x56a0,0x56a0,0x56a0,0x56a0,0x56a0,0x56a0,0x56a0,0x56a0,0x56a0,0x56a0,0x56a0,0x56a0,0x56a0,0x56a0,0x56a0,
		0x56a0,0x56a0,0x56a0,0x56a0,0x56a0,0x56a0,0x56a0,0x56a0,0x56a0,0x56a0,0x56a0,0x56a0,0x56a0,0x56a0,0x56a0,0x56a0,
		0x56a0,0x56a0,0x56a0,0x56a0,0x56a0,0x56a0,0x56a0,0x56a0,0x56a0,0x56a0,0x56a0,0x56a0,0x56a0,0x56a0,0x56a0,0x56a0,
		0x56a0,0x56a0,0x56a0,0x56a0,0x56a0,0x56a0,0x56a0,0x56a0,0x56a0,0x56a0,0x56a0,0x56a0,0x56a0,0x56a0,0x56a0,0x56a0,
		0x56a0,0x56a0,0x56a0,0x56a0,0x56a0,0x56a0,0x56a0,0x56a0,0x56a0,0x56a0,0x56a0,0x56a0,0x56a0,0x56a0,0x56a0,0x56a0,
		0x56a0,0x56a0,0x56a0,0x56a0,0x56a0,0x56a0,0x56a0,0x56a0,0x56a0,0x56a0,0x56a0,0x56a0,0x56a0,0x56a0,0x56a0,0x56a0,
		0x56a0,0x56a0,0x56a0,0x56a0,0x56a0,0x56a0,0x56a0,0x9c00,0xf800,0xf800,0xf800,0xf800,0xf800,0xf800,0xf800,0xf800,
		0xf8c3,0xfd34,0xffff,0xffff,0xffff,0xffff,0xffff,0xffff,0xffff,0xffff,0xffff,0xffff,0xffff,0xffff,0xffff,0xffff,
		0xffff,0xffff,0xfcb2,0xf841,0xf800,0xf800,0xe000,0x2000,0x0000,0x10a2,0xf7be,0xffff,0xffff,0xffff,0xffff,0xffff,
		0xffff,0xffff,0xffff,0xffff,0xfeba,0xf9e7,0xf800,0xf800,0xf800,0xf800,0xf800,0xf800,0xf800,0xf800,0xb000,0x0800,
		0x0000,0x0000,0x1160,0x5640,0x56a0,0x56a0,0x56a0,0x56a0,0x56a0,0x56a0,0x56a0,0x56a0,0x56a0,0x56a0,0x56a0,0x56a0,
		0x56a0,0x56a0,0x56a0,0x56a0,0x56a0,0x56a0,0x56a0,0x56a0,0x56a0,0x56a0,0x56a0,0x56a0,0x56a0,0x56a0,0x56a0,0x56a0,
		0x56a0,0x56a0,0x56a0,0x56a0,0x56a0,0x56a0,0x56a0,0x56a0,0x56a0,0x56a0,0x56a0,0x56a0,0x56a0,0x56a0,0x56a0,0x56a0,
		0x56a0,0x56a0,0x56a0,0x56a0,0x56a0,0x56a0,0x56a0,0x56a0,0x56a0,0x56a0,0x56a0,0x56a0,0x56a0,0x56a0,0x56a0,0x56a0,
		0x56a0,0x56a0,0x56a0,0x56a0,0x56a0,0x56a0,0x56a0,0x56a0,0x56a0,0x56a0,0x56a0,0x56a0,0x56a0,0x56a0,0x56a0,0x56a0,
		0x56a0,0x56a0,0x56a0,0x56a0,0x56a0,0x56a0,0x56a0,0x56a0,0x56a0,0x56a0,0x56a0,0x56a0,0x56a0,0x56a0,0x56a0,0x56a0,
		0x56a0,0x56a0,0x56a0,0x56a0,0x56a0,0x56a0,0x56a0,0x56a0,0x56a0,0x56a0,0x56a0,0x56a0,0x56a0,0x56a0,0x56a0,0x56a0,
		0x56a0,0x56a0,0x56a0,0x56a0,0x56a0,0x56a0,0x56a0,0x56a0,0x56a0,0x56a0,0x56a0,0x56a0,0x56a0,0x56a0,0x56a0,0x56a0,
		0x56a0,0x56a0,0x56a0,0x56a0,0x56a0,0x56a0,0x56a0,0x56a0,0x56a0,0x56a0,0x56a0,0x56a0,0x56a0,0x56a0,0x56a0,0x56a0,
		0x56a0,0x56a0,0x56a0,0x56a0,0x56a0,0x56a0,0x56a0,0x56a0,0x56a0,0x56a0,0x56a0,0x56a0,0x56a0,0x56a0,0x56a0,0x56a0,
		0x56a0,0x56a0,0x56a0,0x56a0,0x56a0,0x56a0,0x56a0,0x56a0,0x56a0,0x56a0,0x56a0,0x56a0,0x56a0,0x56a0,0x56a0,0x56a0,
		0x56a0,0x56a0,0x56a0,0x56a0,0x56a0,0x56a0,0x56a0,0x56a0,0x56a0,0x56a0,0x56a0,0x56a0,0x56a0,0x56a0,0x56a0,0x56a0,
		0x56a0,0x56a0,0x56a0,0x56a0,0x56a0,0x56a0,0x56a0,0x56a0,0x56a0,0x56a0,0x56a0,0x56a0,0x56a0,0x56a0,0x56a0,0x56a0,
		0x56a0,0x56a0,0x56a0,0x56a0,0x56a0,0x56a0,0x56a0,0x56a0,0x56a0,0x56a0,0x56a0,0x56a0,0x56a0,0x56a0,0x56a0,0x56a0,
		0x56a0,0x56a0,0x56a0,0x56a0,0x56a0,0x56a0,0x56a0,0x56a0,0x56a0,0x56a0,0x56a0,0x56a0,0x56a0,0x56a0,0x56a0,0x56a0,
		0x56a0,0x56a0,0x56a0,0x56a0,0x56a0,0x56a0,0x56a0,0x56a0,0x56a0,0x56a0,0x56a0,0x56a0,0x56a0,0x56a0,0x56a0,0x56a0,
		0x56a0,0x56a0,0x56a0,0x56a0,0x56a0,0x56a0,0x56a0,0x56a0,0x9440,0xf820,0xf800,0xf800,0xf800,0xf800,0xf800,0xf800,
		0xf800,0xf800,0xfa08,0xfe38,0xffff,0xffff,0xffff,0xffff,0xffff,0xffff,0xffff,0xffff,0xffff,0xffff,0xffff,0xffff,
		0xffff,0xffff,0xffff,0xbcf3,0x6000,0x5800,0x1000,0x0000,0x0000,0x7bcf,0xffff,0xffff,0xffff,0xffff,0xffff,0xffff,
		0xffff,0xffff,0xff5d,0xfb8e,0xf820,0xf800,0xf800,0xf800,0xf800,0xf800,0xf800,0xf800,0xf800,0xa000,0x0000,0x0000,
		0x0000,0x1140,0x4e20,0x56a0,0x56a0,0x56a0,0x56a0,0x56a0,0x56a0,0x56a0,0x56a0,0x56a0,0x56a0,0x56a0,0x56a0,0x56a0,
		0x56a0,0x56a0,0x56a0,0x56a0,0x56a0,0x56a0,0x56a0,0x56a0,0x56a0,0x56a0,0x56a0,0x56a0,0x56a0,0x56a0,0x56a0,0x56a0,
		0x56a0,0x56a0,0x56a0,0x56a0,0x56a0,0x56a0,0x56a0,0x56a0,0x56a0,0x56a0,0x56a0,0x56a0,0x56a0,0x56a0,0x56a0,0x56a0,
		0x56a0,0x56a0,0x56a0,0x56a0,0x56a0,0x56a0,0x56a0,0x56a0,0x56a0,0x56a0,0x56a0,0x56a0,0x56a0,0x56a0,0x56a0,0x56a0,
		0x56a0,0x56a0,0x56a0,0x56a0,0x56a0,0x56a0,0x56a0,0x56a0,0x56a0,0x56a0,0x56a0,0x56a0,0x56a0,0x56a0,0x56a0,0x56a0,
		0x56a0,0x56a0,0x56a0,0x56a0,0x56a0,0x56a0,0x56a0,0x56a0,0x56a0,0x56a0,0x56a0,0x56a0,0x56a0,0x56a0,0x56a0,0x56a0,
		0x56a0,0x56a0,0x56a0,0x56a0,0x56a0,0x56a0,0x56a0,0x56a0,0x56a0,0x56a0,0x56a0,0x56a0,0x56a0,0x56a0,0x56a0,0x56a0,
		0x56a0,0x56a0,0x56a0,0x56a0,0x56a0,0x56a0,0x56a0,0x56a0,0x56a0,0x56a0,0x56a0,0x56a0,0x56a0,0x56a0,0x56a0,0x56a0,
		0x56a0,0x56a0,0x56a0,0x56a0,0x56a0,0x56a0,0x56a0,0x56a0,0x56a0,0x56a0,0x56a0,0x56a0,0x56a0,0x56a0,0x56a0,0x56a0,
		0x56a0,0x56a0,0x56a0,0x56a0,0x56a0,0x56a0,0x56a0,0x56a0,0x56a0,0x56a0,0x56a0,0x56a0,0x56a0,0x56a0,0x56a0,0x56a0,
		0x56a0,0x56a0,0x56a0,0x56a0,0x56a0,0x56a0,0x56a0,0x56a0,0x56a0,0x56a0,0x56a0,0x56a0,0x56a0,0x56a0,0x56a0,0x56a0,
		0x56a0,0x56a0,0x56a0,0x56a0,0x56a0,0x56a0,0x56a0,0x56a0,0x56a0,0x56a0,0x56a0,0x56a0,0x56a0,0x56a0,0x56a0,0x56a0,
		0x56a0,0x56a0,0x56a0,0x56a0,0x56a0,0x56a0,0x56a0,0x56a0,0x56a0,0x56a0,0x56a0,0x56a0,0x56a0,0x56a0,0x56a0,0x56a0,
		0x56a0,0x56a0,0x56a0,0x56a0,0x56a0,0x56a0,0x56a0,0x56a0,0x56a0,0x56a0,0x56a0,0x56a0,0x56a0,0x56a0,0x56a0,0x56a0,
		0x56a0,0x56a0,0x56a0,0x56a0,0x56a0,0x56a0,0x56a0,0x56a0,0x56a0,0x56a0,0x56a0,0x56a0,0x56a0,0x56a0,0x56a0,0x56a0,
		0x56a0,0x56a0,0x56a0,0x56a0,0x56a0,0x56a0,0x56a0,0x56a0,0x56a0,0x56a0,0x56a0,0x56a0,0x56a0,0x56a0,0x56a0,0x56a0,
		0x56a0,0x56a0,0x56a0,0x56a0,0x56a0,0x56a0,0x56a0,0x56a0,0x56a0,0x7d00,0xf080,0xf800,0xf800,0xf800,0xf800,0xf800,
		0xf800,0xf800,0xf800,0xf800,0xfa69,0xfe18,0xffff,0xffff,0xffff,0xffff,0xffff,0xffff,0xffff,0xffff,0xffff,0xffff,
		0xffff,0xffff,0xffff,0xffff,0x73ae,0x0020,0x0000,0x0000,0x39e7,0xf79e,0xffff,0xffff,0xffff,0xffff,0xffff,0xffff,
		0xff1c,0xfbae,0xf861,0xf800,0xf800,0xf800,0xf800,0xf800,0xf800,0xf800,0xf800,0xf800,0x8000,0x0000,0x0000,0x0000,
		0x1180,0x4e20,0x56a0,0x56a0,0x56a0,0x56a0,0x56a0,0x56a0,0x56a0,0x56a0,0x56a0,0x56a0,0x56a0,0x56a0,0x56a0,0x56a0,
		0x56a0,0x56a0,0x56a0,0x56a0,0x56a0,0x56a0,0x56a0,0x56a0,0x56a0,0x56a0,0x56a0,0x56a0,0x56a0,0x56a0,0x56a0,0x56a0,
		0x56a0,0x56a0,0x56a0,0x56a0,0x56a0,0x56a0,0x56a0,0x56a0,0x56a0,0x56a0,0x56a0,0x56a0,0x56a0,0x56a0,0x56a0,0x56a0,
		0x56a0,0x56a0,0x56a0,0x56a0,0x56a0,0x56a0,0x56a0,0x56a0,0x56a0,0x56a0,0x56a0,0x56a0,0x56a0,0x56a0,0x56a0,0x56a0,
		0x56a0,0x56a0,0x56a0,0x56a0,0x56a0,0x56a0,0x56a0,0x56a0,0x56a0,0x56a0,0x56a0,0x56a0,0x56a0,0x56a0,0x56a0,0x56a0,
		0x56a0,0x56a0,0x56a0,0x56a0,0x56a0,0x56a0,0x56a0,0x56a0,0x56a0,0x56a0,0x56a0,0x56a0,0x56a0,0x56a0,0x56a0,0x56a0,
		0x56a0,0x56a0,0x56a0,0x56a0,0x56a0,0x56a0,0x56a0,0x56a0,0x56a0,0x56a0,0x56a0,0x56a0,0x56a0,0x56a0,0x56a0,0x56a0,
		0x56a0,0x56a0,0x56a0,0x56a0,0x56a0,0x56a0,0x56a0,0x56a0,0x56a0,0x56a0,0x56a0,0x56a0,0x56a0,0x56a0,0x56a0,0x56a0,
		0x56a0,0x56a0,0x56a0,0x56a0,0x56a0,0x56a0,0x56a0,0x56a0,0x56a0,0x56a0,0x56a0,0x56a0,0x56a0,0x56a0,0x56a0,0x56a0,
		0x56a0,0x56a0,0x56a0,0x56a0,0x56a0,0x56a0,0x56a0,0x56a0,0x56a0,0x56a0,0x56a0,0x56a0,0x56a0,0x56a0,0x56a0,0x56a0,
		0x56a0,0x56a0,0x56a0,0x56a0,0x56a0,0x56a0,0x56a0,0x56a0,0x56a0,0x56a0,0x56a0,0x56a0,0x56a0,0x56a0,0x56a0,0x56a0,
		0x56a0,0x56a0,0x56a0,0x56a0,0x56a0,0x56a0,0x56a0,0x56a0,0x56a0,0x56a0,0x56a0,0x56a0,0x56a0,0x56a0,0x56a0,0x56a0,
		0x56a0,0x56a0,0x56a0,0x56a0,0x56a0,0x56a0,0x56a0,0x56a0,0x56a0,0x56a0,0x56a0,0x56a0,0x56a0,0x56a0,0x56a0,0x56a0,
		0x56a0,0x56a0,0x56a0,0x56a0,0x56a0,0x56a0,0x56a0,0x56a0,0x56a0,0x56a0,0x56a0,0x56a0,0x56a0,0x56a0,0x56a0,0x56a0,
		0x56a0,0x56a0,0x56a0,0x56a0,0x56a0,0x56a0,0x56a0,0x56a0,0x56a0,0x56a0,0x56a0,0x56a0,0x56a0,0x56a0,0x56a0,0x56a0,
		0x56a0,0x56a0,0x56a0,0x56a0,0x56a0,0x56a0,0x56a0,0x56a0,0x56a0,0x56a0,0x56a0,0x56a0,0x56a0,0x56a0,0x56a0,0x56a0,
		0x56a0,0x56a0,0x56a0,0x56a0,0x56a0,0x56a0,0x56a0,0x56a0,0x56a0,0x56a0,0x6dc0,0xd960,0xf800,0xf800,0xf800,0xf800,
		0xf800,0xf800,0xf800,0xf800,0xf800,0xf800,0xf986,0xfc92,0xff5d,0xffff,0xffff,0xffff,0xffff,0xffff,0xffff,0xffff,
		0xffff,0xffff,0xffff,0xffff,0xffff,0xdefb,0xa534,0xbdd7,0xffdf,0xffff,0xffff,0xffff,0xffff,0xffdf,0xfd96,0xfa8a,
		0xf820,0xf800,0xf800,0xf800,0xf800,0xf800,0xf800,0xf800,0xf800,0xf800,0xe800,0x5000,0x0000,0x0000,0x0000,0x1a00,
		0x5640,0x56a0,0x56a0,0x56a0,0x56a0,0x56a0,0x56a0,0x56a0,0x56a0,0x56a0,0x56a0,0x56a0,0x56a0,0x56a0,0x56a0,0x56a0,
		0x56a0,0x56a0,0x56a0,0x56a0,0x56a0,0x56a0,0x56a0,0x56a0,0x56a0,0x56a0,0x56a0,0x56a0,0x56a0,0x56a0,0x56a0,0x56a0,
		0x56a0,0x56a0,0x56a0,0x56a0,0x56a0,0x56a0,0x56a0,0x56a0,0x56a0,0x56a0,0x56a0,0x56a0,0x56a0,0x56a0,0x56a0,0x56a0,
		0x56a0,0x56a0,0x56a0,0x56a0,0x56a0,0x56a0,0x56a0,0x56a0,0x56a0,0x56a0,0x56a0,0x56a0,0x56a0,0x56a0,0x56a0,0x56a0,
		0x56a0,0x56a0,0x56a0,0x56a0,0x56a0,0x56a0,0x56a0,0x56a0,0x56a0,0x56a0,0x56a0,0x56a0,0x56a0,0x56a0,0x56a0,0x56a0,
		0x56a0,0x56a0,0x56a0,0x56a0,0x56a0,0x56a0,0x56a0,0x56a0,0x56a0,0x56a0,0x56a0,0x56a0,0x56a0,0x56a0,0x56a0,0x56a0,
		0x56a0,0x56a0,0x56a0,0x56a0,0x56a0,0x56a0,0x56a0,0x56a0,0x56a0,0x56a0,0x56a0,0x56a0,0x56a0,0x56a0,0x56a0,0x56a0,
		0x56a0,0x56a0,0x56a0,0x56a0,0x56a0,0x56a0,0x56a0,0x56a0,0x56a0,0x56a0,0x56a0,0x56a0,0x56a0,0x56a0,0x56a0,0x56a0,
		0x56a0,0x56a0,0x56a0,0x56a0,0x56a0,0x56a0,0x56a0,0x56a0,0x56a0,0x56a0,0x56a0,0x56a0,0x56a0,0x56a0,0x56a0,0x56a0,
		0x56a0,0x56a0,0x56a0,0x56a0,0x56a0,0x56a0,0x56a0,0x56a0,0x56a0,0x56a0,0x56a0,0x56a0,0x56a0,0x56a0,0x56a0,0x56a0,
		0x56a0,0x56a0,0x56a0,0x56a0,0x56a0,0x56a0,0x56a0,0x56a0,0x56a0,0x56a0,0x56a0,0x56a0,0x56a0,0x56a0,0x56a0,0x56a0,
		0x56a0,0x56a0,0x56a0,0x56a0,0x56a0,0x56a0,0x56a0,0x56a0,0x56a0,0x56a0,0x56a0,0x56a0,0x56a0,0x56a0,0x56a0,0x56a0,
		0x56a0,0x56a0,0x56a0,0x56a0,0x56a0,0x56a0,0x56a0,0x56a0,0x56a0,0x56a0,0x56a0,0x56a0,0x56a0,0x56a0,0x56a0,0x56a0,
		0x56a0,0x56a0,0x56a0,0x56a0,0x56a0,0x56a0,0x56a0,0x56a0,0x56a0,0x56a0,0x56a0,0x56a0,0x56a0,0x56a0,0x56a0,0x56a0,
		0x56a0,0x56a0,0x56a0,0x56a0,0x56a0,0x56a0,0x56a0,0x56a0,0x56a0,0x56a0,0x56a0,0x56a0,0x56a0,0x56a0,0x56a0,0x56a0,
		0x56a0,0x56a0,0x56a0,0x56a0,0x56a0,0x56a0,0x56a0,0x56a0,0x56a0,0x56a0,0x56a0,0x56a0,0x56a0,0x56a0,0x56a0,0x56a0,
		0x56a0,0x56a0,0x56a0,0x56a0,0x56a0,0x56a0,0x56a0,0x56a0,0x56a0,0x56a0,0x56a0,0x5e60,0xab20,0xf820,0xf800,0xf800,
		0xf800,0xf800,0xf800,0xf800,0xf800,0xf800,0xf800,0xf800,0xf820,0xf9e7,0xfc30,0xfe38,0xffbe,0xffff,0xffff,0xffff,
		0xffff,0xffff,0xffff,0xffff,0xffff,0xffff,0xffff,0xffff,0xffff,0xffdf,0xfedb,0xfcf3,0xfacb,0xf882,0xf800,0xf800,
		0xf800,0xf800,0xf800,0xf800,0xf800,0xf800,0xf800,0xf800,0xf800,0xc000,0x2000,0x0000,0x0000,0x0000,0x2b20,0x5680,
		0x56a0,0x56a0,0x56a0,0x56a0,0x56a0,0x56a0,0x56a0,0x56a0,0x56a0,0x56a0,0x56a0,0x56a0,0x56a0,0x56a0,0x56a0,0x56a0,
		0x56a0,0x56a0,0x56a0,0x56a0,0x56a0,0x56a0,0x56a0,0x56a0,0x56a0,0x56a0,0x56a0,0x56a0,0x56a0,0x56a0,0x56a0,0x56a0,
		0x56a0,0x56a0,0x56a0,0x56a0,0x56a0,0x56a0,0x56a0,0x56a0,0x56a0,0x56a0,0x56a0,0x56a0,0x56a0,0x56a0,0x56a0,0x56a0,
		0x56a0,0x56a0,0x56a0,0x56a0,0x56a0,0x56a0,0x56a0,0x56a0,0x56a0,0x56a0,0x56a0,0x56a0,0x56a0,0x56a0,0x56a0,0x56a0,
		0x56a0,0x56a0,0x56a0,0x56a0,0x56a0,0x56a0,0x56a0,0x56a0,0x56a0,0x56a0,0x56a0,0x56a0,0x56a0,0x56a0,0x56a0,0x56a0,
		0x56a0,0x56a0,0x56a0,0x56a0,0x56a0,0x56a0,0x56a0,0x56a0,0x56a0,0x56a0,0x56a0,0x56a0,0x56a0,0x56a0,0x56a0,0x56a0,
		0x56a0,0x56a0,0x56a0,0x56a0,0x56a0,0x56a0,0x56a0,0x56a0,0x56a0,0x56a0,0x56a0,0x56a0,0x56a0,0x56a0,0x56a0,0x56a0,
		0x56a0,0x56a0,0x56a0,0x56a0,0x56a0,0x56a0,0x56a0,0x56a0,0x56a0,0x56a0,0x56a0,0x56a0,0x56a0,0x56a0,0x56a0,0x56a0,
		0x56a0,0x56a0,0x56a0,0x56a0,0x56a0,0x56a0,0x56a0,0x56a0,0x56a0,0x56a0,0x56a0,0x56a0,0x56a0,0x56a0,0x56a0,0x56a0,
		0x56a0,0x56a0,0x56a0,0x56a0,0x56a0,0x56a0,0x56a0,0x56a0,0x56a0,0x56a0,0x56a0,0x56a0,0x56a0,0x56a0,0x56a0,0x56a0,
		0x56a0,0x56a0,0x56a0,0x56a0,0x56a0,0x56a0,0x56a0,0x56a0,0x56a0,0x56a0,0x56a0,0x56a0,0x56a0,0x56a0,0x56a0,0x56a0,
		0x56a0,0x56a0,0x56a0,0x56a0,0x56a0,0x56a0,0x56a0,0x56a0,0x56a0,0x56a0,0x56a0,0x56a0,0x56a0,0x56a0,0x56a0,0x56a0,
		0x56a0,0x56a0,0x56a0,0x56a0,0x56a0,0x56a0,0x56a0,0x56a0,0x56a0,0x56a0,0x56a0,0x56a0,0x56a0,0x56a0,0x56a0,0x56a0,
		0x56a0,0x56a0,0x56a0,0x56a0,0x56a0,0x56a0,0x56a0,0x56a0,0x56a0,0x56a0,0x56a0,0x56a0,0x56a0,0x56a0,0x56a0,0x56a0,
		0x56a0,0x56a0,0x56a0,0x56a0,0x56a0,0x56a0,0x56a0,0x56a0,0x56a0,0x56a0,0x56a0,0x56a0,0x56a0,0x56a0,0x56a0,0x56a0,
		0x56a0,0x56a0,0x56a0,0x56a0,0x56a0,0x56a0,0x56a0,0x56a0,0x56a0,0x56a0,0x56a0,0x56a0,0x56a0,0x56a0,0x56a0,0x56a0,
		0x56a0,0x56a0,0x56a0,0x56a0,0x56a0,0x56a0,0x56a0,0x56a0,0x56a0,0x56a0,0x56a0,0x56a0,0x56a0,0x7d20,0xd940,0xf800,
		0xf800,0xf800,0xf800,0xf800,0xf800,0xf800,0xf800,0xf800,0xf800,0xf800,0xf800,0xf800,0xf841,0xf965,0xfaaa,0xfbae,
		0xfc71,0xfcd3,0xfd55,0xfd75,0xfd14,0xfc92,0xfc10,0xfb0c,0xf9e7,0xf8a2,0xf800,0xf800,0xf800,0xf800,0xf800,0xf800,
		0xf800,0xf800,0xf800,0xf800,0xf800,0xf800,0xf800,0xf000,0x6800,0x0000,0x0000,0x0000,0x0080,0x3c80,0x56a0,0x56a0,
		0x56a0,0x56a0,0x56a0,0x56a0,0x56a0,0x56a0,0x56a0,0x56a0,0x56a0,0x56a0,0x56a0,0x56a0,0x56a0,0x56a0,0x56a0,0x56a0,
		0x56a0,0x56a0,0x56a0,0x56a0,0x56a0,0x56a0,0x56a0,0x56a0,0x56a0,0x56a0,0x56a0,0x56a0,0x56a0,0x56a0,0x56a0,0x56a0,
		0x56a0,0x56a0,0x56a0,0x56a0,0x56a0,0x56a0,0x56a0,0x56a0,0x56a0,0x56a0,0x56a0,0x56a0,0x56a0,0x56a0,0x56a0,0x56a0,
		0x56a0,0x56a0,0x56a0,0x56a0,0x56a0,0x56a0,0x56a0,0x56a0,0x56a0,0x56a0,0x56a0,0x56a0,0x56a0,0x56a0,0x56a0,0x56a0,
		0x56a0,0x56a0,0x56a0,0x56a0,0x56a0,0x56a0,0x56a0,0x56a0,0x56a0,0x56a0,0x56a0,0x56a0,0x56a0,0x56a0,0x56a0,0x56a0,
		0x56a0,0x56a0,0x56a0,0x56a0,0x56a0,0x56a0,0x56a0,0x56a0,0x56a0,0x56a0,0x56a0,0x56a0,0x56a0,0x56a0,0x56a0,0x56a0,
		0x56a0,0x56a0,0x56a0,0x56a0,0x56a0,0x56a0,0x56a0,0x56a0,0x56a0,0x56a0,0x56a0,0x56a0,0x56a0,0x56a0,0x56a0,0x56a0,
		0x56a0,0x56a0,0x56a0,0x56a0,0x56a0,0x56a0,0x56a0,0x56a0,0x56a0,0x56a0,0x56a0,0x56a0,0x56a0,0x56a0,0x56a0,0x56a0,
		0x56a0,0x56a0,0x56a0,0x56a0,0x56a0,0x56a0,0x56a0,0x56a0,0x56a0,0x56a0,0x56a0,0x56a0,0x56a0,0x56a0,0x56a0,0x56a0,
		0x56a0,0x56a0,0x56a0,0x56a0,0x56a0,0x56a0,0x56a0,0x56a0,0x56a0,0x56a0,0x56a0,0x56a0,0x56a0,0x56a0,0x56a0,0x56a0,
		0x56a0,0x56a0,0x56a0,0x56a0,0x56a0,0x56a0,0x56a0,0x56a0,0x56a0,0x56a0,0x56a0,0x56a0,0x56a0,0x56a0,0x56a0,0x56a0,
		0x56a0,0x56a0,0x56a0,0x56a0,0x56a0,0x56a0,0x56a0,0x56a0,0x56a0,0x56a0,0x56a0,0x56a0,0x56a0,0x56a0,0x56a0,0x56a0,
		0x56a0,0x56a0,0x56a0,0x56a0,0x56a0,0x56a0,0x56a0,0x56a0,0x56a0,0x56a0,0x56a0,0x56a0,0x56a0,0x56a0,0x56a0,0x56a0,
		0x56a0,0x56a0,0x56a0,0x56a0,0x56a0,0x56a0,0x56a0,0x56a0,0x56a0,0x56a0,0x56a0,0x56a0,0x56a0,0x56a0,0x56a0,0x56a0,
		0x56a0,0x56a0,0x56a0,0x56a0,0x56a0,0x56a0,0x56a0,0x56a0,0x56a0,0x56a0,0x56a0,0x56a0,0x56a0,0x56a0,0x56a0,0x56a0,
		0x56a0,0x56a0,0x56a0,0x56a0,0x56a0,0x56a0,0x56a0,0x56a0,0x56a0,0x56a0,0x56a0,0x56a0,0x56a0,0x56a0,0x56a0,0x56a0,
		0x56a0,0x56a0,0x56a0,0x56a0,0x56a0,0x56a0,0x56a0,0x56a0,0x56a0,0x56a0,0x56a0,0x56a0,0x56a0,0x56a0,0x5e80,0x9bc0,
		0xf080,0xf800,0xf800,0xf800,0xf800,0xf800,0xf800,0xf800,0xf800,0xf800,0xf800,0xf800,0xf800,0xf800,0xf800,0xf800,
		0xf800,0xf800,0xf800,0xf800,0xf800,0xf800,0xf800,0xf800,0xf800,0xf800,0xf800,0xf800,0xf800,0xf800,0xf800,0xf800,
		0xf800,0xf800,0xf800,0xf800,0xf800,0xf800,0xa000,0x1800,0x0000,0x0000,0x0000,0x1a00,0x4de0,0x56a0,0x56a0,0x56a0,
		0x56a0,0x56a0,0x56a0,0x56a0,0x56a0,0x56a0,0x56a0,0x56a0,0x56a0,0x56a0,0x56a0,0x56a0,0x56a0,0x56a0,0x56a0,0x56a0,
		0x56a0,0x56a0,0x56a0,0x56a0,0x56a0,0x56a0,0x56a0,0x56a0,0x56a0,0x56a0,0x56a0,0x56a0,0x56a0,0x56a0,0x56a0,0x56a0,
		0x56a0,0x56a0,0x56a0,0x56a0,0x56a0,0x56a0,0x56a0,0x56a0,0x56a0,0x56a0,0x56a0,0x56a0,0x56a0,0x56a0,0x56a0,0x56a0,
		0x56a0,0x56a0,0x56a0,0x56a0,0x56a0,0x56a0,0x56a0,0x56a0,0x56a0,0x56a0,0x56a0,0x56a0,0x56a0,0x56a0,0x56a0,0x56a0,
		0x56a0,0x56a0,0x56a0,0x56a0,0x56a0,0x56a0,0x56a0,0x56a0,0x56a0,0x56a0,0x56a0,0x56a0,0x56a0,0x56a0,0x56a0,0x56a0,
		0x56a0,0x56a0,0x56a0,0x56a0,0x56a0,0x56a0,0x56a0,0x56a0,0x56a0,0x56a0,0x56a0,0x56a0,0x56a0,0x56a0,0x56a0,0x56a0,
		0x56a0,0x56a0,0x56a0,0x56a0,0x56a0,0x56a0,0x56a0,0x56a0,0x56a0,0x56a0,0x56a0,0x56a0,0x56a0,0x56a0,0x56a0,0x56a0,
		0x56a0,0x56a0,0x56a0,0x56a0,0x56a0,0x56a0,0x56a0,0x56a0,0x56a0,0x56a0,0x56a0,0x56a0,0x56a0,0x56a0,0x56a0,0x56a0,
		0x56a0,0x56a0,0x56a0,0x56a0,0x56a0,0x56a0,0x56a0,0x56a0,0x56a0,0x56a0,0x56a0,0x56a0,0x56a0,0x56a0,0x56a0,0x56a0,
		0x56a0,0x56a0,0x56a0,0x56a0,0x56a0,0x56a0,0x56a0,0x56a0,0x56a0,0x56a0,0x56a0,0x56a0,0x56a0,0x56a0,0x56a0,0x56a0,
		0x56a0,0x56a0,0x56a0,0x56a0,0x56a0,0x56a0,0x56a0,0x56a0,0x56a0,0x56a0,0x56a0,0x56a0,0x56a0,0x56a0,0x56a0,0x56a0,
		0x56a0,0x56a0,0x56a0,0x56a0,0x56a0,0x56a0,0x56a0,0x56a0,0x56a0,0x56a0,0x56a0,0x56a0,0x56a0,0x56a0,0x56a0,0x56a0,
		0x56a0,0x56a0,0x56a0,0x56a0,0x56a0,0x56a0,0x56a0,0x56a0,0x56a0,0x56a0,0x56a0,0x56a0,0x56a0,0x56a0,0x56a0,0x56a0,
		0x56a0,0x56a0,0x56a0,0x56a0,0x56a0,0x56a0,0x56a0,0x56a0,0x56a0,0x56a0,0x56a0,0x56a0,0x56a0,0x56a0,0x56a0,0x56a0,
		0x56a0,0x56a0,0x56a0,0x56a0,0x56a0,0x56a0,0x56a0,0x56a0,0x56a0,0x56a0,0x56a0,0x56a0,0x56a0,0x56a0,0x56a0,0x56a0,
		0x56a0,0x56a0,0x56a0,0x56a0,0x56a0,0x56a0,0x56a0,0x56a0,0x56a0,0x56a0,0x56a0,0x56a0,0x56a0,0x56a0,0x56a0,0x56a0,
		0x56a0,0x56a0,0x56a0,0x56a0,0x56a0,0x56a0,0x56a0,0x56a0,0x56a0,0x56a0,0x56a0,0x56a0,0x56a0,0x56a0,0x56a0,0x56a0,
		0x6620,0xaae0,0xf020,0xf800,0xf800,0xf800,0xf800,0xf800,0xf800,0xf800,0xf800,0xf800,0xf800,0xf800,0xf800,0xf800,
		0xf800,0xf800,0xf800,0xf800,0xf800,0xf800,0xf800,0xf800,0xf800,0xf800,0xf800,0xf800,0xf800,0xf800,0xf800,0xf800,
		0xf800,0xf800,0xf800,0xf800,0xa800,0x2800,0x0000,0x0000,0x0000,0x08c0,0x3c60,0x5680,0x56a0,0x56a0,0x56a0,0x56a0,
		0x56a0,0x56a0,0x56a0,0x56a0,0x56a0,0x56a0,0x56a0,0x56a0,0x56a0,0x56a0,0x56a0,0x56a0,0x56a0,0x56a0,0x56a0,0x56a0,
		0x56a0,0x56a0,0x56a0,0x56a0,0x56a0,0x56a0,0x56a0,0x56a0,0x56a0,0x56a0,0x56a0,0x56a0,0x56a0,0x56a0,0x56a0,0x56a0,
		0x56a0,0x56a0,0x56a0,0x56a0,0x56a0,0x56a0,0x56a0,0x56a0,0x56a0,0x56a0,0x56a0,0x56a0,0x56a0,0x56a0,0x56a0,0x56a0,
		0x56a0,0x56a0,0x56a0,0x56a0,0x56a0,0x56a0,0x56a0,0x56a0,0x56a0,0x56a0,0x56a0,0x56a0,0x56a0,0x56a0,0x56a0,0x56a0,
		0x56a0,0x56a0,0x56a0,0x56a0,0x56a0,0x56a0,0x56a0,0x56a0,0x56a0,0x56a0,0x56a0,0x56a0,0x56a0,0x56a0,0x56a0,0x56a0,
		0x56a0,0x56a0,0x56a0,0x56a0,0x56a0,0x56a0,0x56a0,0x56a0,0x56a0,0x56a0,0x56a0,0x56a0,0x56a0,0x56a0,0x56a0,0x56a0,
		0x56a0,0x56a0,0x56a0,0x56a0,0x56a0,0x56a0,0x56a0,0x56a0,0x56a0,0x56a0,0x56a0,0x56a0,0x56a0,0x56a0,0x56a0,0x56a0,
		0x56a0,0x56a0,0x56a0,0x56a0,0x56a0,0x56a0,0x56a0,0x56a0,0x56a0,0x56a0,0x56a0,0x56a0,0x56a0,0x56a0,0x56a0,0x56a0,
		0x56a0,0x56a0,0x56a0,0x56a0,0x56a0,0x56a0,0x56a0,0x56a0,0x56a0,0x56a0,0x56a0,0x56a0,0x56a0,0x56a0,0x56a0,0x56a0,
		0x56a0,0x56a0,0x56a0,0x56a0,0x56a0,0x56a0,0x56a0,0x56a0,0x56a0,0x56a0,0x56a0,0x56a0,0x56a0,0x56a0,0x56a0,0x56a0,
		0x56a0,0x56a0,0x56a0,0x56a0,0x56a0,0x56a0,0x56a0,0x56a0,0x56a0,0x56a0,0x56a0,0x56a0,0x56a0,0x56a0,0x56a0,0x56a0,
		0x56a0,0x56a0,0x56a0,0x56a0,0x56a0,0x56a0,0x56a0,0x56a0,0x56a0,0x56a0,0x56a0,0x56a0,0x56a0,0x56a0,0x56a0,0x56a0,
		0x56a0,0x56a0,0x56a0,0x56a0,0x56a0,0x56a0,0x56a0,0x56a0,0x56a0,0x56a0,0x56a0,0x56a0,0x56a0,0x56a0,0x56a0,0x56a0,
		0x56a0,0x56a0,0x56a0,0x56a0,0x56a0,0x56a0,0x56a0,0x56a0,0x56a0,0x56a0,0x56a0,0x56a0,0x56a0,0x56a0,0x56a0,0x56a0,
		0x56a0,0x56a0,0x56a0,0x56a0,0x56a0,0x56a0,0x56a0,0x56a0,0x56a0,0x56a0,0x56a0,0x56a0,0x56a0,0x56a0,0x56a0,0x56a0,
		0x56a0,0x56a0,0x56a0,0x56a0,0x56a0,0x56a0,0x56a0,0x56a0,0x56a0,0x56a0,0x56a0,0x56a0,0x56a0,0x56a0,0x56a0,0x56a0,
		0x56a0,0x56a0,0x56a0,0x56a0,0x56a0,0x56a0,0x56a0,0x56a0,0x56a0,0x56a0,0x56a0,0x56a0,0x56a0,0x56a0,0x56a0,0x56a0,
		0x56a0,0x56a0,0x5580,0x8a00,0xd800,0xf800,0xf800,0xf800,0xf800,0xf800,0xf800,0xf800,0xf800,0xf800,0xf800,0xf800,
		0xf800,0xf800,0xf800,0xf800,0xf800,0xf800,0xf800,0xf800,0xf800,0xf800,0xf800,0xf800,0xf800,0xf800,0xf800,0xf800,
		0xf800,0xe800,0x9000,0x2000,0x0000,0x0000,0x0000,0x0060,0x2b60,0x5660,0x56a0,0x56a0,0x56a0,0x56a0,0x56a0,0x56a0,
		0x56a0,0x56a0,0x56a0,0x56a0,0x56a0,0x56a0,0x56a0,0x56a0,0x56a0,0x56a0,0x56a0,0x56a0,0x56a0,0x56a0,0x56a0,0x56a0,
		0x56a0,0x56a0,0x56a0,0x56a0,0x56a0,0x56a0,0x56a0,0x56a0,0x56a0,0x56a0,0x56a0,0x56a0,0x56a0,0x56a0,0x56a0,0x56a0,
		0x56a0,0x56a0,0x56a0,0x56a0,0x56a0,0x56a0,0x56a0,0x56a0,0x56a0,0x56a0,0x56a0,0x56a0,0x56a0,0x56a0,0x56a0,0x56a0,
		0x56a0,0x56a0,0x56a0,0x56a0,0x56a0,0x56a0,0x56a0,0x56a0,0x56a0,0x56a0,0x56a0,0x56a0,0x56a0,0x56a0,0x56a0,0x56a0,
		0x56a0,0x56a0,0x56a0,0x56a0,0x56a0,0x56a0,0x56a0,0x56a0,0x56a0,0x56a0,0x56a0,0x56a0,0x56a0,0x56a0,0x56a0,0x56a0,
		0x56a0,0x56a0,0x56a0,0x56a0,0x56a0,0x56a0,0x56a0,0x56a0,0x56a0,0x56a0,0x56a0,0x56a0,0x56a0,0x56a0,0x56a0,0x56a0,
		0x56a0,0x56a0,0x56a0,0x56a0,0x56a0,0x56a0,0x56a0,0x56a0,0x56a0,0x56a0,0x56a0,0x56a0,0x56a0,0x56a0,0x56a0,0x56a0,
		0x56a0,0x56a0,0x56a0,0x56a0,0x56a0,0x56a0,0x56a0,0x56a0,0x56a0,0x56a0,0x56a0,0x56a0,0x56a0,0x56a0,0x56a0,0x56a0,
		0x56a0,0x56a0,0x56a0,0x56a0,0x56a0,0x56a0,0x56a0,0x56a0,0x56a0,0x56a0,0x56a0,0x56a0,0x56a0,0x56a0,0x56a0,0x56a0,
		0x56a0,0x56a0,0x56a0,0x56a0,0x56a0,0x56a0,0x56a0,0x56a0,0x56a0,0x56a0,0x56a0,0x56a0,0x56a0,0x56a0,0x56a0,0x56a0,
		0x56a0,0x56a0,0x56a0,0x56a0,0x56a0,0x56a0,0x56a0,0x56a0,0x56a0,0x56a0,0x56a0,0x56a0,0x56a0,0x56a0,0x56a0,0x56a0,
		0x56a0,0x56a0,0x56a0,0x56a0,0x56a0,0x56a0,0x56a0,0x56a0,0x56a0,0x56a0,0x56a0,0x56a0,0x56a0,0x56a0,0x56a0,0x56a0,
		0x56a0,0x56a0,0x56a0,0x56a0,0x56a0,0x56a0,0x56a0,0x56a0,0x56a0,0x56a0,0x56a0,0x56a0,0x56a0,0x56a0,0x56a0,0x56a0,
		0x56a0,0x56a0,0x56a0,0x56a0,0x56a0,0x56a0,0x56a0,0x56a0,0x56a0,0x56a0,0x56a0,0x56a0,0x56a0,0x56a0,0x56a0,0x56a0,
		0x56a0,0x56a0,0x56a0,0x56a0,0x56a0,0x56a0,0x56a0,0x56a0,0x56a0,0x56a0,0x56a0,0x56a0,0x56a0,0x56a0,0x56a0,0x56a0,
		0x56a0,0x56a0,0x56a0,0x56a0,0x56a0,0x56a0,0x56a0,0x56a0,0x56a0,0x56a0,0x56a0,0x56a0,0x56a0,0x56a0,0x56a0,0x56a0,
		0x56a0,0x56a0,0x56a0,0x56a0,0x56a0,0x56a0,0x56a0,0x56a0,0x56a0,0x56a0,0x56a0,0x56a0,0x56a0,0x56a0,0x56a0,0x56a0,
		0x56a0,0x56a0,0x56a0,0x56a0,0x4540,0x5a40,0x9820,0xe000,0xf800,0xf800,0xf800,0xf800,0xf800,0xf800,0xf800,0xf800,
		0xf800,0xf800,0xf800,0xf800,0xf800,0xf800,0xf800,0xf800,0xf800,0xf800,0xf800,0xf800,0xf800,0xf800,0xf000,0xb000,
		0x5800,0x0800,0x0000,0x0000,0x0000,0x08a0,0x2b60,0x4e20,0x56a0,0x56a0,0x56a0,0x56a0,0x56a0,0x56a0,0x56a0,0x56a0,
		0x56a0,0x56a0,0x56a0,0x56a0,0x56a0,0x56a0,0x56a0,0x56a0,0x56a0,0x56a0,0x56a0,0x56a0,0x56a0,0x56a0,0x56a0,0x56a0,
		0x56a0,0x56a0,0x56a0,0x56a0,0x56a0,0x56a0,0x56a0,0x56a0,0x56a0,0x56a0,0x56a0,0x56a0,0x56a0,0x56a0,0x56a0,0x56a0,
		0x56a0,0x56a0,0x56a0,0x56a0,0x56a0,0x56a0,0x56a0,0x56a0,0x56a0,0x56a0,0x56a0,0x56a0,0x56a0,0x56a0,0x56a0,0x56a0,
		0x56a0,0x56a0,0x56a0,0x56a0,0x56a0,0x56a0,0x56a0,0x56a0,0x56a0,0x56a0,0x56a0,0x56a0,0x56a0,0x56a0,0x56a0,0x56a0,
		0x56a0,0x56a0,0x56a0,0x56a0,0x56a0,0x56a0,0x56a0,0x56a0,0x56a0,0x56a0,0x56a0,0x56a0,0x56a0,0x56a0,0x56a0,0x56a0,
		0x56a0,0x56a0,0x56a0,0x56a0,0x56a0,0x56a0,0x56a0,0x56a0,0x56a0,0x56a0,0x56a0,0x56a0,0x56a0,0x56a0,0x56a0,0x56a0,
		0x56a0,0x56a0,0x56a0,0x56a0,0x56a0,0x56a0,0x56a0,0x56a0,0x56a0,0x56a0,0x56a0,0x56a0,0x56a0,0x56a0,0x56a0,0x56a0,
		0x56a0,0x56a0,0x56a0,0x56a0,0x56a0,0x56a0,0x56a0,0x56a0,0x56a0,0x56a0,0x56a0,0x56a0,0x56a0,0x56a0,0x56a0,0x56a0,
		0x56a0,0x56a0,0x56a0,0x56a0,0x56a0,0x56a0,0x56a0,0x56a0,0x56a0,0x56a0,0x56a0,0x56a0,0x56a0,0x56a0,0x56a0,0x56a0,
		0x56a0,0x56a0,0x56a0,0x56a0,0x56a0,0x56a0,0x56a0,0x56a0,0x56a0,0x56a0,0x56a0,0x56a0,0x56a0,0x56a0,0x56a0,0x56a0,
		0x56a0,0x56a0,0x56a0,0x56a0,0x56a0,0x56a0,0x56a0,0x56a0,0x56a0,0x56a0,0x56a0,0x56a0,0x56a0,0x56a0,0x56a0,0x56a0,
		0x56a0,0x56a0,0x56a0,0x56a0,0x56a0,0x56a0,0x56a0,0x56a0,0x56a0,0x56a0,0x56a0,0x56a0,0x56a0,0x56a0,0x56a0,0x56a0,
		0x56a0,0x56a0,0x56a0,0x56a0,0x56a0,0x56a0,0x56a0,0x56a0,0x56a0,0x56a0,0x56a0,0x56a0,0x56a0,0x56a0,0x56a0,0x56a0,
		0x56a0,0x56a0,0x56a0,0x56a0,0x56a0,0x56a0,0x56a0,0x56a0,0x56a0,0x56a0,0x56a0,0x56a0,0x56a0,0x56a0,0x56a0,0x56a0,
		0x56a0,0x56a0,0x56a0,0x56a0,0x56a0,0x56a0,0x56a0,0x56a0,0x56a0,0x56a0,0x56a0,0x56a0,0x56a0,0x56a0,0x56a0,0x56a0,
		0x56a0,0x56a0,0x56a0,0x56a0,0x56a0,0x56a0,0x56a0,0x56a0,0x56a0,0x56a0,0x56a0,0x56a0,0x56a0,0x56a0,0x56a0,0x56a0,
		0x56a0,0x56a0,0x56a0,0x56a0,0x56a0,0x56a0,0x56a0,0x56a0,0x56a0,0x56a0,0x56a0,0x56a0,0x56a0,0x56a0,0x56a0,0x56a0,
		0x56a0,0x56a0,0x56a0,0x56a0,0x56a0,0x56a0,0x4de0,0x3360,0x40e0,0x7800,0xb000,0xe800,0xf800,0xf800,0xf800,0xf800,
		0xf800,0xf800,0xf800,0xf800,0xf800,0xf800,0xf800,0xf800,0xf800,0xf800,0xf000,0xc000,0x8800,0x4800,0x0800,0x0000,
		0x0000,0x0000,0x0020,0x19c0,0x3c60,0x5660,0x56a0,0x56a0,0x56a0,0x56a0,0x56a0,0x56a0,0x56a0,0x56a0,0x56a0,0x56a0,
		0x56a0,0x56a0,0x56a0,0x56a0,0x56a0,0x56a0,0x56a0,0x56a0,0x56a0,0x56a0,0x56a0,0x56a0,0x56a0,0x56a0,0x56a0,0x56a0,
		0x56a0,0x56a0,0x56a0,0x56a0,0x56a0,0x56a0,0x56a0,0x56a0,0x56a0,0x56a0,0x56a0,0x56a0,0x56a0,0x56a0,0x56a0,0x56a0,
		0x56a0,0x56a0,0x56a0,0x56a0,0x56a0,0x56a0,0x56a0,0x56a0,0x56a0,0x56a0,0x56a0,0x56a0,0x56a0,0x56a0,0x56a0,0x56a0,
		0x56a0,0x56a0,0x56a0,0x56a0,0x56a0,0x56a0,0x56a0,0x56a0,0x56a0,0x56a0,0x56a0,0x56a0,0x56a0,0x56a0,0x56a0,0x56a0,
		0x56a0,0x56a0,0x56a0,0x56a0,0x56a0,0x56a0,0x56a0,0x56a0,0x56a0,0x56a0,0x56a0,0x56a0,0x56a0,0x56a0,0x56a0,0x56a0,
		0x56a0,0x56a0,0x56a0,0x56a0,0x56a0,0x56a0,0x56a0,0x56a0,0x56a0,0x56a0,0x56a0,0x56a0,0x56a0,0x56a0,0x56a0,0x56a0,
		0x56a0,0x56a0,0x56a0,0x56a0,0x56a0,0x56a0,0x56a0,0x56a0,0x56a0,0x56a0,0x56a0,0x56a0,0x56a0,0x56a0,0x56a0,0x56a0,
		0x56a0,0x56a0,0x56a0,0x56a0,0x56a0,0x56a0,0x56a0,0x56a0,0x56a0,0x56a0,0x56a0,0x56a0,0x56a0,0x56a0,0x56a0,0x56a0,
		0x56a0,0x56a0,0x56a0,0x56a0,0x56a0,0x56a0,0x56a0,0x56a0,0x56a0,0x56a0,0x56a0,0x56a0,0x56a0,0x56a0,0x56a0,0x56a0,
		0x56a0,0x56a0,0x56a0,0x56a0,0x56a0,0x56a0,0x56a0,0x56a0,0x56a0,0x56a0,0x56a0,0x56a0,0x56a0,0x56a0,0x56a0,0x56a0,
		0x56a0,0x56a0,0x56a0,0x56a0,0x56a0,0x56a0,0x56a0,0x56a0,0x56a0,0x56a0,0x56a0,0x56a0,0x56a0,0x56a0,0x56a0,0x56a0,
		0x56a0,0x56a0,0x56a0,0x56a0,0x56a0,0x56a0,0x56a0,0x56a0,0x56a0,0x56a0,0x56a0,0x56a0,0x56a0,0x56a0,0x56a0,0x56a0,
		0x56a0,0x56a0,0x56a0,0x56a0,0x56a0,0x56a0,0x56a0,0x56a0,0x56a0,0x56a0,0x56a0,0x56a0,0x56a0,0x56a0,0x56a0,0x56a0,
		0x56a0,0x56a0,0x56a0,0x56a0,0x56a0,0x56a0,0x56a0,0x56a0,0x56a0,0x56a0,0x56a0,0x56a0,0x56a0,0x56a0,0x56a0,0x56a0,
		0x56a0,0x56a0,0x56a0,0x56a0,0x56a0,0x56a0,0x56a0,0x56a0,0x56a0,0x56a0,0x56a0,0x56a0,0x56a0,0x56a0,0x56a0,0x56a0,
		0x56a0,0x56a0,0x56a0,0x56a0,0x56a0,0x56a0,0x56a0,0x56a0,0x56a0,0x56a0,0x56a0,0x56a0,0x56a0,0x56a0,0x56a0,0x56a0,
		0x56a0,0x56a0,0x56a0,0x56a0,0x56a0,0x56a0,0x56a0,0x56a0,0x56a0,0x56a0,0x56a0,0x56a0,0x56a0,0x56a0,0x56a0,0x56a0,
		0x56a0,0x56a0,0x56a0,0x56a0,0x56a0,0x56a0,0x56a0,0x56a0,0x5680,0x4540,0x2b20,0x1140,0x1800,0x4000,0x6000,0x7800,
		0x9000,0xa000,0xa000,0xa000,0xa000,0x9800,0x8000,0x6800,0x4800,0x2800,0x0000,0x0000,0x0000,0x0000,0x0000,0x0060,
		0x1a00,0x33e0,0x4e00,0x56a0,0x56a0,0x56a0,0x56a0,0x56a0,0x56a0,0x56a0,0x56a0,0x56a0,0x56a0,0x56a0,0x56a0,0x56a0,
		0x56a0,0x56a0,0x56a0,0x56a0,0x56a0,0x56a0,0x56a0,0x56a0,0x56a0,0x56a0,0x56a0,0x56a0,0x56a0,0x56a0,0x56a0,0x56a0,
		0x56a0,0x56a0,0x56a0,0x56a0,0x56a0,0x56a0,0x56a0,0x56a0,0x56a0,0x56a0,0x56a0,0x56a0,0x56a0,0x56a0,0x56a0,0x56a0,
		0x56a0,0x56a0,0x56a0,0x56a0,0x56a0,0x56a0,0x56a0,0x56a0,0x56a0,0x56a0,0x56a0,0x56a0,0x56a0,0x56a0,0x56a0,0x56a0,
		0x56a0,0x56a0,0x56a0,0x56a0,0x56a0,0x56a0,0x56a0,0x56a0,0x56a0,0x56a0,0x56a0,0x56a0,0x56a0,0x56a0,0x56a0,0x56a0,
		0x56a0,0x56a0,0x56a0,0x56a0,0x56a0,0x56a0,0x56a0,0x56a0,0x56a0,0x56a0,0x56a0,0x56a0,0x56a0,0x56a0,0x56a0,0x56a0,
		0x56a0,0x56a0,0x56a0,0x56a0,0x56a0,0x56a0,0x56a0,0x56a0,0x56a0,0x56a0,0x56a0,0x56a0,0x56a0,0x56a0,0x56a0,0x56a0,
		0x56a0,0x56a0,0x56a0,0x56a0,0x56a0,0x56a0,0x56a0,0x56a0,0x56a0,0x56a0,0x56a0,0x56a0,0x56a0,0x56a0,0x56a0,0x56a0,
		0x56a0,0x56a0,0x56a0,0x56a0,0x56a0,0x56a0,0x56a0,0x56a0,0x56a0,0x56a0,0x56a0,0x56a0,0x56a0,0x56a0,0x56a0,0x56a0,
		0x56a0,0x56a0,0x56a0,0x56a0,0x56a0,0x56a0,0x56a0,0x56a0,0x56a0,0x56a0,0x56a0,0x56a0,0x56a0,0x56a0,0x56a0,0x56a0,
		0x56a0,0x56a0,0x56a0,0x56a0,0x56a0,0x56a0,0x56a0,0x56a0,0x56a0,0x56a0,0x56a0,0x56a0,0x56a0,0x56a0,0x56a0,0x56a0,
		0x56a0,0x56a0,0x56a0,0x56a0,0x56a0,0x56a0,0x56a0,0x56a0,0x56a0,0x56a0,0x56a0,0x56a0,0x56a0,0x56a0,0x56a0,0x56a0,
		0x56a0,0x56a0,0x56a0,0x56a0,0x56a0,0x56a0,0x56a0,0x56a0,0x56a0,0x56a0,0x56a0,0x56a0,0x56a0,0x56a0,0x56a0,0x56a0,
		0x56a0,0x56a0,0x56a0,0x56a0,0x56a0,0x56a0,0x56a0,0x56a0,0x56a0,0x56a0,0x56a0,0x56a0,0x56a0,0x56a0,0x56a0,0x56a0,
		0x56a0,0x56a0,0x56a0,0x56a0,0x56a0,0x56a0,0x56a0,0x56a0,0x56a0,0x56a0,0x56a0,0x56a0,0x56a0,0x56a0,0x56a0,0x56a0,
		0x56a0,0x56a0,0x56a0,0x56a0,0x56a0,0x56a0,0x56a0,0x56a0,0x56a0,0x56a0,0x56a0,0x56a0,0x56a0,0x56a0,0x56a0,0x56a0,
		0x56a0,0x56a0,0x56a0,0x56a0,0x56a0,0x56a0,0x56a0,0x56a0,0x56a0,0x56a0,0x56a0,0x56a0,0x56a0,0x56a0,0x56a0,0x56a0,
		0x56a0,0x56a0,0x56a0,0x56a0,0x56a0,0x56a0,0x56a0,0x56a0,0x56a0,0x56a0,0x56a0,0x56a0,0x56a0,0x56a0,0x56a0,0x56a0,
		0x56a0,0x56a0,0x56a0,0x56a0,0x56a0,0x56a0,0x56a0,0x56a0,0x56a0,0x56a0,0x56a0,0x56a0,0x4e20,0x3ca0,0x2b60,0x1a40,
		0x1140,0x0080,0x0020,0x0000,0x0000,0x0000,0x0000,0x0000,0x0000,0x0020,0x08c0,0x11a0,0x22a0,0x33e0,0x4540,0x5680,
		0x56a0,0x56a0,0x56a0,0x56a0,0x56a0,0x56a0,0x56a0,0x56a0,0x56a0,0x56a0,0x56a0,0x56a0,0x56a0,0x56a0,0x56a0,0x56a0,
		0x56a0,0x56a0,0x56a0,0x56a0,0x56a0,0x56a0,0x56a0,0x56a0,0x56a0,0x56a0,0x56a0,0x56a0,0x56a0,0x56a0,0x56a0,0x56a0,
		0x56a0,0x56a0,0x56a0,0x56a0,0x56a0,0x56a0,0x56a0,0x56a0,0x56a0,0x56a0,0x56a0,0x56a0,0x56a0,0x56a0,0x56a0,0x56a0,
		0x56a0,0x56a0,0x56a0,0x56a0,0x56a0,0x56a0,0x56a0,0x56a0,0x56a0,0x56a0,0x56a0,0x56a0,0x56a0,0x56a0,0x56a0,0x56a0,
		0x56a0,0x56a0,0x56a0,0x56a0,0x56a0,0x56a0,0x56a0,0x56a0,0x56a0,0x56a0,0x56a0,0x56a0,0x56a0,0x56a0,0x56a0,0x56a0,
		0x56a0,0x56a0,0x56a0,0x56a0,0x56a0,0x56a0,0x56a0,0x56a0,0x56a0,0x56a0,0x56a0,0x56a0,0x56a0,0x56a0,0x56a0,0x56a0,
		0x56a0,0x56a0,0x56a0,0x56a0,0x56a0,0x56a0,0x56a0,0x56a0,0x56a0,0x56a0,0x56a0,0x56a0,0x56a0,0x56a0,0x56a0,0x56a0,
		0x56a0,0x56a0,0x56a0,0x56a0,0x56a0,0x56a0,0x56a0,0x56a0,0x56a0,0x56a0,0x56a0,0x56a0,0x56a0,0x56a0,0x56a0,0x56a0,
		0x56a0,0x56a0,0x56a0,0x56a0,0x56a0,0x56a0,0x56a0,0x56a0,0x56a0,0x56a0,0x56a0,0x56a0,0x56a0,0x56a0,0x56a0,0x56a0,
		0x56a0,0x56a0,0x56a0,0x56a0,0x56a0,0x56a0,0x56a0,0x56a0,0x56a0,0x56a0,0x56a0,0x56a0,0x56a0,0x56a0,0x56a0,0x56a0,
		0x56a0,0x56a0,0x56a0,0x56a0,0x56a0,0x56a0,0x56a0,0x56a0,0x56a0,0x56a0,0x56a0,0x56a0,0x56a0,0x56a0,0x56a0,0x56a0,
		0x56a0,0x56a0,0x56a0,0x56a0,0x56a0,0x56a0,0x56a0,0x56a0,0x56a0,0x56a0,0x56a0,0x56a0,0x56a0,0x56a0,0x56a0,0x56a0,
		0x56a0,0x56a0,0x56a0,0x56a0,0x56a0,0x56a0,0x56a0,0x56a0,0x56a0,0x56a0,0x56a0,0x56a0,0x56a0,0x56a0,0x56a0,0x56a0,
		0x56a0,0x56a0,0x56a0,0x56a0,0x56a0,0x56a0,0x56a0,0x56a0,0x56a0,0x56a0,0x56a0,0x56a0,0x56a0,0x56a0,0x56a0,0x56a0,
		0x56a0,0x56a0,0x56a0,0x56a0,0x56a0,0x56a0,0x56a0,0x56a0,0x56a0,0x56a0,0x56a0,0x56a0,0x56a0,0x56a0,0x56a0,0x56a0,
		0x56a0,0x56a0,0x56a0,0x56a0,0x56a0,0x56a0,0x56a0,0x56a0,0x56a0,0x56a0,0x56a0,0x56a0,0x56a0,0x56a0,0x56a0,0x56a0,
		0x56a0,0x56a0,0x56a0,0x56a0,0x56a0,0x56a0,0x56a0,0x56a0,0x56a0,0x56a0,0x56a0,0x56a0,0x56a0,0x56a0,0x56a0,0x56a0,
		0x56a0,0x56a0,0x56a0,0x56a0,0x56a0,0x56a0,0x56a0,0x56a0,0x56a0,0x56a0,0x56a0,0x56a0,0x56a0,0x56a0,0x56a0,0x56a0,
		0x56a0,0x56a0,0x56a0,0x56a0,0x56a0,0x56a0,0x56a0,0x56a0,0x56a0,0x56a0,0x56a0,0x56a0,0x56a0,0x56a0,0x56a0,0x56a0,
		0x56a0,0x56a0,0x5660,0x5640,0x5620,0x4e20,0x4e20,0x5640,0x5660,0x5680,0x56a0,0x56a0,0x56a0,0x56a0,0x56a0,0x56a0,
		0x56a0,0x56a0,0x56a0,0x56a0,0x56a0,0x56a0,0x56a0,0x56a0,0x56a0,0x56a0,0x56a0,0x56a0,0x56a0,0x56a0,0x56a0,0x56a0,
		0x56a0,0x56a0,0x56a0,0x56a0,0x56a0,0x56a0,0x56a0,0x56a0,0x56a0,0x56a0,0x56a0,0x56a0,0x56a0,0x56a0,0x56a0,0x56a0,
		0x56a0,0x56a0,0x56a0,0x56a0,0x56a0,0x56a0,0x56a0,0x56a0,0x56a0,0x56a0,0x56a0,0x56a0,0x56a0,0x56a0,0x56a0,0x56a0,
		0x56a0,0x56a0,0x56a0,0x56a0,0x56a0,0x56a0,0x56a0,0x56a0,0x56a0,0x56a0,0x56a0,0x56a0,0x56a0,0x56a0,0x56a0,0x56a0,
		0x56a0,0x56a0,0x56a0,0x56a0,0x56a0,0x56a0,0x56a0,0x56a0,0x56a0,0x56a0,0x56a0,0x56a0,0x56a0,0x56a0,0x56a0,0x56a0,
		0x56a0,0x56a0,0x56a0,0x56a0,0x56a0,0x56a0,0x56a0,0x56a0,0x56a0,0x56a0,0x56a0,0x56a0,0x56a0,0x56a0,0x56a0,0x56a0,
		0x56a0,0x56a0,0x56a0,0x56a0,0x56a0,0x56a0,0x56a0,0x56a0,0x56a0,0x56a0,0x56a0,0x56a0,0x56a0,0x56a0,0x56a0,0x56a0,
		0x56a0,0x56a0,0x56a0,0x56a0,0x56a0,0x56a0,0x56a0,0x56a0,0x56a0,0x56a0,0x56a0,0x56a0,0x56a0,0x56a0,0x56a0,0x56a0,
		0x56a0,0x56a0,0x56a0,0x56a0,0x56a0,0x56a0,0x56a0,0x56a0,0x56a0,0x56a0,0x56a0,0x56a0,0x56a0,0x56a0,0x56a0,0x56a0,
		0x56a0,0x56a0,0x56a0,0x56a0,0x56a0,0x56a0,0x56a0,0x56a0,0x56a0,0x56a0,0x56a0,0x56a0,0x56a0,0x56a0,0x56a0,0x56a0,
		0x56a0,0x56a0,0x56a0,0x56a0,0x56a0,0x56a0,0x56a0,0x56a0,0x56a0,0x56a0,0x56a0,0x56a0,0x56a0,0x56a0,0x56a0,0x56a0,
		0x56a0,0x56a0,0x56a0,0x56a0,0x56a0,0x56a0,0x56a0,0x56a0,0x56a0,0x56a0,0x56a0,0x56a0,0x56a0,0x56a0,0x56a0,0x56a0,
		0x56a0,0x56a0,0x56a0,0x56a0,0x56a0,0x56a0,0x56a0,0x56a0,0x56a0,0x56a0,0x56a0,0x56a0,0x56a0,0x56a0,0x56a0,0x56a0,
		0x56a0,0x56a0,0x56a0,0x56a0,0x56a0,0x56a0,0x56a0,0x56a0,0x56a0,0x56a0,0x56a0,0x56a0,0x56a0,0x56a0,0x56a0,0x56a0,
		0x56a0,0x56a0,0x56a0,0x56a0,0x56a0,0x56a0,0x56a0,0x56a0,0x56a0,0x56a0,0x56a0,0x56a0,0x56a0,0x56a0,0x56a0,0x56a0,
		0x56a0,0x56a0,0x56a0,0x56a0,0x56a0,0x56a0,0x56a0,0x56a0,0x56a0,0x56a0,0x56a0,0x56a0,0x56a0,0x56a0,0x56a0,0x56a0,
		0x56a0,0x56a0,0x56a0,0x56a0,0x56a0,0x56a0,0x56a0,0x56a0,0x56a0,0x56a0,0x56a0,0x56a0,0x56a0,0x56a0,0x56a0,0x56a0,
		0x56a0,0x56a0,0x56a0,0x56a0,0x56a0,0x56a0,0x56a0,0x56a0,0x56a0,0x56a0,0x56a0,0x56a0,0x56a0,0x56a0,0x56a0,0x56a0,
		0x56a0,0x56a0,0x56a0,0x56a0,0x56a0,0x56a0,0x56a0,0x56a0,0x56a0,0x56a0,0x56a0,0x56a0,0x56a0,0x56a0,0x56a0,0x56a0,
		0x56a0,0x56a0,0x56a0,0x56a0,0x56a0,0x56a0,0x56a0,0x56a0,0x56a0,0x56a0,0x56a0,0x56a0,0x56a0,0x56a0,0x56a0,0x56a0,
		0x56a0,0x56a0,0x56a0,0x56a0,0x56a0,0x56a0,0x56a0,0x56a0,0x56a0,0x56a0,0x56a0,0x56a0,0x56a0,0x56a0,0x56a0,0x56a0,
		0x56a0,0x56a0,0x56a0,0x56a0,0x56a0,0x56a0,0x56a0,0x56a0,0x56a0,0x56a0,0x56a0,0x56a0,0x56a0,0x56a0,0x56a0,0x56a0,
		0x56a0,0x56a0,0x56a0,0x56a0,0x56a0,0x56a0,0x56a0,0x56a0,0x56a0,0x56a0,0x56a0,0x56a0,0x56a0,0x56a0,0x56a0,0x56a0,
		0x56a0,0x56a0,0x56a0,0x56a0,0x56a0,0x56a0,0x56a0,0x56a0,0x56a0,0x56a0,0x56a0,0x56a0,0x56a0,0x56a0,0x56a0,0x56a0,
		0x56a0,0x56a0,0x56a0,0x56a0,0x56a0,0x56a0,0x56a0,0x56a0,0x56a0,0x56a0,0x56a0,0x56a0,0x56a0,0x56a0,0x56a0,0x56a0,
		0x56a0,0x56a0,0x56a0,0x56a0,0x56a0,0x56a0,0x56a0,0x56a0,0x56a0,0x56a0,0x56a0,0x56a0,0x56a0,0x56a0,0x56a0,0x56a0,
		0x56a0,0x56a0,0x56a0,0x56a0,0x56a0,0x56a0,0x56a0,0x56a0,0x56a0,0x56a0,0x56a0,0x56a0,0x56a0,0x56a0,0x56a0,0x56a0,
		0x56a0,0x56a0,0x56a0,0x56a0,0x56a0,0x56a0,0x56a0,0x56a0,0x56a0,0x56a0,0x56a0,0x56a0,0x56a0,0x56a0,0x56a0,0x56a0,
		0x56a0,0x56a0,0x56a0,0x56a0,0x56a0,0x56a0,0x56a0,0x56a0,0x56a0,0x56a0,0x56a0,0x56a0,0x56a0,0x56a0,0x56a0,0x56a0,
		0x56a0,0x56a0,0x56a0,0x56a0,0x56a0,0x56a0,0x56a0,0x56a0,0x56a0,0x56a0,0x56a0,0x56a0,0x56a0,0x56a0,0x56a0,0x56a0,
		0x56a0,0x56a0,0x56a0,0x56a0,0x56a0,0x56a0,0x56a0,0x56a0,0x56a0,0x56a0,0x56a0,0x56a0,0x56a0,0x56a0,0x56a0,0x56a0,
		0x56a0,0x56a0,0x56a0,0x56a0,0x56a0,0x56a0,0x56a0,0x56a0,0x56a0,0x56a0,0x56a0,0x56a0,0x56a0,0x56a0,0x56a0,0x56a0,
		0x56a0,0x56a0,0x56a0,0x56a0,0x56a0,0x56a0,0x56a0,0x56a0,0x56a0,0x56a0,0x56a0,0x56a0,0x56a0,0x56a0,0x56a0,0x56a0,
		0x56a0,0x56a0,0x56a0,0x56a0,0x56a0,0x56a0,0x56a0,0x56a0,0x56a0,0x56a0,0x56a0,0x56a0,0x56a0,0x56a0,0x56a0,0x56a0,
		0x56a0,0x56a0,0x56a0,0x56a0,0x56a0,0x56a0,0x56a0,0x56a0,0x56a0,0x56a0,0x56a0,0x56a0,0x56a0,0x56a0,0x56a0,0x56a0,
		0x56a0,0x56a0,0x56a0,0x56a0,0x56a0,0x56a0,0x56a0,0x56a0,0x56a0,0x56a0,0x56a0,0x56a0,0x56a0,0x56a0,0x56a0,0x56a0,
		0x56a0,0x56a0,0x56a0,0x56a0,0x56a0,0x56a0,0x56a0,0x56a0,0x56a0,0x56a0,0x56a0,0x56a0,0x56a0,0x56a0,0x56a0,0x56a0,
		0x56a0,0x56a0,0x56a0,0x56a0,0x56a0,0x56a0,0x56a0,0x56a0,0x56a0,0x56a0,0x56a0,0x56a0,0x56a0,0x56a0,0x56a0,0x56a0,
		0x56a0,0x56a0,0x56a0,0x56a0,0x56a0,0x56a0,0x56a0,0x56a0,0x56a0,0x56a0,0x56a0,0x56a0,0x56a0,0x56a0,0x56a0,0x56a0,
		0x56a0,0x56a0,0x56a0,0x56a0,0x56a0,0x56a0,0x56a0,0x56a0,0x56a0,0x56a0,0x56a0,0x56a0,0x56a0,0x56a0,0x56a0,0x56a0,
		0x56a0,0x56a0,0x56a0,0x56a0,0x56a0,0x56a0,0x56a0,0x56a0,0x56a0,0x56a0,0x56a0,0x56a0,0x56a0,0x56a0,0x56a0,0x56a0,
		0x56a0,0x56a0,0x56a0,0x56a0,0x56a0,0x56a0,0x56a0,0x56a0,0x56a0,0x56a0,0x56a0,0x56a0,0x56a0,0x56a0,0x56a0,0x56a0,
		0x56a0,0x56a0,0x56a0,0x56a0,0x56a0,0x56a0,0x56a0,0x56a0,0x56a0,0x56a0,0x56a0,0x56a0,0x56a0,0x56a0,0x56a0,0x56a0,
		0x56a0,0x56a0,0x56a0,0x56a0,0x56a0,0x56a0,0x56a0,0x56a0,0x56a0,0x56a0,0x56a0,0x56a0,0x56a0,0x56a0,0x56a0,0x56a0,
		0x56a0,0x56a0,0x56a0,0x56a0,0x56a0,0x56a0,0x56a0,0x56a0,0x56a0,0x56a0,0x56a0,0x56a0,0x56a0,0x56a0,0x56a0,0x56a0,
		0x56a0,0x56a0,0x56a0,0x56a0,0x56a0,0x56a0,0x56a0,0x56a0,0x56a0,0x56a0,0x56a0,0x56a0,0x56a0,0x56a0,0x56a0,0x56a0,
		0x56a0,0x56a0,0x56a0,0x56a0,0x56a0,0x56a0,0x56a0,0x56a0,0x56a0,0x56a0,0x56a0,0x56a0,0x56a0,0x56a0,0x56a0,0x56a0,
		0x56a0,0x56a0,0x56a0,0x56a0,0x56a0,0x56a0,0x56a0,0x56a0,0x56a0,0x56a0,0x56a0,0x56a0,0x56a0,0x56a0,0x56a0,0x56a0,
		0x56a0,0x56a0,0x56a0,0x56a0,0x56a0,0x56a0,0x56a0,0x56a0,0x56a0,0x56a0,0x56a0,0x56a0,0x56a0,0x56a0,0x56a0,0x56a0,
		0x56a0,0x56a0,0x56a0,0x56a0,0x56a0,0x56a0,0x56a0,0x56a0,0x56a0,0x56a0,0x56a0,0x56a0,0x56a0,0x56a0,0x56a0,0x56a0,
		0x56a0,0x56a0,0x56a0,0x56a0,0x56a0,0x56a0,0x56a0,0x56a0,0x56a0,0x56a0,0x56a0,0x56a0,0x56a0,0x56a0,0x56a0,0x56a0,
		0x56a0,0x56a0,0x56a0,0x56a0,0x56a0,0x56a0,0x56a0,0x56a0,0x56a0,0x56a0,0x56a0,0x56a0,0x56a0,0x56a0,0x56a0,0x56a0,
		0x56a0,0x56a0,0x56a0,0x56a0,0x56a0,0x56a0,0x56a0,0x56a0,0x56a0,0x56a0,0x56a0,0x56a0,0x56a0,0x56a0,0x56a0,0x56a0,
		0x56a0,0x56a0,0x56a0,0x56a0,0x56a0,0x56a0,0x56a0,0x56a0,0x56a0,0x56a0,0x56a0,0x56a0,0x56a0,0x56a0,0x56a0,0x56a0,
		0x56a0,0x56a0,0x56a0,0x56a0,0x56a0,0x56a0,0x56a0,0x56a0,0x56a0,0x56a0,0x56a0,0x56a0,0x56a0,0x56a0,0x56a0,0x56a0,
		0x56a0,0x56a0,0x56a0,0x56a0,0x56a0,0x56a0,0x56a0,0x56a0,0x56a0,0x56a0,0x56a0,0x56a0,0x56a0,0x56a0,0x56a0,0x56a0,
		0x56a0,0x56a0,0x56a0,0x56a0,0x56a0,0x56a0,0x56a0,0x56a0,0x56a0,0x56a0,0x56a0,0x56a0,0x56a0,0x56a0,0x56a0,0x56a0,
		0x56a0,0x56a0,0x56a0,0x56a0,0x56a0,0x56a0,0x56a0,0x56a0,0x56a0,0x56a0,0x56a0,0x56a0,0x56a0,0x56a0,0x56a0,0x56a0,
		0x56a0,0x56a0,0x56a0,0x56a0,0x56a0,0x56a0,0x56a0,0x56a0,0x56a0,0x56a0,0x56a0,0x56a0,0x56a0,0x56a0,0x56a0,0x56a0,
		0x56a0,0x56a0,0x56a0,0x56a0,0x56a0,0x56a0,0x56a0,0x56a0,0x56a0,0x56a0,0x56a0,0x56a0,0x56a0,0x56a0,0x56a0,0x56a0,
		0x56a0,0x56a0,0x56a0,0x56a0,0x56a0,0x56a0,0x56a0,0x56a0,0x56a0,0x56a0,0x56a0,0x56a0,0x56a0,0x56a0,0x56a0,0x56a0,
		0x56a0,0x56a0,0x56a0,0x56a0,0x56a0,0x56a0,0x56a0,0x56a0,0x56a0,0x56a0,0x56a0,0x56a0,0x56a0,0x56a0,0x56a0,0x56a0,
		0x56a0,0x56a0,0x56a0,0x56a0,0x56a0,0x56a0,0x56a0,0x56a0,0x56a0,0x56a0,0x56a0,0x56a0,0x56a0,0x56a0,0x56a0,0x56a0,
		0x56a0,0x56a0,0x56a0,0x56a0,0x56a0,0x56a0,0x56a0,0x56a0,0x56a0,0x56a0,0x56a0,0x56a0,0x56a0,0x56a0,0x56a0,0x56a0,
		0x56a0,0x56a0,0x56a0,0x56a0,0x56a0,0x56a0,0x56a0,0x56a0,0x56a0,0x56a0,0x56a0,0x56a0,0x56a0,0x56a0,0x56a0,0x56a0,
		0x56a0,0x56a0,0x56a0,0x56a0,0x56a0,0x56a0,0x56a0,0x56a0,0x56a0,0x56a0,0x56a0,0x56a0,0x56a0,0x56a0,0x56a0,0x56a0,
		0x56a0,0x56a0,0x56a0,0x56a0,0x56a0,0x56a0,0x56a0,0x56a0,0x56a0,0x56a0,0x56a0,0x56a0,0x56a0,0x56a0,0x56a0,0x56a0,
		0x56a0,0x56a0,0x56a0,0x56a0,0x56a0,0x56a0,0x56a0,0x56a0,0x56a0,0x56a0,0x56a0,0x56a0,0x56a0,0x56a0,0x56a0,0x56a0,
		0x56a0,0x56a0,0x56a0,0x56a0,0x56a0,0x56a0,0x56a0,0x56a0,0x56a0,0x56a0,0x56a0,0x56a0,0x56a0,0x56a0,0x56a0,0x56a0,
		0x56a0,0x56a0,0x56a0,0x56a0,0x56a0,0x56a0,0x56a0,0x56a0,0x56a0,0x56a0,0x56a0,0x56a0,0x56a0,0x56a0,0x56a0,0x56a0,
		0x56a0,0x56a0,0x56a0,0x56a0,0x56a0,0x56a0,0x56a0,0x56a0,0x56a0,0x56a0,0x56a0,0x56a0,0x56a0,0x56a0,0x56a0,0x56a0,
		0x56a0,0x56a0,0x56a0,0x56a0,0x56a0,0x56a0,0x56a0,0x56a0,0x56a0,0x56a0,0x56a0,0x56a0,0x56a0,0x56a0,0x56a0,0x56a0,
		0x56a0,0x56a0,0x56a0,0x56a0,0x56a0,0x56a0,0x56a0,0x56a0,0x56a0,0x56a0,0x56a0,0x56a0,0x56a0,0x56a0,0x56a0,0x56a0,
		0x56a0,0x56a0,0x56a0,0x56a0,0x56a0,0x56a0,0x56a0,0x56a0,0x56a0,0x56a0,0x56a0,0x56a0,0x56a0,0x56a0,0x56a0,0x56a0,
		0x56a0,0x56a0,0x56a0,0x56a0,0x56a0,0x56a0,0x56a0,0x56a0,0x56a0,0x56a0,0x56a0,0x56a0,0x56a0,0x56a0,0x56a0,0x56a0,
		0x56a0,0x56a0,0x56a0,0x56a0,0x56a0,0x56a0,0x56a0,0x56a0,0x56a0,0x56a0,0x56a0,0x56a0,0x56a0,0x56a0,0x56a0,0x56a0,
		0x56a0,0x56a0,0x56a0,0x56a0,0x56a0,0x56a0,0x56a0,0x56a0,0x56a0,0x56a0,0x56a0,0x56a0,0x56a0,0x56a0,0x56a0,0x56a0,
		0x56a0,0x56a0,0x56a0,0x56a0,0x56a0,0x56a0,0x56a0,0x56a0,0x56a0,0x56a0,0x56a0,0x56a0,0x56a0,0x56a0,0x56a0,0x56a0,
		0x56a0,0x56a0,0x56a0,0x56a0,0x56a0,0x56a0,0x56a0,0x56a0,0x56a0,0x56a0,0x56a0,0x56a0,0x56a0,0x56a0,0x56a0,0x56a0,
		0x56a0,0x56a0,0x56a0,0x56a0,0x56a0,0x56a0,0x56a0,0x56a0,0x56a0,0x56a0,0x56a0,0x56a0,0x56a0,0x56a0,0x56a0,0x56a0,
		0x56a0,0x56a0,0x56a0,0x56a0,0x56a0,0x56a0,0x56a0,0x56a0,0x56a0,0x56a0,0x56a0,0x56a0,0x56a0,0x56a0,0x56a0,0x56a0,
		0x56a0,0x56a0,0x56a0,0x56a0,0x56a0,0x56a0,0x56a0,0x56a0,0x56a0,0x56a0,0x56a0,0x56a0,0x56a0,0x56a0,0x56a0,0x56a0,
		0x56a0,0x56a0,0x56a0,0x56a0,0x56a0,0x56a0,0x56a0,0x56a0,0x56a0,0x56a0,0x56a0,0x56a0,0x56a0,0x56a0,0x56a0,0x56a0,
		0x56a0,0x56a0,0x56a0,0x56a0,0x56a0,0x56a0,0x56a0,0x56a0,0x56a0,0x56a0,0x56a0,0x56a0,0x56a0,0x56a0,0x56a0,0x56a0,
		0x56a0,0x56a0,0x56a0,0x56a0,0x56a0,0x56a0,0x56a0,0x56a0,0x56a0,0x56a0,0x56a0,0x56a0,0x56a0,0x56a0,0x56a0,0x56a0,
		0x56a0,0x56a0,0x56a0,0x56a0,0x56a0,0x56a0,0x56a0,0x56a0,0x56a0,0x56a0,0x56a0,0x56a0,0x56a0,0x56a0,0x56a0,0x56a0,
		0x56a0,0x56a0,0x56a0,0x56a0,0x56a0,0x56a0,0x56a0,0x56a0,0x56a0,0x56a0,0x56a0,0x56a0,0x56a0,0x56a0,0x56a0,0x56a0,
		0x56a0,0x56a0,0x56a0,0x56a0,0x56a0,0x56a0,0x56a0,0x56a0,0x56a0,0x56a0,0x56a0,0x56a0,0x56a0,0x56a0,0x56a0,0x56a0,
		0x56a0,0x56a0,0x56a0,0x56a0,0x56a0,0x56a0,0x56a0,0x56a0,0x56a0,0x56a0,0x56a0,0x56a0,0x56a0,0x56a0,0x56a0,0x56a0,
		0x56a0,0x56a0,0x56a0,0x56a0,0x56a0,0x56a0,0x56a0,0x56a0,0x56a0,0x56a0,0x56a0,0x56a0,0x56a0,0x56a0,0x56a0,0x56a0,
		0x56a0,0x56a0,0x56a0,0x56a0,0x56a0,0x56a0,0x56a0,0x56a0,0x56a0,0x56a0,0x56a0,0x56a0,0x56a0,0x56a0,0x56a0,0x56a0,
		0x56a0,0x56a0,0x56a0,0x56a0,0x56a0,0x56a0,0x56a0,0x56a0,0x56a0,0x56a0,0x56a0,0x56a0,0x56a0,0x56a0,0x56a0,0x56a0,
		0x56a0,0x56a0,0x56a0,0x56a0,0x56a0,0x56a0,0x56a0,0x56a0,0x56a0,0x56a0,0x56a0,0x56a0,0x56a0,0x56a0,0x56a0,0x56a0,
		0x56a0,0x56a0,0x56a0,0x56a0,0x56a0,0x56a0,0x56a0,0x56a0,0x56a0,0x56a0,0x56a0,0x56a0,0x56a0,0x56a0,0x56a0,0x56a0,
		0x56a0,0x56a0,0x56a0,0x56a0,0x56a0,0x56a0,0x56a0,0x56a0,0x56a0,0x56a0,0x56a0,0x56a0,0x56a0,0x56a0,0x56a0,0x56a0,
		0x56a0,0x56a0,0x56a0,0x56a0,0x56a0,0x56a0,0x56a0,0x56a0,0x56a0,0x56a0,0x56a0,0x56a0,0x56a0,0x56a0,0x56a0,0x56a0,
		0x56a0,0x56a0,0x56a0,0x56a0,0x56a0,0x56a0,0x56a0,0x56a0,0x56a0,0x56a0,0x56a0,0x56a0,0x56a0,0x56a0,0x56a0,0x56a0,
		0x56a0,0x56a0,0x56a0,0x56a0,0x56a0,0x56a0,0x56a0,0x56a0,0x56a0,0x56a0,0x56a0,0x56a0,0x56a0,0x56a0,0x56a0,0x56a0,
		0x56a0,0x56a0,0x56a0,0x56a0,0x56a0,0x56a0,0x56a0,0x56a0,0x56a0,0x56a0,0x56a0,0x56a0,0x56a0,0x56a0,0x56a0,0x56a0,
		0x56a0,0x56a0,0x56a0,0x56a0,0x56a0,0x56a0,0x56a0,0x56a0,0x56a0,0x56a0,0x56a0,0x56a0,0x56a0,0x56a0,0x56a0,0x56a0,
		0x56a0,0x56a0,0x56a0,0x56a0,0x56a0,0x56a0,0x56a0,0x56a0,0x56a0,0x56a0,0x56a0,0x56a0,0x56a0,0x56a0,0x56a0,0x56a0,
		0x56a0,0x56a0,0x56a0,0x56a0,0x56a0,0x56a0,0x56a0,0x56a0,0x56a0,0x56a0,0x56a0,0x56a0,0x56a0,0x56a0,0x56a0,0x56a0,
		0x56a0,0x56a0,0x56a0,0x56a0,0x56a0,0x56a0,0x56a0,0x56a0,0x56a0,0x56a0,0x56a0,0x56a0,0x56a0,0x56a0,0x56a0,0x56a0,
		0x56a0,0x56a0,0x56a0,0x56a0,0x56a0,0x56a0,0x56a0,0x56a0,0x56a0,0x56a0,0x56a0,0x56a0,0x56a0,0x56a0,0x56a0,0x56a0,
		0x56a0,0x56a0,0x56a0,0x56a0,0x56a0,0x56a0,0x56a0,0x56a0,0x56a0,0x56a0,0x56a0,0x56a0,0x56a0,0x56a0,0x56a0,0x56a0,
		0x56a0,0x56a0,0x56a0,0x56a0,0x56a0,0x56a0,0x56a0,0x56a0,0x56a0,0x56a0,0x56a0,0x56a0,0x56a0,0x56a0,0x56a0,0x56a0,
		0x56a0,0x56a0,0x56a0,0x56a0,0x56a0,0x56a0,0x56a0,0x56a0,0x56a0,0x56a0,0x56a0,0x56a0,0x56a0,0x56a0,0x56a0,0x56a0,
		0x56a0,0x56a0,0x56a0,0x56a0,0x56a0,0x56a0,0x56a0,0x56a0,0x56a0,0x56a0,0x56a0,0x56a0,0x56a0,0x56a0,0x56a0,0x56a0,
		0x56a0,0x56a0,0x56a0,0x56a0,0x56a0,0x56a0,0x56a0,0x56a0,0x56a0,0x56a0,0x56a0,0x56a0,0x56a0,0x56a0,0x56a0,0x56a0,
		0x56a0,0x56a0,0x56a0,0x56a0,0x56a0,0x56a0,0x56a0,0x56a0,0x56a0,0x56a0,0x56a0,0x56a0,0x56a0,0x56a0,0x56a0,0x56a0,
		0x56a0,0x56a0,0x56a0,0x56a0,0x56a0,0x56a0,0x56a0,0x56a0,0x56a0,0x56a0,0x56a0,0x56a0,0x56a0,0x56a0,0x56a0,0x56a0,
		0x56a0,0x56a0,0x56a0,0x56a0,0x56a0,0x56a0,0x56a0,0x56a0,0x56a0,0x56a0,0x56a0,0x56a0,0x56a0,0x56a0,0x56a0,0x56a0,
		0x56a0,0x56a0,0x56a0,0x56a0,0x56a0,0x56a0,0x56a0,0x56a0,0x56a0,0x56a0,0x56a0,0x56a0,0x56a0,0x56a0,0x56a0,0x56a0,
		0x56a0,0x56a0,0x56a0,0x56a0,0x56a0,0x56a0,0x56a0,0x56a0,0x56a0,0x56a0,0x56a0,0x56a0,0x56a0,0x56a0,0x56a0,0x56a0,
		0x56a0,0x56a0,0x56a0,0x56a0,0x56a0,0x56a0,0x56a0,0x56a0,0x56a0,0x56a0,0x56a0,0x56a0,0x56a0,0x56a0,0x56a0,0x56a0,
		0x56a0,0x56a0,0x56a0,0x56a0,0x56a0,0x56a0,0x56a0,0x56a0,0x56a0,0x56a0,0x56a0,0x56a0,0x56a0,0x56a0,0x56a0,0x56a0,
		0x56a0,0x56a0,0x56a0,0x56a0,0x56a0,0x56a0,0x56a0,0x56a0,0x56a0,0x56a0,0x56a0,0x56a0,0x56a0,0x56a0,0x56a0,0x56a0,
		0x56a0,0x56a0,0x56a0,0x56a0,0x56a0,0x56a0,0x56a0,0x56a0,0x56a0,0x56a0,0x56a0,0x56a0,0x56a0,0x56a0,0x56a0,0x56a0,
		0x56a0,0x56a0,0x56a0,0x56a0,0x56a0,0x56a0,0x56a0,0x56a0,0x56a0,0x56a0,0x56a0,0x56a0,0x56a0,0x56a0,0x56a0,0x56a0,
		0x56a0,0x56a0,0x56a0,0x56a0,0x56a0,0x56a0,0x56a0,0x56a0,0x56a0,0x56a0,0x56a0,0x56a0,0x56a0,0x56a0,0x56a0,0x56a0,
		0x56a0,0x56a0,0x56a0,0x56a0,0x56a0,0x56a0,0x56a0,0x56a0,0x56a0,0x56a0,0x56a0,0x56a0,0x56a0,0x56a0,0x56a0,0x56a0,
		0x56a0,0x56a0,0x56a0,0x56a0,0x56a0,0x56a0,0x56a0,0x56a0,0x56a0,0x56a0,0x56a0,0x56a0,0x56a0,0x56a0,0x56a0,0x56a0,
		0x56a0,0x56a0,0x56a0,0x56a0,0x56a0,0x56a0,0x56a0,0x56a0,0x56a0,0x56a0,0x56a0,0x56a0,0x56a0,0x56a0,0x56a0,0x56a0,
		0x56a0,0x56a0,0x56a0,0x56a0,0x56a0,0x56a0,0x56a0,0x56a0,0x56a0,0x56a0,0x56a0,0x56a0,0x56a0,0x56a0,0x56a0,0x56a0,
		0x56a0,0x56a0,0x56a0,0x56a0,0x56a0,0x56a0,0x56a0,0x56a0,0x56a0,0x56a0,0x56a0,0x56a0,0x56a0,0x56a0,0x56a0,0x56a0,
		0x56a0,0x56a0,0x56a0,0x56a0,0x56a0,0x56a0,0x56a0,0x56a0,0x56a0,0x56a0,0x56a0,0x56a0,0x56a0,0x56a0,0x56a0,0x56a0,
		0x56a0,0x56a0,0x56a0,0x56a0,0x56a0,0x56a0,0x56a0,0x56a0,0x56a0,0x56a0,0x56a0,0x56a0,0x56a0,0x56a0,0x56a0,0x56a0,
		0x56a0,0x56a0,0x56a0,0x56a0,0x56a0,0x56a0,0x56a0,0x56a0,0x56a0,0x56a0,0x56a0,0x56a0,0x56a0,0x56a0,0x56a0,0x56a0,
		0x56a0,0x56a0,0x56a0,0x56a0,0x56a0,0x56a0,0x56a0,0x56a0,0x56a0,0x56a0,0x56a0,0x56a0,0x56a0,0x56a0,0x56a0,0x56a0,
		0x56a0,0x56a0,0x56a0,0x56a0,0x56a0,0x56a0,0x56a0,0x56a0,0x56a0,0x56a0,0x56a0,0x56a0,0x56a0,0x56a0,0x56a0,0x56a0,
		0x56a0,0x56a0,0x56a0,0x56a0,0x56a0,0x56a0,0x56a0,0x56a0,0x56a0,0x56a0,0x56a0,0x56a0,0x56a0,0x56a0,0x56a0,0x56a0,
		0x56a0,0x56a0,0x56a0,0x56a0,0x56a0,0x56a0,0x56a0,0x56a0,0x56a0,0x56a0,0x56a0,0x56a0,0x56a0,0x56a0,0x56a0,0x56a0,
		0x56a0,0x56a0,0x56a0,0x56a0,0x56a0,0x56a0,0x56a0,0x56a0,0x56a0,0x56a0,0x56a0,0x56a0,0x56a0,0x56a0,0x56a0,0x56a0,
		0x56a0,0x56a0,0x56a0,0x56a0,0x56a0,0x56a0,0x56a0,0x56a0,0x56a0,0x56a0,0x56a0,0x56a0,0x56a0,0x56a0,0x56a0,0x56a0,
		0x56a0,0x56a0,0x56a0,0x56a0,0x56a0,0x56a0,0x56a0,0x56a0,0x56a0,0x56a0,0x56a0,0x56a0,0x56a0,0x56a0,0x56a0,0x56a0,
		0x56a0,0x56a0,0x56a0,0x56a0,0x56a0,0x56a0,0x56a0,0x56a0,0x56a0,0x56a0,0x56a0,0x56a0,0x56a0,0x56a0,0x56a0,0x56a0,
		0x56a0,0x56a0,0x56a0,0x56a0,0x56a0,0x56a0,0x56a0,0x56a0,0x56a0,0x56a0,0x56a0,0x56a0,0x56a0,0x56a0,0x56a0,0x56a0,
		0x56a0,0x56a0,0x56a0,0x56a0,0x56a0,0x56a0,0x56a0,0x56a0,0x56a0,0x56a0,0x56a0,0x56a0,0x56a0,0x56a0,0x56a0,0x56a0,
		0x56a0,0x56a0,0x56a0,0x56a0,0x56a0,0x56a0,0x56a0,0x56a0,0x56a0,0x56a0,0x56a0,0x56a0,0x56a0,0x56a0,0x56a0,0x56a0,
		0x56a0,0x56a0,0x56a0,0x56a0,0x56a0,0x56a0,0x56a0,0x56a0,0x56a0,0x56a0,0x56a0,0x56a0,0x56a0,0x56a0,0x56a0,0x56a0,
		0x56a0,0x56a0,0x56a0,0x56a0,0x56a0,0x56a0,0x56a0,0x56a0,0x56a0,0x56a0,0x56a0,0x56a0,0x56a0,0x56a0,0x56a0,0x56a0,
		0x56a0,0x56a0,0x56a0,0x56a0,0x56a0,0x56a0,0x56a0,0x56a0,0x56a0,0x56a0,0x56a0,0x56a0,0x56a0,0x56a0,0x56a0,0x56a0,
		0x56a0,0x56a0,0x56a0,0x56a0,0x56a0,0x56a0,0x56a0,0x56a0,0x56a0,0x56a0,0x56a0,0x56a0,0x56a0,0x56a0,0x56a0,0x56a0,
		0x56a0,0x56a0,0x56a0,0x56a0,0x56a0,0x56a0,0x56a0,0x56a0,0x56a0,0x56a0,0x56a0,0x56a0,0x56a0,0x56a0,0x56a0,0x56a0,
		0x56a0,0x56a0,0x56a0,0x56a0,0x56a0,0x56a0,0x56a0,0x56a0,0x56a0,0x56a0,0x56a0,0x56a0,0x56a0,0x56a0,0x56a0,0x56a0,
		0x56a0,0x56a0,0x56a0,0x56a0,0x56a0,0x56a0,0x56a0,0x56a0,0x56a0,0x56a0,0x56a0,0x56a0,0x56a0,0x56a0,0x56a0,0x56a0,
		0x56a0,0x56a0,0x56a0,0x56a0,0x56a0,0x56a0,0x56a0,0x56a0,0x56a0,0x56a0,0x56a0,0x56a0,0x56a0,0x56a0,0x56a0,0x56a0,
		0x56a0,0x56a0,0x56a0,0x56a0,0x56a0,0x56a0,0x56a0,0x56a0,0x56a0,0x56a0,0x56a0,0x56a0,0x56a0,0x56a0,0x56a0,0x56a0,
		0x56a0,0x56a0,0x56a0,0x56a0,0x56a0,0x56a0,0x56a0,0x56a0,0x56a0,0x56a0,0x56a0,0x56a0,0x56a0,0x56a0,0x56a0,0x56a0,
		0x56a0,0x56a0,0x56a0,0x56a0,0x56a0,0x56a0,0x56a0,0x56a0,0x56a0,0x56a0,0x56a0,0x56a0,0x56a0,0x56a0,0x56a0,0x56a0,
		0x56a0,0x56a0,0x56a0,0x56a0,0x56a0,0x56a0,0x56a0,0x56a0,0x56a0,0x56a0,0x56a0,0x56a0,0x56a0,0x56a0,0x56a0,0x56a0,
		0x56a0,0x56a0,0x56a0,0x56a0,0x56a0,0x56a0,0x56a0,0x56a0,0x56a0,0x56a0,0x56a0,0x56a0,0x56a0,0x56a0,0x56a0,0x56a0,
		0x56a0,0x56a0,0x56a0,0x56a0,0x56a0,0x56a0,0x56a0,0x56a0,0x56a0,0x56a0,0x56a0,0x56a0,0x56a0,0x56a0,0x56a0,0x56a0,
		0x56a0,0x56a0,0x56a0,0x56a0,0x56a0,0x56a0,0x56a0,0x56a0,0x56a0,0x56a0,0x56a0,0x56a0,0x56a0,0x56a0,0x56a0,0x56a0,
		0x56a0,0x56a0,0x56a0,0x56a0,0x56a0,0x56a0,0x56a0,0x56a0,0x56a0,0x56a0,0x56a0,0x56a0,0x56a0,0x56a0,0x56a0,0x56a0,
		0x56a0,0x56a0,0x56a0,0x56a0,0x56a0,0x56a0,0x56a0,0x56a0,0x56a0,0x56a0,0x56a0,0x56a0,0x56a0,0x56a0,0x56a0,0x56a0,
		0x56a0,0x56a0,0x56a0,0x56a0,0x56a0,0x56a0,0x56a0,0x56a0,0x56a0,0x56a0,0x56a0,0x56a0,0x56a0,0x56a0,0x56a0,0x56a0,
		0x56a0,0x56a0,0x56a0,0x56a0,0x56a0,0x56a0,0x56a0,0x56a0,0x56a0,0x56a0,0x56a0,0x56a0,0x56a0,0x56a0,0x56a0,0x56a0,
		0x56a0,0x56a0,0x56a0,0x56a0,0x56a0,0x56a0,0x56a0,0x56a0,0x56a0,0x56a0,0x56a0,0x56a0,0x56a0,0x56a0,0x56a0,0x56a0,
		0x56a0,0x56a0,0x56a0,0x56a0,0x56a0,0x56a0,0x56a0,0x56a0,0x56a0,0x56a0,0x56a0,0x56a0,0x56a0,0x56a0,0x56a0,0x56a0,
		0x56a0,0x56a0,0x56a0,0x56a0,0x56a0,0x56a0,0x56a0,0x56a0,0x56a0,0x56a0,0x56a0,0x56a0,0x56a0,0x56a0,0x56a0,0x56a0,
		0x56a0,0x56a0,0x56a0,0x56a0,0x56a0,0x56a0,0x56a0,0x56a0,0x56a0,0x56a0,0x56a0,0x56a0,0x56a0,0x56a0,0x56a0,0x56a0,
		0x56a0,0x56a0,0x56a0,0x56a0,0x56a0,0x56a0,0x56a0,0x56a0,0x56a0,0x56a0,0x56a0,0x56a0,0x56a0,0x56a0,0x56a0,0x56a0,
		0x56a0,0x56a0,0x56a0,0x56a0,0x56a0,0x56a0,0x56a0,0x56a0,0x56a0,0x56a0,0x56a0,0x56a0,0x56a0,0x56a0,0x56a0,0x56a0,
		0x56a0,0x56a0,0x56a0,0x56a0,0x56a0,0x56a0,0x56a0,0x56a0,0x56a0,0x56a0,0x56a0,0x56a0,0x56a0,0x56a0,0x56a0,0x56a0,
		0x56a0,0x56a0,0x56a0,0x56a0,0x56a0,0x56a0,0x56a0,0x56a0,0x56a0,0x56a0,0x56a0,0x56a0,0x56a0,0x56a0,0x56a0,0x56a0,
		0x56a0,0x56a0,0x56a0,0x56a0,0x56a0,0x56a0,0x56a0,0x56a0,0x56a0,0x56a0,0x56a0,0x56a0,0x56a0,0x56a0,0x56a0,0x56a0,
		0x56a0,0x56a0,0x56a0,0x56a0,0x56a0,0x56a0,0x56a0,0x56a0,0x56a0,0x56a0,0x56a0,0x56a0,0x56a0,0x56a0,0x56a0,0x56a0,
		0x56a0,0x56a0,0x56a0,0x56a0,0x56a0,0x56a0,0x56a0,0x56a0,0x56a0,0x56a0,0x56a0,0x56a0,0x56a0,0x56a0,0x56a0,0x56a0,
		0x56a0,0x56a0,0x56a0,0x56a0,0x56a0,0x56a0,0x56a0,0x56a0,0x56a0,0x56a0,0x56a0,0x56a0,0x56a0,0x56a0,0x56a0,0x56a0,
		0x56a0,0x56a0,0x56a0,0x56a0,0x56a0,0x56a0,0x56a0,0x56a0,0x56a0,0x56a0,0x56a0,0x56a0,0x56a0,0x56a0,0x56a0,0x56a0,
		0x56a0,0x56a0,0x56a0,0x56a0,0x56a0,0x56a0,0x56a0,0x56a0,0x56a0,0x56a0,0x56a0,0x56a0,0x56a0,0x56a0,0x56a0,0x56a0,
		0x56a0,0x56a0,0x56a0,0x56a0,0x56a0,0x56a0,0x56a0,0x56a0,0x56a0,0x56a0,0x56a0,0x56a0,0x56a0,0x56a0,0x56a0,0x56a0,
		0x56a0,0x56a0,0x56a0,0x56a0,0x56a0,0x56a0,0x56a0,0x56a0,0x56a0,0x56a0,0x56a0,0x56a0,0x56a0,0x56a0,0x56a0,0x56a0,
		0x56a0,0x56a0,0x56a0,0x56a0,0x56a0,0x56a0,0x56a0,0x56a0,0x56a0,0x56a0,0x56a0,0x56a0,0x56a0,0x56a0,0x56a0,0x56a0,
		0x56a0,0x56a0,0x56a0,0x56a0,0x56a0,0x56a0,0x56a0,0x56a0,0x56a0,0x56a0,0x56a0,0x56a0,0x56a0,0x56a0,0x56a0,0x56a0,
		0x56a0,0x56a0,0x56a0,0x56a0,0x56a0,0x56a0,0x56a0,0x56a0,0x56a0,0x56a0,0x56a0,0x56a0,0x56a0,0x56a0,0x56a0,0x56a0,
		0x56a0,0x56a0,0x56a0,0x56a0,0x56a0,0x56a0,0x56a0,0x56a0,0x56a0,0x56a0,0x56a0,0x56a0,0x56a0,0x56a0,0x56a0,0x56a0,
		0x56a0,0x56a0,0x56a0,0x56a0,0x56a0,0x56a0,0x56a0,0x56a0,0x56a0,0x56a0,0x56a0,0x56a0,0x56a0,0x56a0,0x56a0,0x56a0,
		0x56a0,0x56a0,0x56a0,0x56a0,0x56a0,0x56a0,0x56a0,0x56a0,0x56a0,0x56a0,0x56a0,0x56a0,0x56a0,0x56a0,0x56a0,0x56a0,
		0x56a0,0x56a0,0x56a0,0x56a0,0x56a0,0x56a0,0x56a0,0x56a0,0x56a0,0x56a0,0x56a0,0x56a0,0x56a0,0x56a0,0x56a0,0x56a0,
		0x56a0,0x56a0,0x56a0,0x56a0,0x56a0,0x56a0,0x56a0,0x56a0,0x56a0,0x56a0,0x56a0,0x56a0,0x56a0,0x56a0,0x56a0,0x56a0,
		0x56a0,0x56a0,0x56a0,0x56a0,0x56a0,0x56a0,0x56a0,0x56a0,0x56a0,0x56a0,0x56a0,0x56a0,0x56a0,0x56a0,0x56a0,0x56a0,
		0x56a0,0x56a0,0x56a0,0x56a0,0x56a0,0x56a0,0x56a0,0x56a0,0x56a0,0x56a0,0x56a0,0x56a0,0x56a0,0x56a0,0x56a0,0x56a0,
		0x56a0,0x56a0,0x56a0,0x56a0,0x56a0,0x56a0,0x56a0,0x56a0,0x56a0,0x56a0,0x56a0,0x56a0,0x56a0,0x56a0,0x56a0,0x56a0,
		0x56a0,0x56a0,0x56a0,0x56a0,0x56a0,0x56a0,0x56a0,0x56a0,0x56a0,0x56a0,0x56a0,0x56a0,0x56a0,0x56a0,0x56a0,0x56a0,
		0x56a0,0x56a0,0x56a0,0x56a0,0x56a0,0x56a0,0x56a0,0x56a0,0x56a0,0x56a0,0x56a0,0x56a0,0x56a0,0x56a0,0x56a0,0x56a0,
		0x56a0,0x56a0,0x56a0,0x56a0,0x56a0,0x56a0,0x56a0,0x56a0,0x56a0,0x56a0,0x56a0,0x56a0,0x56a0,0x56a0,0x56a0,0x56a0,
		0x56a0,0x56a0,0x56a0,0x56a0,0x56a0,0x56a0,0x56a0,0x56a0,0x56a0,0x56a0,0x56a0,0x56a0,0x56a0,0x56a0,0x56a0,0x56a0,
		0x56a0,0x56a0,0x56a0,0x56a0,0x56a0,0x56a0,0x56a0,0x56a0,0x56a0,0x56a0,0x56a0,0x56a0,0x56a0,0x56a0,0x56a0,0x56a0,
		0x56a0,0x56a0,0x56a0,0x56a0,0x56a0,0x56a0,0x56a0,0x56a0,0x56a0,0x56a0,0x56a0,0x56a0,0x56a0,0x56a0,0x56a0,0x56a0,
		0x56a0,0x56a0,0x56a0,0x56a0,0x56a0,0x56a0,0x56a0,0x56a0,0x56a0,0x56a0,0x56a0,0x56a0,0x56a0,0x56a0,0x56a0,0x56a0,
		0x56a0,0x56a0,0x56a0,0x56a0,0x56a0,0x56a0,0x56a0,0x56a0,0x56a0,0x56a0,0x56a0,0x56a0,0x56a0,0x56a0,0x56a0,0x56a0,
		0x56a0,0x56a0,0x56a0,0x56a0,0x56a0,0x56a0,0x56a0,0x56a0,0x56a0,0x56a0,0x56a0,0x56a0,0x56a0,0x56a0,0x56a0,0x56a0,
		0x56a0,0x56a0,0x56a0,0x56a0,0x56a0,0x56a0,0x56a0,0x56a0,0x56a0,0x56a0,0x56a0,0x56a0,0x56a0,0x56a0,0x56a0,0x56a0,
		0x56a0,0x56a0,0x56a0,0x56a0,0x56a0,0x56a0,0x56a0,0x56a0,0x56a0,0x56a0,0x56a0,0x56a0,0x56a0,0x56a0,0x56a0,0x56a0,
		0x56a0,0x56a0,0x56a0,0x56a0,0x56a0,0x56a0,0x56a0,0x56a0,0x56a0,0x56a0,0x56a0,0x56a0,0x56a0,0x56a0,0x56a0,0x56a0,
		0x56a0,0x56a0,0x56a0,0x56a0,0x56a0,0x56a0,0x56a0,0x56a0,0x56a0,0x56a0,0x56a0,0x56a0,0x56a0,0x56a0,0x56a0,0x56a0,
		0x56a0,0x56a0,0x56a0,0x56a0,0x56a0,0x56a0,0x56a0,0x56a0,0x56a0,0x56a0,0x56a0,0x56a0,0x56a0,0x56a0,0x56a0,0x56a0,
		0x56a0,0x56a0,0x56a0,0x56a0,0x56a0,0x56a0,0x56a0,0x56a0,0x56a0,0x56a0,0x56a0,0x56a0,0x56a0,0x56a0,0x56a0,0x56a0,
		0x56a0,0x56a0,0x56a0,0x56a0,0x56a0,0x56a0,0x56a0,0x56a0,0x56a0,0x56a0,0x56a0,0x56a0,0x56a0,0x56a0,0x56a0,0x56a0,
		0x56a0,0x56a0,0x56a0,0x56a0,0x56a0,0x56a0,0x56a0,0x56a0,0x56a0,0x56a0,0x56a0,0x56a0,0x56a0,0x56a0,0x56a0,0x56a0,
		0x56a0,0x56a0,0x56a0,0x56a0,0x56a0,0x56a0,0x56a0,0x56a0,0x56a0,0x56a0,0x56a0,0x56a0,0x56a0,0x56a0,0x56a0,0x56a0,
		0x56a0,0x56a0,0x56a0,0x56a0,0x56a0,0x56a0,0x56a0,0x56a0,0x56a0,0x56a0,0x56a0,0x56a0,0x56a0,0x56a0,0x56a0,0x56a0,
		0x56a0,0x56a0,0x56a0,0x56a0,0x56a0,0x56a0,0x56a0,0x56a0,0x56a0,0x56a0,0x56a0,0x56a0,0x56a0,0x56a0,0x56a0,0x56a0,
		0x56a0,0x56a0,0x56a0,0x56a0,0x56a0,0x56a0,0x56a0,0x56a0,0x56a0,0x56a0,0x56a0,0x56a0,0x56a0,0x56a0,0x56a0,0x56a0,
		0x56a0,0x56a0,0x56a0,0x56a0,0x56a0,0x56a0,0x56a0,0x56a0,0x56a0,0x56a0,0x56a0,0x56a0,0x56a0,0x56a0,0x56a0,0x56a0,
		0x56a0,0x56a0,0x56a0,0x56a0,0x56a0,0x56a0,0x56a0,0x56a0,0x56a0,0x56a0,0x56a0,0x56a0,0x56a0,0x56a0,0x56a0,0x56a0,
		0x56a0,0x56a0,0x56a0,0x56a0,0x56a0,0x56a0,0x56a0,0x56a0,0x56a0,0x56a0,0x56a0,0x56a0,0x56a0,0x56a0,0x56a0,0x56a0,
		0x56a0,0x56a0,0x56a0,0x56a0,0x56a0,0x56a0,0x56a0,0x56a0,0x56a0,0x56a0,0x56a0,0x56a0,0x56a0,0x56a0,0x56a0,0x56a0,
		0x56a0,0x56a0,0x56a0,0x56a0,0x56a0,0x56a0,0x56a0,0x56a0,0x56a0,0x56a0,0x56a0,0x56a0,0x56a0,0x56a0,0x56a0,0x56a0,
		0x56a0,0x56a0,0x56a0,0x56a0,0x56a0,0x56a0,0x56a0,0x56a0,0x56a0,0x56a0,0x56a0,0x56a0,0x56a0,0x56a0,0x56a0,0x56a0,
		0x56a0,0x56a0,0x56a0,0x56a0,0x56a0,0x56a0,0x56a0,0x56a0,0x56a0,0x56a0,0x56a0,0x56a0,0x56a0,0x56a0,0x56a0,0x56a0,
		0x56a0,0x56a0,0x56a0,0x56a0,0x56a0,0x56a0,0x56a0,0x56a0,0x56a0,0x56a0,0x56a0,0x56a0,0x56a0,0x56a0,0x56a0,0x56a0,
		0x56a0,0x56a0,0x56a0,0x56a0,0x56a0,0x56a0,0x56a0,0x56a0,0x56a0,0x56a0,0x56a0,0x56a0,0x56a0,0x56a0,0x56a0,0x56a0,
		0x56a0,0x56a0,0x56a0,0x56a0,0x56a0,0x56a0,0x56a0,0x56a0,0x56a0,0x56a0,0x56a0,0x56a0,0x56a0,0x56a0,0x56a0,0x56a0,
		0x56a0,0x56a0,0x56a0,0x56a0,0x56a0,0x56a0,0x56a0,0x56a0,0x56a0,0x56a0,0x56a0,0x56a0,0x56a0,0x56a0,0x56a0,0x56a0,
		0x56a0,0x56a0,0x56a0,0x56a0,0x56a0,0x56a0,0x56a0,0x56a0,0x56a0,0x56a0,0x56a0,0x56a0,0x56a0,0x56a0,0x56a0,0x56a0,
		0x56a0,0x56a0,0x56a0,0x56a0,0x56a0,0x56a0,0x56a0,0x56a0,0x56a0,0x56a0,0x56a0,0x56a0,0x56a0,0x56a0,0x56a0,0x56a0,
		0x56a0,0x56a0,0x56a0,0x56a0,0x56a0,0x56a0,0x56a0,0x56a0,0x56a0,0x56a0,0x56a0,0x56a0,0x56a0,0x56a0,0x56a0,0x56a0,
		0x56a0,0x56a0,0x56a0,0x56a0,0x56a0,0x56a0,0x56a0,0x56a0,0x56a0,0x56a0,0x56a0,0x56a0,0x56a0,0x56a0,0x56a0,0x56a0,
		0x56a0,0x56a0,0x56a0,0x56a0,0x56a0,0x56a0,0x56a0,0x56a0,0x56a0,0x56a0,0x56a0,0x56a0,0x56a0,0x56a0,0x56a0,0x56a0,
		0x56a0,0x56a0,0x56a0,0x56a0,0x56a0,0x56a0,0x56a0,0x56a0,0x56a0,0x56a0,0x56a0,0x56a0,0x56a0,0x56a0,0x56a0,0x56a0,
		0x56a0,0x56a0,0x56a0,0x56a0,0x56a0,0x56a0,0x56a0,0x56a0,0x56a0,0x56a0,0x56a0,0x56a0,0x56a0,0x56a0,0x56a0,0x56a0,
		0x56a0,0x56a0,0x56a0,0x56a0,0x56a0,0x56a0,0x56a0,0x56a0,0x56a0,0x56a0,0x56a0,0x56a0,0x56a0,0x56a0,0x56a0,0x56a0,
		0x56a0,0x56a0,0x56a0,0x56a0,0x56a0,0x56a0,0x56a0,0x56a0,0x56a0,0x56a0,0x56a0,0x56a0,0x56a0,0x56a0,0x56a0,0x56a0,
		0x56a0,0x56a0,0x56a0,0x56a0,0x56a0,0x56a0,0x56a0,0x56a0,0x56a0,0x56a0,0x56a0,0x56a0,0x56a0,0x56a0,0x56a0,0x56a0,
		0x56a0,0x56a0,0x56a0,0x56a0,0x56a0,0x56a0,0x56a0,0x56a0,0x56a0,0x56a0,0x56a0,0x56a0,0x56a0,0x56a0,0x56a0,0x56a0,
		0x56a0,0x56a0,0x56a0,0x56a0,0x56a0,0x56a0,0x56a0,0x56a0,0x56a0,0x56a0,0x56a0,0x56a0,0x56a0,0x56a0,0x56a0,0x56a0,
		0x56a0,0x56a0,0x56a0,0x56a0,0x56a0,0x56a0,0x56a0,0x56a0,0x56a0,0x56a0,0x56a0,0x56a0,0x56a0,0x56a0,0x56a0,0x56a0,
		0x56a0,0x56a0,0x56a0,0x56a0,0x56a0,0x56a0,0x56a0,0x56a0,0x56a0,0x56a0,0x56a0,0x56a0,0x56a0,0x56a0,0x56a0,0x56a0,
		0x56a0,0x56a0,0x56a0,0x56a0,0x56a0,0x56a0,0x56a0,0x56a0,0x56a0,0x56a0,0x56a0,0x56a0,0x56a0,0x56a0,0x56a0,0x56a0,
		0x56a0,0x56a0,0x56a0,0x56a0,0x56a0,0x56a0,0x56a0,0x56a0,0x56a0,0x56a0,0x56a0,0x56a0,0x56a0,0x56a0,0x56a0,0x56a0,
		0x56a0,0x56a0,0x56a0,0x56a0,0x56a0,0x56a0,0x56a0,0x56a0,0x56a0,0x56a0,0x56a0,0x56a0,0x56a0,0x56a0,0x56a0,0x56a0,
		0x56a0,0x56a0,0x56a0,0x56a0,0x56a0,0x56a0,0x56a0,0x56a0,0x56a0,0x56a0,0x56a0,0x56a0,0x56a0,0x56a0,0x56a0,0x56a0,
		0x56a0,0x56a0,0x56a0,0x56a0,0x56a0,0x56a0,0x56a0,0x56a0,0x56a0,0x56a0,0x56a0,0x56a0,0x56a0,0x56a0,0x56a0,0x56a0,
		0x56a0,0x56a0,0x56a0,0x56a0,0x56a0,0x56a0,0x56a0,0x56a0,0x56a0,0x56a0,0x56a0,0x56a0,0x56a0,0x56a0,0x56a0,0x56a0,
		0x56a0,0x56a0,0x56a0,0x56a0,0x56a0,0x56a0,0x56a0,0x56a0,0x56a0,0x56a0,0x56a0,0x56a0,0x56a0,0x56a0,0x56a0,0x56a0,
		0x56a0,0x56a0,0x56a0,0x56a0,0x56a0,0x56a0,0x56a0,0x56a0,0x56a0,0x56a0,0x56a0,0x56a0,0x56a0,0x56a0,0x56a0,0x56a0,
		0x56a0,0x56a0,0x56a0,0x56a0,0x56a0,0x56a0,0x56a0,0x56a0,0x56a0,0x56a0,0x56a0,0x56a0,0x56a0,0x56a0,0x56a0,0x56a0,
		0x56a0,0x56a0,0x56a0,0x56a0,0x56a0,0x56a0,0x56a0,0x56a0,0x56a0,0x56a0,0x56a0,0x56a0,0x56a0,0x56a0,0x56a0,0x56a0,
		0x56a0,0x56a0,0x56a0,0x56a0,0x56a0,0x56a0,0x56a0,0x56a0,0x56a0,0x56a0,0x56a0,0x56a0,0x56a0,0x56a0,0x56a0,0x56a0,
		0x56a0,0x56a0,0x56a0,0x56a0,0x56a0,0x56a0,0x56a0,0x56a0,0x56a0,0x56a0,0x56a0,0x56a0,0x56a0,0x56a0,0x56a0,0x56a0,
		0x56a0,0x56a0,0x56a0,0x56a0,0x56a0,0x56a0,0x56a0,0x56a0,0x56a0,0x56a0,0x56a0,0x56a0,0x56a0,0x56a0,0x56a0,0x56a0,
		0x56a0,0x56a0,0x56a0,0x56a0,0x56a0,0x56a0,0x56a0,0x56a0,0x56a0,0x56a0,0x56a0,0x56a0,0x56a0,0x56a0,0x56a0,0x56a0,
		0x56a0,0x56a0,0x56a0,0x56a0,0x56a0,0x56a0,0x56a0,0x56a0,0x56a0,0x56a0,0x56a0,0x56a0,0x56a0,0x56a0,0x56a0,0x56a0,
		0x56a0,0x56a0,0x56a0,0x56a0,0x56a0,0x56a0,0x56a0,0x56a0,0x56a0,0x56a0,0x56a0,0x56a0,0x56a0,0x56a0,0x56a0,0x56a0,
		0x56a0,0x56a0,0x56a0,0x56a0,0x56a0,0x56a0,0x56a0,0x56a0,0x56a0,0x56a0,0x56a0,0x56a0,0x56a0,0x56a0,0x56a0,0x56a0,
		0x56a0,0x56a0,0x56a0,0x56a0,0x56a0,0x56a0,0x56a0,0x56a0,0x56a0,0x56a0,0x56a0,0x56a0,0x56a0,0x56a0,0x56a0,0x56a0,
		0x56a0,0x56a0,0x56a0,0x56a0,0x56a0,0x56a0,0x56a0,0x56a0,0x56a0,0x56a0,0x56a0,0x56a0,0x56a0,0x56a0,0x56a0,0x56a0,
		0x56a0,0x56a0,0x56a0,0x56a0,0x56a0,0x56a0,0x56a0,0x56a0,0x56a0,0x56a0,0x56a0,0x56a0,0x56a0,0x56a0,0x56a0,0x56a0,
		0x56a0,0x56a0,0x56a0,0x56a0,0x56a0,0x56a0,0x56a0,0x56a0,0x56a0,0x56a0,0x56a0,0x56a0,0x56a0,0x56a0,0x56a0,0x56a0,
		0x56a0,0x56a0,0x56a0,0x56a0,0x56a0,0x56a0,0x56a0,0x56a0,0x56a0,0x56a0,0x56a0,0x56a0,0x56a0,0x56a0,0x56a0,0x56a0,
		0x56a0,0x56a0,0x56a0,0x56a0,0x56a0,0x56a0,0x56a0,0x56a0,0x56a0,0x56a0,0x56a0,0x56a0,0x56a0,0x56a0,0x56a0,0x56a0,
		0x56a0,0x56a0,0x56a0,0x56a0,0x56a0,0x56a0,0x56a0,0x56a0,0x56a0,0x56a0,0x56a0,0x56a0,0x56a0,0x56a0,0x56a0,0x56a0,
		0x56a0,0x56a0,0x56a0,0x56a0,0x56a0,0x56a0,0x56a0,0x56a0,0x56a0,0x56a0,0x56a0,0x56a0,0x56a0,0x56a0,0x56a0,0x56a0,
		0x56a0,0x56a0,0x56a0,0x56a0,0x56a0,0x56a0,0x56a0,0x56a0,0x56a0,0x56a0,0x56a0,0x56a0,0x56a0,0x56a0,0x56a0,0x56a0,
		0x56a0,0x56a0,0x56a0,0x56a0,0x56a0,0x56a0,0x56a0,0x56a0,0x56a0,0x56a0,0x56a0,0x56a0,0x56a0,0x56a0,0x56a0,0x56a0,
		0x56a0,0x56a0,0x56a0,0x56a0,0x56a0,0x56a0,0x56a0,0x56a0,0x56a0,0x56a0,0x56a0,0x56a0,0x56a0,0x56a0,0x56a0,0x56a0,
		0x56a0,0x56a0,0x56a0,0x56a0,0x56a0,0x56a0,0x56a0,0x56a0,0x56a0,0x56a0,0x56a0,0x56a0,0x56a0,0x56a0,0x56a0,0x56a0,
		0x56a0,0x56a0,0x56a0,0x56a0,0x56a0,0x56a0,0x56a0,0x56a0,0x56a0,0x56a0,0x56a0,0x56a0,0x56a0,0x56a0,0x56a0,0x56a0,
		0x56a0,0x56a0,0x56a0,0x56a0,0x56a0,0x56a0,0x56a0,0x56a0,0x56a0,0x56a0,0x56a0,0x56a0,0x56a0,0x56a0,0x56a0,0x56a0,
		0x56a0,0x56a0,0x56a0,0x56a0,0x56a0,0x56a0,0x56a0,0x56a0,0x56a0,0x56a0,0x56a0,0x56a0,0x56a0,0x56a0,0x56a0,0x56a0,
		0x56a0,0x56a0,0x56a0,0x56a0,0x56a0,0x56a0,0x56a0,0x56a0,0x56a0,0x56a0,0x56a0,0x56a0,0x56a0,0x56a0,0x56a0,0x56a0,
		0x56a0,0x56a0,0x56a0,0x56a0,0x56a0,0x56a0,0x56a0,0x56a0,0x56a0,0x56a0,0x56a0,0x56a0,0x56a0,0x56a0,0x56a0,0x56a0,
		0x56a0,0x56a0,0x56a0,0x56a0,0x56a0,0x56a0,0x56a0,0x56a0,0x56a0,0x56a0,0x56a0,0x56a0,0x56a0,0x56a0,0x56a0,0x56a0,
		0x56a0,0x56a0,0x56a0,0x56a0,0x56a0,0x56a0,0x56a0,0x56a0,0x56a0,0x56a0,0x56a0,0x56a0,0x56a0,0x56a0,0x56a0,0x56a0,
		0x56a0,0x56a0,0x56a0,0x56a0,0x56a0,0x56a0,0x56a0,0x56a0,0x56a0,0x56a0,0x56a0,0x56a0,0x56a0,0x56a0,0x56a0,0x56a0,
		0x56a0,0x56a0,0x56a0,0x56a0,0x56a0,0x56a0,0x56a0,0x56a0,0x56a0,0x56a0,0x56a0,0x56a0,0x56a0,0x56a0,0x56a0,0x56a0,
		0x56a0,0x56a0,0x56a0,0x56a0,0x56a0,0x56a0,0x56a0,0x56a0,0x56a0,0x56a0,0x56a0,0x56a0,0x56a0,0x56a0,0x56a0,0x56a0,
		0x56a0,0x56a0,0x56a0,0x56a0,0x56a0,0x56a0,0x56a0,0x56a0,0x56a0,0x56a0,0x56a0,0x56a0,0x56a0,0x56a0,0x56a0,0x56a0,
		0x56a0,0x56a0,0x56a0,0x56a0,0x56a0,0x56a0,0x56a0,0x56a0,0x56a0,0x56a0,0x56a0,0x56a0,0x56a0,0x56a0,0x56a0,0x56a0,
		0x56a0,0x56a0,0x56a0,0x56a0,0x56a0,0x56a0,0x56a0,0x56a0,0x56a0,0x56a0,0x56a0,0x56a0,0x56a0,0x56a0,0x56a0,0x56a0,
		0x56a0,0x56a0,0x56a0,0x56a0,0x56a0,0x56a0,0x56a0,0x56a0,0x56a0,0x56a0,0x56a0,0x56a0,0x56a0,0x56a0,0x56a0,0x56a0,
		0x56a0,0x56a0,0x56a0,0x56a0,0x56a0,0x56a0,0x56a0,0x56a0,0x56a0,0x56a0,0x56a0,0x56a0,0x56a0,0x56a0,0x56a0,0x56a0,
		0x56a0,0x56a0,0x56a0,0x56a0,0x56a0,0x56a0,0x56a0,0x56a0,0x56a0,0x56a0,0x56a0,0x56a0,0x56a0,0x56a0,0x56a0,0x56a0,
		0x56a0,0x56a0,0x56a0,0x56a0,0x56a0,0x56a0,0x56a0,0x56a0,0x56a0,0x56a0,0x56a0,0x56a0,0x56a0,0x56a0,0x56a0,0x56a0,
		0x56a0,0x56a0,0x56a0,0x56a0,0x56a0,0x56a0,0x56a0,0x56a0,0x56a0,0x56a0,0x56a0,0x56a0,0x56a0,0x56a0,0x56a0,0x56a0,
		0x56a0,0x56a0,0x56a0,0x56a0,0x56a0,0x56a0,0x56a0,0x56a0,0x56a0,0x56a0,0x56a0,0x56a0,0x56a0,0x56a0,0x56a0,0x56a0,
		0x56a0,0x56a0,0x56a0,0x56a0,0x56a0,0x56a0,0x56a0,0x56a0,0x56a0,0x56a0,0x56a0,0x56a0,0x56a0,0x56a0,0x56a0,0x56a0,
		0x56a0,0x56a0,0x56a0,0x56a0,0x56a0,0x56a0,0x56a0,0x56a0,0x56a0,0x56a0,0x56a0,0x56a0,0x56a0,0x56a0,0x56a0,0x56a0,
		0x56a0,0x56a0,0x56a0,0x56a0,0x56a0,0x56a0,0x56a0,0x56a0,0x56a0,0x56a0,0x56a0,0x56a0,0x56a0,0x56a0,0x56a0,0x56a0,
		0x56a0,0x56a0,0x56a0,0x56a0,0x56a0,0x56a0,0x56a0,0x56a0,0x56a0,0x56a0,0x56a0,0x56a0,0x56a0,0x56a0,0x56a0,0x56a0,
		0x56a0,0x56a0,0x56a0,0x56a0,0x56a0,0x56a0,0x56a0,0x56a0,0x56a0,0x56a0,0x56a0,0x56a0,0x56a0,0x56a0,0x56a0,0x56a0,
		0x56a0,0x56a0,0x56a0,0x56a0,0x56a0,0x56a0,0x56a0,0x56a0,0x56a0,0x56a0,0x56a0,0x56a0,0x56a0,0x56a0,0x56a0,0x56a0,
		0x56a0,0x56a0,0x56a0,0x56a0,0x56a0,0x56a0,0x56a0,0x56a0,0x56a0,0x56a0,0x56a0,0x56a0,0x56a0,0x56a0,0x56a0,0x56a0,
		0x56a0,0x56a0,0x56a0,0x56a0,0x56a0,0x56a0,0x56a0,0x56a0,0x56a0,0x56a0,0x56a0,0x56a0,0x56a0,0x56a0,0x56a0,0x56a0,
		0x56a0,0x56a0,0x56a0,0x56a0,0x56a0,0x56a0,0x56a0,0x56a0,0x56a0,0x56a0,0x56a0,0x56a0,0x56a0,0x56a0,0x56a0,0x56a0,
		0x56a0,0x56a0,0x56a0,0x56a0,0x56a0,0x56a0,0x56a0,0x56a0,0x56a0,0x56a0,0x56a0,0x56a0,0x56a0,0x56a0,0x56a0,0x56a0,
		0x56a0,0x56a0,0x56a0,0x56a0,0x56a0,0x56a0,0x56a0,0x56a0,0x56a0,0x56a0,0x56a0,0x56a0,0x56a0,0x56a0,0x56a0,0x56a0,
		0x56a0,0x56a0,0x56a0,0x56a0,0x56a0,0x56a0,0x56a0,0x56a0,0x56a0,0x56a0,0x56a0,0x56a0,0x56a0,0x56a0,0x56a0,0x56a0,
		0x56a0,0x56a0,0x56a0,0x56a0,0x56a0,0x56a0,0x56a0,0x56a0,0x56a0,0x56a0,0x56a0,0x56a0,0x56a0,0x56a0,0x56a0,0x56a0,
		0x56a0,0x56a0,0x56a0,0x56a0,0x56a0,0x56a0,0x56a0,0x56a0,0x56a0,0x56a0,0x56a0,0x56a0,0x56a0,0x56a0,0x56a0,0x56a0,
		0x56a0,0x56a0,0x56a0,0x56a0,0x56a0,0x56a0,0x56a0,0x56a0,0x56a0,0x56a0,0x56a0,0x56a0,0x56a0,0x56a0,0x56a0,0x56a0,
		0x56a0,0x56a0,0x56a0,0x56a0,0x56a0,0x56a0,0x56a0,0x56a0,0x56a0,0x56a0,0x56a0,0x56a0,0x56a0,0x56a0,0x56a0,0x56a0,
		0x56a0,0x56a0,0x56a0,0x56a0,0x56a0,0x56a0,0x56a0,0x56a0,0x56a0,0x56a0,0x56a0,0x56a0,0x56a0,0x56a0,0x56a0,0x56a0,
		0x56a0,0x56a0,0x56a0,0x56a0,0x56a0,0x56a0,0x56a0,0x56a0,0x56a0,0x56a0,0x56a0,0x56a0,0x56a0,0x56a0,0x56a0,0x56a0,
		0x56a0,0x56a0,0x56a0,0x56a0,0x56a0,0x56a0,0x56a0,0x56a0,0x56a0,0x56a0,0x56a0,0x56a0,0x56a0,0x56a0,0x56a0,0x56a0,
		0x56a0,0x56a0,0x56a0,0x56a0,0x56a0,0x56a0,0x56a0,0x56a0,0x56a0,0x56a0,0x56a0,0x56a0,0x56a0,0x56a0,0x56a0,0x56a0,
		0x56a0,0x56a0,0x56a0,0x56a0,0x56a0,0x56a0,0x56a0,0x56a0,0x56a0,0x56a0,0x56a0,0x56a0,0x56a0,0x56a0,0x56a0,0x56a0,
		0x56a0,0x56a0,0x56a0,0x56a0,0x56a0,0x56a0,0x56a0,0x56a0,0x56a0,0x56a0,0x56a0,0x56a0,0x56a0,0x56a0,0x56a0,0x56a0,
		0x56a0,0x56a0,0x56a0,0x56a0,0x56a0,0x56a0,0x56a0,0x56a0,0x56a0,0x56a0,0x56a0,0x56a0,0x56a0,0x56a0,0x56a0,0x56a0,
		0x56a0,0x56a0,0x56a0,0x56a0,0x56a0,0x56a0,0x56a0,0x56a0,0x56a0,0x56a0,0x56a0,0x56a0,0x56a0,0x56a0,0x56a0,0x56a0,
		0x56a0,0x56a0,0x56a0,0x56a0,0x56a0,0x56a0,0x56a0,0x56a0,0x56a0,0x56a0,0x56a0,0x56a0,0x56a0,0x56a0,0x56a0,0x56a0,
		0x56a0,0x56a0,0x56a0,0x56a0,0x56a0,0x56a0,0x56a0,0x56a0,0x56a0,0x56a0,0x56a0,0x56a0,0x56a0,0x56a0,0x56a0,0x56a0,
		0x56a0,0x56a0,0x56a0,0x56a0,0x56a0,0x56a0,0x56a0,0x56a0,0x56a0,0x56a0,0x56a0,0x56a0,0x56a0,0x56a0,0x56a0,0x56a0,
		0x56a0,0x56a0,0x56a0,0x56a0,0x56a0,0x56a0,0x56a0,0x56a0,0x56a0,0x56a0,0x56a0,0x56a0,0x56a0,0x56a0,0x56a0,0x56a0,
		0x56a0,0x56a0,0x56a0,0x56a0,0x56a0,0x56a0,0x56a0,0x56a0,0x56a0,0x56a0,0x56a0,0x56a0,0x56a0,0x56a0,0x56a0,0x56a0,
		0x56a0,0x56a0,0x56a0,0x56a0,0x56a0,0x56a0,0x56a0,0x56a0,0x56a0,0x56a0,0x56a0,0x56a0,0x56a0,0x56a0,0x56a0,0x56a0,
		0x56a0,0x56a0,0x56a0,0x56a0,0x56a0,0x56a0,0x56a0,0x56a0,0x56a0,0x56a0,0x56a0,0x56a0,0x56a0,0x56a0,0x56a0,0x56a0,
		0x56a0,0x56a0,0x56a0,0x56a0,0x56a0,0x56a0,0x56a0,0x56a0,0x56a0,0x56a0,0x56a0,0x56a0,0x56a0,0x56a0,0x56a0,0x56a0,
		0x56a0,0x56a0,0x56a0,0x56a0,0x56a0,0x56a0,0x56a0,0x56a0,0x56a0,0x56a0,0x56a0,0x56a0,0x56a0,0x56a0,0x56a0,0x56a0,
		0x56a0,0x56a0,0x56a0,0x56a0,0x56a0,0x56a0,0x56a0,0x56a0,0x56a0,0x56a0,0x56a0,0x56a0,0x56a0,0x56a0,0x56a0,0x56a0,
		0x56a0,0x56a0,0x56a0,0x56a0,0x56a0,0x56a0,0x56a0,0x56a0,0x56a0,0x56a0,0x56a0,0x56a0,0x56a0,0x56a0,0x56a0,0x56a0,
		0x56a0,0x56a0,0x56a0,0x56a0,0x56a0,0x56a0,0x56a0,0x56a0,0x56a0,0x56a0,0x56a0,0x56a0,0x56a0,0x56a0,0x56a0,0x56a0,
		0x56a0,0x56a0,0x56a0,0x56a0,0x56a0,0x56a0,0x56a0,0x56a0,0x56a0,0x56a0,0x56a0,0x56a0,0x56a0,0x56a0,0x56a0,0x56a0,
		0x56a0,0x56a0,0x56a0,0x56a0,0x56a0,0x56a0,0x56a0,0x56a0,0x56a0,0x56a0,0x56a0,0x56a0,0x56a0,0x56a0,0x56a0,0x56a0,
		0x56a0,0x56a0,0x56a0,0x56a0,0x56a0,0x56a0,0x56a0,0x56a0,0x56a0,0x56a0,0x56a0,0x56a0,0x56a0,0x56a0,0x56a0,0x56a0,
		0x56a0,0x56a0,0x56a0,0x56a0,0x56a0,0x56a0,0x56a0,0x56a0,0x56a0,0x56a0,0x56a0,0x56a0,0x56a0,0x56a0,0x56a0,0x56a0,
		0x56a0,0x56a0,0x56a0,0x56a0,0x56a0,0x56a0,0x56a0,0x56a0,0x56a0,0x56a0,0x56a0,0x56a0,0x56a0,0x56a0,0x56a0,0x56a0,
		0x56a0,0x56a0,0x56a0,0x56a0,0x56a0,0x56a0,0x56a0,0x56a0,0x56a0,0x56a0,0x56a0,0x56a0,0x56a0,0x56a0,0x56a0,0x56a0,
		0x56a0,0x56a0,0x56a0,0x56a0,0x56a0,0x56a0,0x56a0,0x56a0,0x56a0,0x56a0,0x56a0,0x56a0,0x56a0,0x56a0,0x56a0,0x56a0,
		0x56a0,0x56a0,0x56a0,0x56a0,0x56a0,0x56a0,0x56a0,0x56a0,0x56a0,0x56a0,0x56a0,0x56a0,0x56a0,0x56a0,0x56a0,0x56a0,
		0x56a0,0x56a0,0x56a0,0x56a0,0x56a0,0x56a0,0x56a0,0x56a0,0x56a0,0x56a0,0x56a0,0x56a0,0x56a0,0x56a0,0x56a0,0x56a0,
		0x56a0,0x56a0,0x56a0,0x56a0,0x56a0,0x56a0,0x56a0,0x56a0,0x56a0,0x56a0,0x56a0,0x56a0,0x56a0,0x56a0,0x56a0,0x56a0,
		0x56a0,0x56a0,0x56a0,0x56a0,0x56a0,0x56a0,0x56a0,0x56a0,0x56a0,0x56a0,0x56a0,0x56a0,0x56a0,0x56a0,0x56a0,0x56a0,
		0x56a0,0x56a0,0x56a0,0x56a0,0x56a0,0x56a0,0x56a0,0x56a0,0x56a0,0x56a0,0x56a0,0x56a0,0x56a0,0x56a0,0x56a0,0x56a0,
		0x56a0,0x56a0,0x56a0,0x56a0,0x56a0,0x56a0,0x56a0,0x56a0,0x56a0,0x56a0,0x56a0,0x56a0,0x56a0,0x56a0,0x56a0,0x56a0,
		0x56a0,0x56a0,0x56a0,0x56a0,0x56a0,0x56a0,0x56a0,0x56a0,0x56a0,0x56a0,0x56a0,0x56a0,0x56a0,0x56a0,0x56a0,0x56a0,
		0x56a0,0x56a0,0x56a0,0x56a0,0x56a0,0x56a0,0x56a0,0x56a0,0x56a0,0x56a0,0x56a0,0x56a0,0x56a0,0x56a0,0x56a0,0x56a0,
		0x56a0,0x56a0,0x56a0,0x56a0,0x56a0,0x56a0,0x56a0,0x56a0,0x56a0,0x56a0,0x56a0,0x56a0,0x56a0,0x56a0,0x56a0,0x56a0,
		0x56a0,0x56a0,0x56a0,0x56a0,0x56a0,0x56a0,0x56a0,0x56a0,0x56a0,0x56a0,0x56a0,0x56a0,0x56a0,0x56a0,0x56a0,0x56a0,
		0x56a0,0x56a0,0x56a0,0x56a0,0x56a0,0x56a0,0x56a0,0x56a0,0x56a0,0x56a0,0x56a0,0x56a0,0x56a0,0x56a0,0x56a0,0x56a0,
		0x56a0,0x56a0,0x56a0,0x56a0,0x56a0,0x56a0,0x56a0,0x56a0,0x56a0,0x56a0,0x56a0,0x56a0,0x56a0,0x56a0,0x56a0,0x56a0,
		0x56a0,0x56a0,0x56a0,0x56a0,0x56a0,0x56a0,0x56a0,0x56a0,0x56a0,0x56a0,0x56a0,0x56a0,0x56a0,0x56a0,0x56a0,0x56a0,
		0x56a0,0x56a0,0x56a0,0x56a0,0x56a0,0x56a0,0x56a0,0x56a0,0x56a0,0x56a0,0x56a0,0x56a0,0x56a0,0x56a0,0x56a0,0x56a0,
		0x56a0,0x56a0,0x56a0,0x56a0,0x56a0,0x56a0,0x56a0,0x56a0,0x56a0,0x56a0,0x56a0,0x56a0,0x56a0,0x56a0,0x56a0,0x56a0,
		0x56a0,0x56a0,0x56a0,0x56a0,0x56a0,0x56a0,0x56a0,0x56a0,0x56a0,0x56a0,0x56a0,0x56a0,0x56a0,0x56a0,0x56a0,0x56a0,
		0x56a0,0x56a0,0x56a0,0x56a0,0x56a0,0x56a0,0x56a0,0x56a0,0x56a0,0x56a0,0x56a0,0x56a0,0x56a0,0x56a0,0x56a0,0x56a0,
		0x56a0,0x56a0,0x56a0,0x56a0,0x56a0,0x56a0,0x56a0,0x56a0,0x56a0,0x56a0,0x56a0,0x56a0,0x56a0,0x56a0,0x56a0,0x56a0,
		0x56a0,0x56a0,0x56a0,0x56a0,0x56a0,0x56a0,0x56a0,0x56a0,0x56a0,0x56a0,0x56a0,0x56a0,0x56a0,0x56a0,0x56a0,0x56a0,
		0x56a0,0x56a0,0x56a0,0x56a0,0x56a0,0x56a0,0x56a0,0x56a0,0x56a0,0x56a0,0x56a0,0x56a0,0x56a0,0x56a0,0x56a0,0x56a0,
		0x56a0,0x56a0,0x56a0,0x56a0,0x56a0,0x56a0,0x56a0,0x56a0,0x56a0,0x56a0,0x56a0,0x56a0,0x56a0,0x56a0,0x56a0,0x56a0,
		0x56a0,0x56a0,0x56a0,0x56a0,0x56a0,0x56a0,0x56a0,0x56a0,0x56a0,0x56a0,0x56a0,0x56a0,0x56a0,0x56a0,0x56a0,0x56a0,
		0x56a0,0x56a0,0x56a0,0x56a0,0x56a0,0x56a0,0x56a0,0x56a0,0x56a0,0x56a0,0x56a0,0x56a0,0x56a0,0x56a0,0x56a0,0x56a0,
		0x56a0,0x56a0,0x56a0,0x56a0,0x56a0,0x56a0,0x56a0,0x56a0,0x56a0,0x56a0,0x56a0,0x56a0,0x56a0,0x56a0,0x56a0,0x56a0,
		0x56a0,0x56a0,0x56a0,0x56a0,0x56a0,0x56a0,0x56a0,0x56a0,0x56a0,0x56a0,0x56a0,0x56a0,0x56a0,0x56a0,0x56a0,0x56a0,
		0x56a0,0x56a0,0x56a0,0x56a0,0x56a0,0x56a0,0x56a0,0x56a0,0x56a0,0x56a0,0x56a0,0x56a0,0x56a0,0x56a0,0x56a0,0x56a0,
		0x56a0,0x56a0,0x56a0,0x56a0,0x56a0,0x56a0,0x56a0,0x56a0,0x56a0,0x56a0,0x56a0,0x56a0,0x56a0,0x56a0,0x56a0,0x56a0,
		0x56a0,0x56a0,0x56a0,0x56a0,0x56a0,0x56a0,0x56a0,0x56a0,0x56a0,0x56a0,0x56a0,0x56a0,0x56a0,0x56a0,0x56a0,0x56a0,
		0x56a0,0x56a0,0x56a0,0x56a0,0x56a0,0x56a0,0x56a0,0x56a0,0x56a0,0x56a0,0x56a0,0x56a0,0x56a0,0x56a0,0x56a0,0x56a0,
		0x56a0,0x56a0,0x56a0,0x56a0,0x56a0,0x56a0,0x56a0,0x56a0,0x56a0,0x56a0,0x56a0,0x56a0,0x56a0,0x56a0,0x56a0,0x56a0,
		0x56a0,0x56a0,0x56a0,0x56a0,0x56a0,0x56a0,0x56a0,0x56a0,0x56a0,0x56a0,0x56a0,0x56a0,0x56a0,0x56a0,0x56a0,0x56a0,
		0x56a0,0x56a0,0x56a0,0x56a0,0x56a0,0x56a0,0x56a0,0x56a0,0x56a0,0x56a0,0x56a0,0x56a0,0x56a0,0x56a0,0x56a0,0x56a0,
		0x56a0,0x56a0,0x56a0,0x56a0,0x56a0,0x56a0,0x56a0,0x56a0,0x56a0,0x56a0,0x56a0,0x56a0,0x56a0,0x56a0,0x56a0,0x56a0,
		0x56a0,0x56a0,0x56a0,0x56a0,0x56a0,0x56a0,0x56a0,0x56a0,0x56a0,0x56a0,0x56a0,0x56a0,0x56a0,0x56a0,0x56a0,0x56a0,
		0x56a0,0x56a0,0x56a0,0x56a0,0x56a0,0x56a0,0x56a0,0x56a0,0x56a0,0x56a0,0x56a0,0x56a0,0x56a0,0x56a0,0x56a0,0x56a0,
		0x56a0,0x56a0,0x56a0,0x56a0,0x56a0,0x56a0,0x56a0,0x56a0,0x56a0,0x56a0,0x56a0,0x56a0,0x56a0,0x56a0,0x56a0,0x56a0,
		0x56a0,0x56a0,0x56a0,0x56a0,0x56a0,0x56a0,0x56a0,0x56a0,0x56a0,0x56a0,0x56a0,0x56a0,0x56a0,0x56a0,0x56a0,0x56a0,
		0x56a0,0x56a0,0x56a0,0x56a0,0x56a0,0x56a0,0x56a0,0x56a0,0x56a0,0x56a0,0x56a0,0x56a0,0x56a0,0x56a0,0x56a0,0x56a0,
		0x56a0,0x56a0,0x56a0,0x56a0,0x56a0,0x56a0,0x56a0,0x56a0,0x56a0,0x56a0,0x56a0,0x56a0,0x56a0,0x56a0,0x56a0,0x56a0,
		0x56a0,0x56a0,0x56a0,0x56a0,0x56a0,0x56a0,0x56a0,0x56a0,0x56a0,0x56a0,0x56a0,0x56a0,0x56a0,0x56a0,0x56a0,0x56a0,
		0x56a0,0x56a0,0x56a0,0x56a0,0x56a0,0x56a0,0x56a0,0x56a0,0x56a0,0x56a0,0x56a0,0x56a0,0x56a0,0x56a0,0x56a0,0x56a0,
		0x56a0,0x56a0,0x56a0,0x56a0,0x56a0,0x56a0,0x56a0,0x56a0,0x56a0,0x56a0,0x56a0,0x56a0,0x56a0,0x56a0,0x56a0,0x56a0,
		0x56a0,0x56a0,0x56a0,0x56a0,0x56a0,0x56a0,0x56a0,0x56a0,0x56a0,0x56a0,0x56a0,0x56a0,0x56a0,0x56a0,0x56a0,0x56a0,
		0x56a0,0x56a0,0x56a0,0x56a0,0x56a0,0x56a0,0x56a0,0x56a0,0x56a0,0x56a0,0x56a0,0x56a0,0x56a0,0x56a0,0x56a0,0x56a0,
		0x56a0,0x56a0,0x56a0,0x56a0,0x56a0,0x56a0,0x56a0,0x56a0,0x56a0,0x56a0,0x56a0,0x56a0,0x56a0,0x56a0,0x56a0,0x56a0,
		0x56a0,0x56a0,0x56a0,0x56a0,0x56a0,0x56a0,0x56a0,0x56a0,0x56a0,0x56a0,0x56a0,0x56a0,0x56a0,0x56a0,0x56a0,0x56a0,
		0x56a0,0x56a0,0x56a0,0x56a0,0x56a0,0x56a0,0x56a0,0x56a0,0x56a0,0x56a0,0x56a0,0x56a0,0x56a0,0x56a0,0x56a0,0x56a0,
		0x56a0,0x56a0,0x56a0,0x56a0,0x56a0,0x56a0,0x56a0,0x56a0,0x56a0,0x56a0,0x56a0,0x56a0,0x56a0,0x56a0,0x56a0,0x56a0,
		0x56a0,0x56a0,0x56a0,0x56a0,0x56a0,0x56a0,0x56a0,0x56a0,0x56a0,0x56a0,0x56a0,0x56a0,0x56a0,0x56a0,0x56a0,0x56a0,
		0x56a0,0x56a0,0x56a0,0x56a0,0x56a0,0x56a0,0x56a0,0x56a0,0x56a0,0x56a0,0x56a0,0x56a0,0x56a0,0x56a0,0x56a0,0x56a0,
		0x56a0,0x56a0,0x56a0,0x56a0,0x56a0,0x56a0,0x56a0,0x56a0,0x56a0,0x56a0,0x56a0,0x56a0,0x56a0,0x56a0,0x56a0,0x56a0,
		0x56a0,0x56a0,0x56a0,0x56a0,0x56a0,0x56a0,0x56a0,0x56a0,0x56a0,0x56a0,0x56a0,0x56a0,0x56a0,0x56a0,0x56a0,0x56a0,
		0x56a0,0x56a0,0x56a0,0x56a0,0x56a0,0x56a0,0x56a0,0x56a0,0x56a0,0x56a0,0x56a0,0x56a0,0x56a0,0x56a0,0x56a0,0x56a0,
		0x56a0,0x56a0,0x56a0,0x56a0,0x56a0,0x56a0,0x56a0,0x56a0,0x56a0,0x56a0,0x56a0,0x56a0,0x56a0,0x56a0,0x56a0,0x56a0,
		0x56a0,0x56a0,0x56a0,0x56a0,0x56a0,0x56a0,0x56a0,0x56a0,0x56a0,0x56a0,0x56a0,0x56a0,0x56a0,0x56a0,0x56a0,0x56a0,
		0x56a0,0x56a0,0x56a0,0x56a0,0x56a0,0x56a0,0x56a0,0x56a0,0x56a0,0x56a0,0x56a0,0x56a0,0x56a0,0x56a0,0x56a0,0x56a0,
		0x56a0,0x56a0,0x56a0,0x56a0,0x56a0,0x56a0,0x56a0,0x56a0,0x56a0,0x56a0,0x56a0,0x56a0,0x56a0,0x56a0,0x56a0,0x56a0,
		0x56a0,0x56a0,0x56a0,0x56a0,0x56a0,0x56a0,0x56a0,0x56a0,0x56a0,0x56a0,0x56a0,0x56a0,0x56a0,0x56a0,0x56a0,0x56a0,
		0x56a0,0x56a0,0x56a0,0x56a0,0x56a0,0x56a0,0x56a0,0x56a0,0x56a0,0x56a0,0x56a0,0x56a0,0x56a0,0x56a0,0x56a0,0x56a0,
		0x56a0,0x56a0,0x56a0,0x56a0,0x56a0,0x56a0,0x56a0,0x56a0,0x56a0,0x56a0,0x56a0,0x56a0,0x56a0,0x56a0,0x56a0,0x56a0,
		0x56a0,0x56a0,0x56a0,0x56a0,0x56a0,0x56a0,0x56a0,0x56a0,0x56a0,0x56a0,0x56a0,0x56a0,0x56a0,0x56a0,0x56a0,0x56a0,
		0x56a0,0x56a0,0x56a0,0x56a0,0x56a0,0x56a0,0x56a0,0x56a0,0x56a0,0x56a0,0x56a0,0x56a0,0x56a0,0x56a0,0x56a0,0x56a0,
		0x56a0,0x56a0,0x56a0,0x56a0,0x56a0,0x56a0,0x56a0,0x56a0,0x56a0,0x56a0,0x56a0,0x56a0,0x56a0,0x56a0,0x56a0,0x56a0,
		0x56a0,0x56a0,0x56a0,0x56a0,0x56a0,0x56a0,0x56a0,0x56a0,0x56a0,0x56a0,0x56a0,0x56a0,0x56a0,0x56a0,0x56a0,0x56a0,
		0x56a0,0x56a0,0x56a0,0x56a0,0x56a0,0x56a0,0x56a0,0x56a0,0x56a0,0x56a0,0x56a0,0x56a0,0x56a0,0x56a0,0x56a0,0x56a0,
		0x56a0,0x56a0,0x56a0,0x56a0,0x56a0,0x56a0,0x56a0,0x56a0,0x56a0,0x56a0,0x56a0,0x56a0,0x56a0,0x56a0,0x56a0,0x56a0,
		0x56a0,0x56a0,0x56a0,0x56a0,0x56a0,0x56a0,0x56a0,0x56a0,0x56a0,0x56a0,0x56a0,0x56a0,0x56a0,0x56a0,0x56a0,0x56a0,
		0x56a0,0x56a0,0x56a0,0x56a0,0x56a0,0x56a0,0x56a0,0x56a0,0x56a0,0x56a0,0x56a0,0x56a0,0x56a0,0x56a0,0x56a0,0x56a0,
		0x56a0,0x56a0,0x56a0,0x56a0,0x56a0,0x56a0,0x56a0,0x56a0,0x56a0,0x56a0,0x56a0,0x56a0,0x56a0,0x56a0,0x56a0,0x56a0,
		0x56a0,0x56a0,0x56a0,0x56a0,0x56a0,0x56a0,0x56a0,0x56a0,0x56a0,0x56a0,0x56a0,0x56a0,0x56a0,0x56a0,0x56a0,0x56a0,
		0x56a0,0x56a0,0x56a0,0x56a0,0x56a0,0x56a0,0x56a0,0x56a0,0x56a0,0x56a0,0x56a0,0x56a0,0x56a0,0x56a0,0x56a0,0x56a0,
		0x56a0,0x56a0,0x56a0,0x56a0,0x56a0,0x56a0,0x56a0,0x56a0,0x56a0,0x56a0,0x56a0,0x56a0,0x56a0,0x56a0,0x56a0,0x56a0,
		0x56a0,0x56a0,0x56a0,0x56a0,0x56a0,0x56a0,0x56a0,0x56a0,0x56a0,0x56a0,0x56a0,0x56a0,0x56a0,0x56a0,0x56a0,0x56a0,
		0x56a0,0x56a0,0x56a0,0x56a0,0x56a0,0x56a0,0x56a0,0x56a0,0x56a0,0x56a0,0x56a0,0x56a0,0x56a0,0x56a0,0x56a0,0x56a0,
		0x56a0,0x56a0,0x56a0,0x56a0,0x56a0,0x56a0,0x56a0,0x56a0,0x56a0,0x56a0,0x56a0,0x56a0,0x56a0,0x56a0,0x56a0,0x56a0,
		0x56a0,0x56a0,0x56a0,0x56a0,0x56a0,0x56a0,0x56a0,0x56a0,0x56a0,0x56a0,0x56a0,0x56a0,0x56a0,0x56a0,0x56a0,0x56a0,
		0x56a0,0x56a0,0x56a0,0x56a0,0x56a0,0x56a0,0x56a0,0x56a0,0x56a0,0x56a0,0x56a0,0x56a0,0x56a0,0x56a0,0x56a0,0x56a0,
		0x56a0,0x56a0,0x56a0,0x56a0,0x56a0,0x56a0,0x56a0,0x56a0,0x56a0,0x56a0,0x56a0,0x56a0,0x56a0,0x56a0,0x56a0,0x56a0,
		0x56a0,0x56a0,0x56a0,0x56a0,0x56a0,0x56a0,0x56a0,0x56a0,0x56a0,0x56a0,0x56a0,0x56a0,0x56a0,0x56a0,0x56a0,0x56a0,
		0x56a0,0x56a0,0x56a0,0x56a0,0x56a0,0x56a0,0x56a0,0x56a0,0x56a0,0x56a0,0x56a0,0x56a0,0x56a0,0x56a0,0x56a0,0x56a0,
		0x56a0,0x56a0,0x56a0,0x56a0,0x56a0,0x56a0,0x56a0,0x56a0,0x56a0,0x56a0,0x56a0,0x56a0,0x56a0,0x56a0,0x56a0,0x56a0,
		0x56a0,0x56a0,0x56a0,0x56a0,0x56a0,0x56a0,0x56a0,0x56a0,0x56a0,0x56a0,0x56a0,0x56a0,0x56a0,0x56a0,0x56a0,0x56a0,
		0x56a0,0x56a0,0x56a0,0x56a0,0x56a0,0x56a0,0x56a0,0x56a0,0x56a0,0x56a0,0x56a0,0x56a0,0x56a0,0x56a0,0x56a0,0x56a0,
		0x56a0,0x56a0,0x56a0,0x56a0,0x56a0,0x56a0,0x56a0,0x56a0,0x56a0,0x56a0,0x56a0,0x56a0,0x56a0,0x56a0,0x56a0,0x56a0,
		0x56a0,0x56a0,0x56a0,0x56a0,0x56a0,0x56a0,0x56a0,0x56a0,0x56a0,0x56a0,0x56a0,0x56a0,0x56a0,0x56a0,0x56a0,0x56a0,
		0x56a0,0x56a0,0x56a0,0x56a0,0x56a0,0x56a0,0x56a0,0x56a0,0x56a0,0x56a0,0x56a0,0x56a0,0x56a0,0x56a0,0x56a0,0x56a0,
		0x56a0,0x56a0,0x56a0,0x56a0,0x56a0,0x56a0,0x56a0,0x56a0,0x56a0,0x56a0,0x56a0,0x56a0,0x56a0,0x56a0,0x56a0,0x56a0,
		0x56a0,0x56a0,0x56a0,0x56a0,0x56a0,0x56a0,0x56a0,0x56a0,0x56a0,0x56a0,0x56a0,0x56a0,0x56a0,0x56a0,0x56a0,0x56a0,
		0x56a0,0x56a0,0x56a0,0x56a0,0x56a0,0x56a0,0x56a0,0x56a0,0x56a0,0x56a0,0x56a0,0x56a0,0x56a0,0x56a0,0x56a0,0x56a0,
		0x56a0,0x56a0,0x56a0,0x56a0,0x56a0,0x56a0,0x56a0,0x56a0,0x56a0,0x56a0,0x56a0,0x56a0,0x56a0,0x56a0,0x56a0,0x56a0,
		0x56a0,0x56a0,0x56a0,0x56a0,0x56a0,0x56a0,0x56a0,0x56a0,0x56a0,0x56a0,0x56a0,0x56a0,0x56a0,0x56a0,0x56a0,0x56a0,
		0x56a0,0x56a0,0x56a0,0x56a0,0x56a0,0x56a0,0x56a0,0x56a0,0x56a0,0x56a0,0x56a0,0x56a0,0x56a0,0x56a0,0x56a0,0x56a0,
		0x56a0,0x56a0,0x56a0,0x56a0,0x56a0,0x56a0,0x56a0,0x56a0,0x56a0,0x56a0,0x56a0,0x56a0,0x56a0,0x56a0,0x56a0,0x56a0,
		0x56a0,0x56a0,0x56a0,0x56a0,0x56a0,0x56a0,0x56a0,0x56a0,0x56a0,0x56a0,0x56a0,0x56a0,0x56a0,0x56a0,0x56a0,0x56a0,
		0x56a0,0x56a0,0x56a0,0x56a0,0x56a0,0x56a0,0x56a0,0x56a0,0x56a0,0x56a0,0x56a0,0x56a0,0x56a0,0x56a0,0x56a0,0x56a0,
		0x56a0,0x56a0,0x56a0,0x56a0,0x56a0,0x56a0,0x56a0,0x56a0,0x56a0,0x56a0,0x56a0,0x56a0,0x56a0,0x56a0,0x56a0,0x56a0,
		0x56a0,0x56a0,0x56a0,0x56a0,0x56a0,0x56a0,0x56a0,0x56a0,0x56a0,0x56a0,0x56a0,0x56a0,0x56a0,0x56a0,0x56a0,0x56a0,
		0x56a0,0x56a0,0x56a0,0x56a0,0x56a0,0x56a0,0x56a0,0x56a0,0x56a0,0x56a0,0x56a0,0x56a0,0x56a0,0x56a0,0x56a0,0x56a0,
		0x56a0,0x56a0,0x56a0,0x56a0,0x56a0,0x56a0,0x56a0,0x56a0,0x56a0,0x56a0,0x56a0,0x56a0,0x56a0,0x56a0,0x56a0,0x56a0,
		0x56a0,0x56a0,0x56a0,0x56a0,0x56a0,0x56a0,0x56a0,0x56a0,0x56a0,0x56a0,0x56a0,0x56a0,0x56a0,0x56a0,0x56a0,0x56a0,
		0x56a0,0x56a0,0x56a0,0x56a0,0x56a0,0x56a0,0x56a0,0x56a0,0x56a0,0x56a0,0x56a0,0x56a0,0x56a0,0x56a0,0x56a0,0x56a0,
		0x56a0,0x56a0,0x56a0,0x56a0,0x56a0,0x56a0,0x56a0,0x56a0,0x56a0,0x56a0,0x56a0,0x56a0,0x56a0,0x56a0,0x56a0,0x56a0,
		0x56a0,0x56a0,0x56a0,0x56a0,0x56a0,0x56a0,0x56a0,0x56a0,0x56a0,0x56a0,0x56a0,0x56a0,0x56a0,0x56a0,0x56a0,0x56a0,
		0x56a0,0x56a0,0x56a0,0x56a0,0x56a0,0x56a0,0x56a0,0x56a0,0x56a0,0x56a0,0x56a0,0x56a0,0x56a0,0x56a0,0x56a0,0x56a0,
		0x56a0,0x56a0,0x56a0,0x56a0,0x56a0,0x56a0,0x56a0,0x56a0,0x56a0,0x56a0,0x56a0,0x56a0,0x56a0,0x56a0,0x56a0,0x56a0,
		0x56a0,0x56a0,0x56a0,0x56a0,0x56a0,0x56a0,0x56a0,0x56a0,0x56a0,0x56a0,0x56a0,0x56a0,0x56a0,0x56a0,0x56a0,0x56a0,
		0x56a0,0x56a0,0x56a0,0x56a0,0x56a0,0x56a0,0x56a0,0x56a0,0x56a0,0x56a0,0x56a0,0x56a0,0x56a0,0x56a0,0x56a0,0x56a0,
		0x56a0,0x56a0,0x56a0,0x56a0,0x56a0,0x56a0,0x56a0,0x56a0,0x56a0,0x56a0,0x56a0,0x56a0,0x56a0,0x56a0,0x56a0,0x56a0,
		0x56a0,0x56a0,0x56a0,0x56a0,0x56a0,0x56a0,0x56a0,0x56a0,0x56a0,0x56a0,0x56a0,0x56a0,0x56a0,0x56a0,0x56a0,0x56a0,
		0x56a0,0x56a0,0x56a0,0x56a0,0x56a0,0x56a0,0x56a0,0x56a0,0x56a0,0x56a0,0x56a0,0x56a0,0x56a0,0x56a0,0x56a0,0x56a0,
		0x56a0,0x56a0,0x56a0,0x56a0,0x56a0,0x56a0,0x56a0,0x56a0,0x56a0,0x56a0,0x56a0,0x56a0,0x56a0,0x56a0,0x56a0,0x56a0,
		0x56a0,0x56a0,0x56a0,0x56a0,0x56a0,0x56a0,0x56a0,0x56a0,0x56a0,0x56a0,0x56a0,0x56a0,0x56a0,0x56a0,0x56a0,0x56a0,
		0x56a0,0x56a0,0x56a0,0x56a0,0x56a0,0x56a0,0x56a0,0x56a0,0x56a0,0x56a0,0x56a0,0x56a0,0x56a0,0x56a0,0x56a0,0x56a0,
		0x56a0,0x56a0,0x56a0,0x56a0,0x56a0,0x56a0,0x56a0,0x56a0,0x56a0,0x56a0,0x56a0,0x56a0,0x56a0,0x56a0,0x56a0,0x56a0,
		0x56a0,0x56a0,0x56a0,0x56a0,0x56a0,0x56a0,0x56a0,0x56a0,0x56a0,0x56a0,0x56a0,0x56a0,0x56a0,0x56a0,0x56a0,0x56a0,
		0x56a0,0x56a0,0x56a0,0x56a0,0x56a0,0x56a0,0x56a0,0x56a0,0x56a0,0x56a0,0x56a0,0x56a0,0x56a0,0x56a0,0x56a0,0x56a0,
		0x56a0,0x56a0,0x56a0,0x56a0,0x56a0,0x56a0,0x56a0,0x56a0,0x56a0,0x56a0,0x56a0,0x56a0,0x56a0,0x56a0,0x56a0,0x56a0,
		0x56a0,0x56a0,0x56a0,0x56a0,0x56a0,0x56a0,0x56a0,0x56a0,0x56a0,0x56a0,0x56a0,0x56a0,0x56a0,0x56a0,0x56a0,0x56a0,
		0x56a0,0x56a0,0x56a0,0x56a0,0x56a0,0x56a0,0x56a0,0x56a0,0x56a0,0x56a0,0x56a0,0x56a0,0x56a0,0x56a0,0x56a0,0x56a0,
		0x56a0,0x56a0,0x56a0,0x56a0,0x56a0,0x56a0,0x56a0,0x56a0,0x56a0,0x56a0,0x56a0,0x56a0,0x56a0,0x56a0,0x56a0,0x56a0,
		0x56a0,0x56a0,0x56a0,0x56a0,0x56a0,0x56a0,0x56a0,0x56a0,0x56a0,0x56a0,0x56a0,0x56a0,0x56a0,0x56a0,0x56a0,0x56a0,
		0x56a0,0x56a0,0x56a0,0x56a0,0x56a0,0x56a0,0x56a0,0x56a0,0x56a0,0x56a0,0x56a0,0x56a0,0x56a0,0x56a0,0x56a0,0x56a0,
		0x56a0,0x56a0,0x56a0,0x56a0,0x56a0,0x56a0,0x56a0,0x56a0,0x56a0,0x56a0,0x56a0,0x56a0,0x56a0,0x56a0,0x56a0,0x56a0,
		0x56a0,0x56a0,0x56a0,0x56a0,0x56a0,0x56a0,0x56a0,0x56a0,0x56a0,0x56a0,0x56a0,0x56a0,0x56a0,0x56a0,0x56a0,0x56a0,
		0x56a0,0x56a0,0x56a0,0x56a0,0x56a0,0x56a0,0x56a0,0x56a0,0x56a0,0x56a0,0x56a0,0x56a0,0x56a0,0x56a0,0x56a0,0x56a0,
		0x56a0,0x56a0,0x56a0,0x56a0,0x56a0,0x56a0,0x56a0,0x56a0,0x56a0,0x56a0,0x56a0,0x56a0,0x56a0,0x56a0,0x56a0,0x56a0,
		0x56a0,0x56a0,0x56a0,0x56a0,0x56a0,0x56a0,0x56a0,0x56a0,0x56a0,0x56a0,0x56a0,0x56a0,0x56a0,0x56a0,0x56a0,0x56a0,
		0x56a0,0x56a0,0x56a0,0x56a0,0x56a0,0x56a0,0x56a0,0x56a0,0x56a0,0x56a0,0x56a0,0x56a0,0x56a0,0x56a0,0x56a0,0x56a0,
		0x56a0,0x56a0,0x56a0,0x56a0,0x56a0,0x56a0,0x56a0,0x56a0,0x56a0,0x56a0,0x56a0,0x56a0,0x56a0,0x56a0,0x56a0,0x56a0,
		0x56a0,0x56a0,0x56a0,0x56a0,0x56a0,0x56a0,0x56a0,0x56a0,0x56a0,0x56a0,0x56a0,0x56a0,0x56a0,0x56a0,0x56a0,0x56a0,
		0x56a0,0x56a0,0x56a0,0x56a0,0x56a0,0x56a0,0x56a0,0x56a0,0x56a0,0x56a0,0x56a0,0x56a0,0x56a0,0x56a0,0x56a0,0x56a0,
		0x56a0,0x56a0,0x56a0,0x56a0,0x56a0,0x56a0,0x56a0,0x56a0,0x56a0,0x56a0,0x56a0,0x56a0,0x56a0,0x56a0,0x56a0,0x56a0,
		0x56a0,0x56a0,0x56a0,0x56a0,0x56a0,0x56a0,0x56a0,0x56a0,0x56a0,0x56a0,0x56a0,0x56a0,0x56a0,0x56a0,0x56a0,0x56a0,
		0x56a0,0x56a0,0x56a0,0x56a0,0x56a0,0x56a0,0x56a0,0x56a0,0x56a0,0x56a0,0x56a0,0x56a0,0x56a0,0x56a0,0x56a0,0x56a0,
		0x56a0,0x56a0,0x56a0,0x56a0,0x56a0,0x56a0,0x56a0,0x56a0,0x56a0,0x56a0,0x56a0,0x56a0,0x56a0,0x56a0,0x56a0,0x56a0,
		0x56a0,0x56a0,0x56a0,0x56a0,0x56a0,0x56a0,0x56a0,0x56a0,0x56a0,0x56a0,0x56a0,0x56a0,0x56a0,0x56a0,0x56a0,0x56a0,
		0x56a0,0x56a0,0x56a0,0x56a0,0x56a0,0x56a0,0x56a0,0x56a0,0x56a0,0x56a0,0x56a0,0x56a0,0x56a0,0x56a0,0x56a0,0x56a0,
		0x56a0,0x56a0,0x56a0,0x56a0,0x56a0,0x56a0,0x56a0,0x56a0,0x56a0,0x56a0,0x56a0,0x56a0,0x56a0,0x56a0,0x56a0,0x56a0,
		0x56a0,0x56a0,0x56a0,0x56a0,0x56a0,0x56a0,0x56a0,0x56a0,0x56a0,0x56a0,0x56a0,0x56a0,0x56a0,0x56a0,0x56a0,0x56a0,
		0x56a0,0x56a0,0x56a0,0x56a0,0x56a0,0x56a0,0x56a0,0x56a0,0x56a0,0x56a0,0x56a0,0x56a0,0x56a0,0x56a0,0x56a0,0x56a0,
		0x56a0,0x56a0,0x56a0,0x56a0,0x56a0,0x56a0,0x56a0,0x56a0,0x56a0,0x56a0,0x56a0,0x56a0,0x56a0,0x56a0,0x56a0,0x56a0,
		0x56a0,0x56a0,0x56a0,0x56a0,0x56a0,0x56a0,0x56a0,0x56a0,0x56a0,0x56a0,0x56a0,0x56a0,0x56a0,0x56a0,0x56a0,0x56a0,
};
